dc_id,dc_name,dc_stix_id,technique_id,technique_name,technique_stix_id,is_subtechnique,det_id,det_name,det_stix_id,relationship_id,relationship_description
DC0001,Scheduled Job Creation,x-mitre-data-component--f42df6f0-6395-4f0c-9376-525a031f00c3,T1020,Automated Exfiltration,attack-pattern--774a3188-6ba9-4dc4-879d-d54ee48a5ce9,False,DET0397,Automated Exfiltration Detection Strategy,x-mitre-detection-strategy--da5ff985-fd0d-438f-8498-c8dc195f741a,relationship--38c1f601-496a-4dcd-8109-176c544ab800,
DC0001,Scheduled Job Creation,x-mitre-data-component--f42df6f0-6395-4f0c-9376-525a031f00c3,T1036.004,Masquerade Task or Service,attack-pattern--7bdca9d5-d500-4d7d-8c52-5fd47baf4c0c,True,DET0117,Detection of Masqueraded Tasks or Services with Suspicious Naming and Execution,x-mitre-detection-strategy--45665335-5bf0-4553-9398-ea40d550cbff,relationship--f0f024f2-b4c2-432e-a3b9-5a2e5ecee53f,
DC0001,Scheduled Job Creation,x-mitre-data-component--f42df6f0-6395-4f0c-9376-525a031f00c3,T1036.005,Match Legitimate Resource Name or Location,attack-pattern--1c4e5d32-1fe9-4116-9d9d-59e3925bd6a2,True,DET0347,Detection Strategy for Masquerading via Legitimate Resource Name or Location,x-mitre-detection-strategy--b667390b-a805-401d-9e02-929204825114,relationship--e4659daa-3a14-4873-a1e3-5dc132420257,
DC0001,Scheduled Job Creation,x-mitre-data-component--f42df6f0-6395-4f0c-9376-525a031f00c3,T1037,Boot or Logon Initialization Scripts,attack-pattern--03259939-0b57-482f-8eb5-87c0e0d54334,False,DET0112,Boot or Logon Initialization Scripts Detection Strategy,x-mitre-detection-strategy--6928b108-f04e-4a9b-bda5-53bb0c64ec9b,relationship--db152098-ded9-4b20-9b0a-0044921dae84,
DC0001,Scheduled Job Creation,x-mitre-data-component--f42df6f0-6395-4f0c-9376-525a031f00c3,T1053,Scheduled Task/Job,attack-pattern--35dd844a-b219-4e2b-a6bb-efa9a75995a9,False,DET0094,Cross-Platform Behavioral Detection of Scheduled Task/Job Abuse,x-mitre-detection-strategy--df11466a-27a2-4cb1-bf73-2a3a4aaee0d9,relationship--9f9f4610-d586-4dff-bbca-282297fd5526,
DC0001,Scheduled Job Creation,x-mitre-data-component--f42df6f0-6395-4f0c-9376-525a031f00c3,T1053.002,At,attack-pattern--f3d95a1f-bba2-44ce-9af7-37866cd63fd0,True,DET0333,Cross-Platform Detection of Scheduled Task/Job Abuse via `at` Utility,x-mitre-detection-strategy--ca20fecb-6b8e-49ae-9ecf-19f4edd812ad,relationship--4928c2f8-a102-4a33-9543-8df8ecb8e806,
DC0001,Scheduled Job Creation,x-mitre-data-component--f42df6f0-6395-4f0c-9376-525a031f00c3,T1053.003,Cron,attack-pattern--2acf44aa-542f-4366-b4eb-55ef5747759c,True,DET0290,Cross-Platform Detection of Cron Job Abuse for Persistence and Execution,x-mitre-detection-strategy--6bab4067-9bfc-4e7f-b7fc-e578acd81e6a,relationship--633a820e-8988-410d-a7ff-40b24f381d74,
DC0001,Scheduled Job Creation,x-mitre-data-component--f42df6f0-6395-4f0c-9376-525a031f00c3,T1053.005,Scheduled Task,attack-pattern--005a06c6-14bf-4118-afa0-ebcd8aebb0c9,True,DET0441,Detection of Suspicious Scheduled Task Creation and Execution on Windows,x-mitre-detection-strategy--c7bdd7d7-19dc-4042-8565-5e0cf4656102,relationship--44fe6cf4-fdb3-4fa9-9855-14f3b59dc984,
DC0001,Scheduled Job Creation,x-mitre-data-component--f42df6f0-6395-4f0c-9376-525a031f00c3,T1053.006,Systemd Timers,attack-pattern--a542bac9-7bc1-4da7-9a09-96f69e23cc21,True,DET0231,Behavioral Detection of Systemd Timer Abuse for Scheduled Execution,x-mitre-detection-strategy--7578b2e3-2b9c-491d-9157-699a4bd6a136,relationship--5d260af9-40a1-45ba-b98f-83abe6d89e42,
DC0001,Scheduled Job Creation,x-mitre-data-component--f42df6f0-6395-4f0c-9376-525a031f00c3,T1053.007,Container Orchestration Job,attack-pattern--1126cab1-c700-412f-a510-61f4937bb096,True,DET0206,Detection of Malicious Kubernetes CronJob Scheduling,x-mitre-detection-strategy--a1e17bbb-73d6-48d5-b0ab-1350189b0ecd,relationship--849ca811-855b-4e53-bb45-540d8746f67d,
DC0001,Scheduled Job Creation,x-mitre-data-component--f42df6f0-6395-4f0c-9376-525a031f00c3,T1070.009,Clear Persistence,attack-pattern--d2c4e5ea-dbdf-4113-805a-b1e2a337fb33,True,DET0040,Detection of Persistence Artifact Removal Across Host Platforms,x-mitre-detection-strategy--80eb76bc-6599-4adf-8d8c-8126e7e63d12,relationship--b1a5df9f-7a6e-48f4-b779-cc11e9db0e24,
DC0001,Scheduled Job Creation,x-mitre-data-component--f42df6f0-6395-4f0c-9376-525a031f00c3,T1124,System Time Discovery,attack-pattern--f3c544dc-673c-4ef3-accb-53229f1ae077,False,DET0151,"Behavior-chain, platform-aware detection strategy for T1124 System Time Discovery",x-mitre-detection-strategy--98ae5e06-7ea5-49b9-b793-7f97b1d306b2,relationship--a471c195-dbf1-4c84-a314-393189769d31,
DC0001,Scheduled Job Creation,x-mitre-data-component--f42df6f0-6395-4f0c-9376-525a031f00c3,T1496.001,Compute Hijacking,attack-pattern--a718a0c8-5768-41a1-9958-a1cc3f995e99,True,DET0540,Multi-Platform Behavioral Detection for Compute Hijacking,x-mitre-detection-strategy--be288974-9b74-41c1-8c43-66aef169255a,relationship--9176ca84-16bf-4a60-bce5-ffa6093c8145,
DC0001,Scheduled Job Creation,x-mitre-data-component--f42df6f0-6395-4f0c-9376-525a031f00c3,T1505,Server Software Component,attack-pattern--d456de47-a16f-4e46-8980-e67478a12dcb,False,DET0547,Detection Strategy for T1505 - Server Software Component,x-mitre-detection-strategy--27b606f9-dde4-456c-8d90-51289313994f,relationship--18790331-6ac1-4274-b7ef-129b7c4b1c7c,
DC0001,Scheduled Job Creation,x-mitre-data-component--f42df6f0-6395-4f0c-9376-525a031f00c3,T1546,Event Triggered Execution,attack-pattern--b6301b64-ef57-4cce-bb0b-77026f14a8db,False,DET0010,Behavioral Detection of Event Triggered Execution Across Platforms,x-mitre-detection-strategy--c5e3823f-5ee0-43db-b6fa-b63d6587b24c,relationship--e6a8c456-3c2e-44a6-8614-b5c3e7cb4d98,
DC0002,User Account Authentication,x-mitre-data-component--a953ca55-921a-44f7-9b8d-3d40141aa17e,T1040,Network Sniffing,attack-pattern--3257eb21-f9a7-4430-8de1-d8b6e288f529,False,DET0314,Detection Strategy for Network Sniffing Across Platforms,x-mitre-detection-strategy--49505f6d-b778-4a84-a072-9236b700e7b5,relationship--0dcf6c3b-b899-4ee4-99ad-cad56967f9ca,
DC0002,User Account Authentication,x-mitre-data-component--a953ca55-921a-44f7-9b8d-3d40141aa17e,T1059,Command and Scripting Interpreter,attack-pattern--7385dfaf-6886-4229-9ecd-6fd678040830,False,DET0516,Behavioral Detection of Command and Scripting Interpreter Abuse,x-mitre-detection-strategy--8582f5e6-44a5-4950-b7e8-a3e1b6d58d63,relationship--51b6dafa-da43-4f59-aea4-30caa3a10005,
DC0002,User Account Authentication,x-mitre-data-component--a953ca55-921a-44f7-9b8d-3d40141aa17e,T1059.008,Network Device CLI,attack-pattern--818302b2-d640-477b-bf88-873120ce85c4,True,DET0142,Behavioral Detection of CLI Abuse on Network Devices,x-mitre-detection-strategy--ca871237-8615-47b7-9981-92d1d920d346,relationship--a99a0154-fa87-46e6-a681-2e179827b4e1,
DC0002,User Account Authentication,x-mitre-data-component--a953ca55-921a-44f7-9b8d-3d40141aa17e,T1059.009,Cloud API,attack-pattern--55bb4471-ff1f-43b4-88c1-c9384ec47abf,True,DET0078,Behavioral Detection of Malicious Cloud API Scripting,x-mitre-detection-strategy--e7bd0f37-f2cf-4e3c-a9c1-c41f63b67e1c,relationship--a26146c9-0c9f-4668-972c-ad607ea1ab0f,
DC0002,User Account Authentication,x-mitre-data-component--a953ca55-921a-44f7-9b8d-3d40141aa17e,T1059.012,Hypervisor CLI,attack-pattern--d2d642da-61ff-4211-b4df-7923c9ca220c,True,DET0558,Detection Strategy for ESXi Hypervisor CLI Abuse,x-mitre-detection-strategy--5307b508-28e8-44c6-9487-212ccd3ab86c,relationship--bc324ee7-e55e-4edd-9f35-fc1a406f9f68,
DC0002,User Account Authentication,x-mitre-data-component--a953ca55-921a-44f7-9b8d-3d40141aa17e,T1078,Valid Accounts,attack-pattern--b17a1a56-e99c-403c-8948-561df0cffe81,False,DET0560,Detection of Valid Account Abuse Across Platforms,x-mitre-detection-strategy--a6245075-b59f-46cf-8b76-e8d95c378a22,relationship--1b5cdb10-15a7-48ac-ab23-33edf7ef5602,
DC0002,User Account Authentication,x-mitre-data-component--a953ca55-921a-44f7-9b8d-3d40141aa17e,T1078.001,Default Accounts,attack-pattern--6151cbea-819b-455a-9fa6-99a1cc58797d,True,DET0465,Detection of Default Account Abuse Across Platforms,x-mitre-detection-strategy--cff5ca37-cc4a-431c-b481-d0ccabbf6980,relationship--373bb9b1-c8ef-4614-b1a4-9e3eefa27a1a,
DC0002,User Account Authentication,x-mitre-data-component--a953ca55-921a-44f7-9b8d-3d40141aa17e,T1078.002,Domain Accounts,attack-pattern--c3d4bdd9-2cfe-4a80-9d0c-07a29ecdce8f,True,DET0210,Abuse of Domain Accounts,x-mitre-detection-strategy--ba7a75c6-fcf5-4f36-8908-1fe1c30f690f,relationship--cdb2c6c0-057a-4865-bcd2-8bbaa39e5d55,
DC0002,User Account Authentication,x-mitre-data-component--a953ca55-921a-44f7-9b8d-3d40141aa17e,T1078.003,Local Accounts,attack-pattern--fdc47f44-dd32-4b99-af5f-209f556f63c2,True,DET0407,Detection of Local Account Abuse for Initial Access and Persistence,x-mitre-detection-strategy--b045b89e-3095-41c3-a04d-d40075f14cd8,relationship--2f51d6e5-68fe-426c-931c-e33b5bdc3289,
DC0002,User Account Authentication,x-mitre-data-component--a953ca55-921a-44f7-9b8d-3d40141aa17e,T1078.004,Cloud Accounts,attack-pattern--f232fa7a-025c-4d43-abc7-318e81a73d65,True,DET0546,Detection of Abused or Compromised Cloud Accounts for Access and Persistence,x-mitre-detection-strategy--a1a9e316-145a-4744-a594-7decc23c543d,relationship--c5962368-c8b3-4270-822c-dd3f1afe1d01,
DC0002,User Account Authentication,x-mitre-data-component--a953ca55-921a-44f7-9b8d-3d40141aa17e,T1087.003,Email Account,attack-pattern--4bc31b94-045b-4752-8920-aebaebdb6470,True,DET0229,Enumeration of Global Address Lists via Email Account Discovery,x-mitre-detection-strategy--e2f961bd-ddc5-4940-bc62-e2b0bd3405f8,relationship--5b441a2e-73b1-4397-9f56-66f642dd26e7,
DC0002,User Account Authentication,x-mitre-data-component--a953ca55-921a-44f7-9b8d-3d40141aa17e,T1087.004,Cloud Account,attack-pattern--8f104855-e5b7-4077-b1f5-bc3103b41abe,True,DET0386,"Cloud Account Enumeration via API, CLI, and Scripting Interfaces",x-mitre-detection-strategy--880c0a88-bbd5-4d71-b8bd-72fbab7d58b2,relationship--4804e967-8bec-4016-ac4c-fc697216d445,
DC0002,User Account Authentication,x-mitre-data-component--a953ca55-921a-44f7-9b8d-3d40141aa17e,T1110,Brute Force,attack-pattern--a93494bb-4b80-4ea1-8695-3236a49916fd,False,DET0463,Brute Force Authentication Failures with Multi-Platform Log Correlation,x-mitre-detection-strategy--1439efe8-4d10-4ce8-8727-458db69bae85,relationship--5cf10b86-166a-4ff1-8b30-715bf232b540,
DC0002,User Account Authentication,x-mitre-data-component--a953ca55-921a-44f7-9b8d-3d40141aa17e,T1110.001,Password Guessing,attack-pattern--09c4c11e-4fa1-4f8c-8dad-3cf8e69ad119,True,DET0551,Password Guessing via Multi-Source Authentication Failure Correlation,x-mitre-detection-strategy--b3ce3826-401f-4549-92ce-c825b4ddafb0,relationship--371ec2aa-7498-4e77-8bfe-bb97f04a15f9,
DC0002,User Account Authentication,x-mitre-data-component--a953ca55-921a-44f7-9b8d-3d40141aa17e,T1110.002,Password Cracking,attack-pattern--1d24cdee-9ea2-4189-b08e-af110bf2435d,True,DET0105,Post-Credential Dump Password Cracking Detection via Suspicious File Access and Hash Analysis Tools,x-mitre-detection-strategy--ee07e9eb-8438-4c7c-8260-88a09fbe98de,relationship--4656281a-1d49-4b06-9470-dc81d50dc5fc,
DC0002,User Account Authentication,x-mitre-data-component--a953ca55-921a-44f7-9b8d-3d40141aa17e,T1110.003,Password Spraying,attack-pattern--692074ae-bb62-4a5e-a735-02cb6bde458c,True,DET0487,Distributed Password Spraying via Authentication Failures Across Multiple Accounts,x-mitre-detection-strategy--84dfca59-e541-48a8-bb95-d7581a8f48d2,relationship--aff15269-2b23-4e7e-8fc7-8ab27dace6cc,
DC0002,User Account Authentication,x-mitre-data-component--a953ca55-921a-44f7-9b8d-3d40141aa17e,T1110.004,Credential Stuffing,attack-pattern--b2d03cea-aec1-45ca-9744-9ee583c1e1cc,True,DET0460,Credential Stuffing Detection via Reused Breached Credentials Across Services,x-mitre-detection-strategy--630ea167-088b-4958-ac19-0fc59310e262,relationship--8c32190d-245e-4990-bdc5-be16623a435a,
DC0002,User Account Authentication,x-mitre-data-component--a953ca55-921a-44f7-9b8d-3d40141aa17e,T1119,Automated Collection,attack-pattern--30208d3e-0d6b-43c8-883e-44462a514619,False,DET0186,Automated File and API Collection Detection Across Platforms,x-mitre-detection-strategy--5e9a51b5-7e4a-4e78-a1ba-215ce937c877,relationship--e2b97df1-c2d4-4c7d-a96a-907aa01c855f,
DC0002,User Account Authentication,x-mitre-data-component--a953ca55-921a-44f7-9b8d-3d40141aa17e,T1124,System Time Discovery,attack-pattern--f3c544dc-673c-4ef3-accb-53229f1ae077,False,DET0151,"Behavior-chain, platform-aware detection strategy for T1124 System Time Discovery",x-mitre-detection-strategy--98ae5e06-7ea5-49b9-b793-7f97b1d306b2,relationship--a471c195-dbf1-4c84-a314-393189769d31,
DC0002,User Account Authentication,x-mitre-data-component--a953ca55-921a-44f7-9b8d-3d40141aa17e,T1132,Data Encoding,attack-pattern--cc7b8c4e-9be0-47ca-b0bb-83915ec3ee2f,False,DET0108,Detection Strategy for Data Encoding in C2 Channels,x-mitre-detection-strategy--d7106707-eee8-443f-b106-e7eff58a739e,relationship--ebab4fe1-721f-40f5-9d24-cd8744bdc151,
DC0002,User Account Authentication,x-mitre-data-component--a953ca55-921a-44f7-9b8d-3d40141aa17e,T1133,External Remote Services,attack-pattern--10d51417-ee35-4589-b1ff-b6df1c334e8d,False,DET0354,"Behavior-chain detection for T1133 External Remote Services across Windows, Linux, macOS, Containers",x-mitre-detection-strategy--e9833c3c-b5ec-421b-bab4-91f74c2b6bd1,relationship--0b58aa79-627a-4d83-84ab-fb924e5f77e1,
DC0002,User Account Authentication,x-mitre-data-component--a953ca55-921a-44f7-9b8d-3d40141aa17e,T1136.002,Domain Account,attack-pattern--7610cada-1499-41a4-b3dd-46467b68d177,True,DET0003,T1136.002 Detection Strategy - Domain Account Creation Across Platforms,x-mitre-detection-strategy--aae40136-73f7-45e8-a37f-104ae7155bbe,relationship--140e6844-f9bb-4e31-bb57-370d1fd830f3,
DC0002,User Account Authentication,x-mitre-data-component--a953ca55-921a-44f7-9b8d-3d40141aa17e,T1136.003,Cloud Account,attack-pattern--a009cb25-4801-4116-9105-80a91cf15c1b,True,DET0319,"Detection Strategy for T1136.003 - Cloud Account Creation across IaaS, IdP, SaaS, Office",x-mitre-detection-strategy--7ad75a00-94f0-4deb-8642-df227a2a8ac6,relationship--e46022f8-1786-4f05-a64e-547c92b38bae,
DC0002,User Account Authentication,x-mitre-data-component--a953ca55-921a-44f7-9b8d-3d40141aa17e,T1189,Drive-by Compromise,attack-pattern--d742a578-d70e-4d0e-96a6-02a9c30204e6,False,DET0176,"Drive-by Compromise — Behavior-based, Multi-platform Detection Strategy (T1189)",x-mitre-detection-strategy--a070f9d2-3480-4362-99b3-8b36f5be0189,relationship--65f2dd08-9e93-4599-ad36-0a8d6ef742e3,
DC0002,User Account Authentication,x-mitre-data-component--a953ca55-921a-44f7-9b8d-3d40141aa17e,T1212,Exploitation for Credential Access,attack-pattern--9c306d8d-cde7-4b4c-b6e8-d0bb16caca36,False,DET0174,Detection Strategy for Exploitation for Credential Access,x-mitre-detection-strategy--13a856f3-66b2-4ab7-b73f-2a26e712e77f,relationship--dd04f99b-5d2b-4e1c-a4e5-3f48aaea895d,
DC0002,User Account Authentication,x-mitre-data-component--a953ca55-921a-44f7-9b8d-3d40141aa17e,T1480,Execution Guardrails,attack-pattern--853c4192-4311-43e1-bfbb-b11b14911852,False,DET0562,Multi-Platform Execution Guardrails Environmental Validation Detection Strategy,x-mitre-detection-strategy--99bdd6d6-ebef-40e2-83d2-2f39408c82e3,relationship--d1b82c9a-003e-4eb2-b34d-d2b2dbbebe19,
DC0002,User Account Authentication,x-mitre-data-component--a953ca55-921a-44f7-9b8d-3d40141aa17e,T1484,Domain or Tenant Policy Modification,attack-pattern--ebb42bbe-62d7-47d7-a55f-3b08b61d792d,False,DET0270,Detection of Domain or Tenant Policy Modifications via AD and Identity Provider,x-mitre-detection-strategy--3eb428c7-5192-4ae2-a5a3-022ca9695ec8,relationship--e92bcd91-5617-4283-ba1e-bc100d897064,
DC0002,User Account Authentication,x-mitre-data-component--a953ca55-921a-44f7-9b8d-3d40141aa17e,T1496.003,SMS Pumping,attack-pattern--130d4494-b2d6-4040-bcea-6e59f05222fe,True,DET0156,Detection Strategy for Resource Hijacking: SMS Pumping via SaaS Application Logs,x-mitre-detection-strategy--9c36b7a8-22bb-4420-a8ac-8e46ddef5674,relationship--3c88d345-0f5d-4b12-98d6-3fdb32f9aae7,
DC0002,User Account Authentication,x-mitre-data-component--a953ca55-921a-44f7-9b8d-3d40141aa17e,T1528,Steal Application Access Token,attack-pattern--890c9858-598c-401d-a4d5-c67ebcdd703a,False,DET0515,Detection Strategy for T1528 - Steal Application Access Token,x-mitre-detection-strategy--58bdb4c6-510b-4ffc-9703-852614116ac8,relationship--ba18f273-c399-46e3-be3e-205d1140f8d6,
DC0002,User Account Authentication,x-mitre-data-component--a953ca55-921a-44f7-9b8d-3d40141aa17e,T1530,Data from Cloud Storage,attack-pattern--3298ce88-1628-43b1-87d9-0b5336b193d7,False,DET0484,Multi-Platform Cloud Storage Exfiltration Behavior Chain,x-mitre-detection-strategy--1177cbb7-bc00-4a36-8774-d51b7b3c66e9,relationship--5a06a041-1cfe-4276-ba47-de008a6f56a3,
DC0002,User Account Authentication,x-mitre-data-component--a953ca55-921a-44f7-9b8d-3d40141aa17e,T1531,Account Access Removal,attack-pattern--b24e2a20-3b3d-4bf0-823b-1ed765398fb0,False,DET0120,Account Access Removal via Multi-Platform Audit Correlation,x-mitre-detection-strategy--655a8556-c82d-4148-b52a-7bc48fe7ce20,relationship--5f0be570-0bb8-4d1a-913c-9fe95e22ea9b,
DC0002,User Account Authentication,x-mitre-data-component--a953ca55-921a-44f7-9b8d-3d40141aa17e,T1534,Internal Spearphishing,attack-pattern--9e7452df-5144-4b6e-b04a-b66dd4016747,False,DET0054,Internal Spearphishing via Trusted Accounts,x-mitre-detection-strategy--acc27d20-8aad-42ce-b928-6cda3c22e51b,relationship--6e565457-f873-40b8-aa6a-b1b59f31a47a,
DC0002,User Account Authentication,x-mitre-data-component--a953ca55-921a-44f7-9b8d-3d40141aa17e,T1538,Cloud Service Dashboard,attack-pattern--e49920b0-6c54-40c1-9571-73723653205f,False,DET0291,Detection of Cloud Service Dashboard Usage via GUI-Based Cloud Access,x-mitre-detection-strategy--e2bf0a76-b5e4-4a23-adbb-024454f5dbdc,relationship--3773ce57-ad3c-47ae-8484-6a42338dddf4,
DC0002,User Account Authentication,x-mitre-data-component--a953ca55-921a-44f7-9b8d-3d40141aa17e,T1539,Steal Web Session Cookie,attack-pattern--10ffac09-e42d-4f56-ab20-db94c67d76ff,False,DET0509,"Detection of Web Session Cookie Theft via File, Memory, and Network Artifacts",x-mitre-detection-strategy--26fdbcb2-abc1-4844-8e5d-2c6039336cb7,relationship--e664a59e-9529-43cd-bac0-0ff1ced6a41f,
DC0002,User Account Authentication,x-mitre-data-component--a953ca55-921a-44f7-9b8d-3d40141aa17e,T1548.004,Elevated Execution with Prompt,attack-pattern--b84903f0-c7d5-435d-a69e-de47cc3578c0,True,DET0395,macOS AuthorizationExecuteWithPrivileges Elevation Prompt Detection,x-mitre-detection-strategy--2dd0f2ef-2c31-4b11-a507-91067bb61787,relationship--2d0b8891-2763-4370-bb63-6f41dfcdd965,
DC0002,User Account Authentication,x-mitre-data-component--a953ca55-921a-44f7-9b8d-3d40141aa17e,T1548.005,Temporary Elevated Cloud Access,attack-pattern--6fa224c7-5091-4595-bf15-3fc9fe2f2c7c,True,DET0393,Detection Strategy for Temporary Elevated Cloud Access Abuse (T1548.005),x-mitre-detection-strategy--210a0dee-7c4b-4948-80ed-67c3e04886c2,relationship--0a7998f6-19aa-40f6-af2b-ca799786c601,
DC0002,User Account Authentication,x-mitre-data-component--a953ca55-921a-44f7-9b8d-3d40141aa17e,T1550,Use Alternate Authentication Material,attack-pattern--51a14c76-dd3b-440b-9c20-2bf91d25a814,False,DET0338,Behavioral Detection Strategy for Use Alternate Authentication Material (T1550),x-mitre-detection-strategy--2b666abc-e642-4f40-abec-36bd48f1f15c,relationship--a152e0f1-2588-4c93-aeb8-78a596e153e0,
DC0002,User Account Authentication,x-mitre-data-component--a953ca55-921a-44f7-9b8d-3d40141aa17e,T1550.001,Application Access Token,attack-pattern--f005e783-57d4-4837-88ad-dbe7faee1c51,True,DET0185,Behavioral Detection Strategy for Use Alternate Authentication Material: Application Access Token (T1550.001),x-mitre-detection-strategy--afdf49f9-905d-49e4-9e42-5726f35e87e4,relationship--0e9e47fe-32f5-4f5f-ba27-fae27c9f7664,
DC0002,User Account Authentication,x-mitre-data-component--a953ca55-921a-44f7-9b8d-3d40141aa17e,T1550.003,Pass the Ticket,attack-pattern--7b211ac6-c815-4189-93a9-ab415deca926,True,DET0352,Detection Strategy for T1550.003 - Pass the Ticket (Windows),x-mitre-detection-strategy--5f53739d-3a41-4f7e-a83d-219a0c64e7a1,relationship--8c7004e4-8b41-436a-91e5-6b026eeaf062,
DC0002,User Account Authentication,x-mitre-data-component--a953ca55-921a-44f7-9b8d-3d40141aa17e,T1550.004,Web Session Cookie,attack-pattern--c3c8c916-2f3c-4e71-94b2-240bdfc996f0,True,DET0074,Detect Use of Stolen Web Session Cookies Across Platforms,x-mitre-detection-strategy--8d30c115-84f7-4fcc-ba22-96cb092d8114,relationship--c954ce9b-4575-438d-8298-ed4294aed9b7,
DC0002,User Account Authentication,x-mitre-data-component--a953ca55-921a-44f7-9b8d-3d40141aa17e,T1552,Unsecured Credentials,attack-pattern--435dfb86-2697-4867-85b5-2fef496c0517,False,DET0412,Detect Access or Search for Unsecured Credentials Across Platforms,x-mitre-detection-strategy--d1912fbc-aaac-4bb1-82f1-0713280ca9a1,relationship--9a673d77-b594-4115-9ffa-b1b38cf6de18,
DC0002,User Account Authentication,x-mitre-data-component--a953ca55-921a-44f7-9b8d-3d40141aa17e,T1552.007,Container API,attack-pattern--f8ef3a62-3f44-40a4-abca-761ab235c436,True,DET0198,Detect Abuse of Container APIs for Credential Access,x-mitre-detection-strategy--8ca072de-1c09-4e19-acd2-e4228681030c,relationship--5f89a15d-ac8b-49ab-9410-dbc9f5931f05,
DC0002,User Account Authentication,x-mitre-data-component--a953ca55-921a-44f7-9b8d-3d40141aa17e,T1552.008,Chat Messages,attack-pattern--9664ad0e-789e-40ac-82e2-d7b17fbe8fb3,True,DET0111,Detect Unsecured Credentials Shared in Chat Messages,x-mitre-detection-strategy--a9b4dd72-07f2-4fd5-b46b-2fe9f6945f14,relationship--3835701f-3809-45a4-91d4-569fc9e70ef9,
DC0002,User Account Authentication,x-mitre-data-component--a953ca55-921a-44f7-9b8d-3d40141aa17e,T1556.004,Network Device Authentication,attack-pattern--fa44a152-ac48-441e-a524-dd7b04b8adcd,True,DET0272,Detect Modification of Network Device Authentication via Patched System Images,x-mitre-detection-strategy--8a9ce0df-e256-4739-8db5-3e850e102e48,relationship--21d51911-648d-4d48-b0e4-52dcbb639c8c,
DC0002,User Account Authentication,x-mitre-data-component--a953ca55-921a-44f7-9b8d-3d40141aa17e,T1556.006,Multi-Factor Authentication,attack-pattern--b4409cd8-0da9-46e1-a401-a241afd4d1cc,True,DET0190,Detect MFA Modification or Disabling Across Platforms,x-mitre-detection-strategy--eccad822-4f5b-4337-8c8b-825cf617f853,relationship--0cf350af-0fc3-4584-9e84-0af50eb17eca,
DC0002,User Account Authentication,x-mitre-data-component--a953ca55-921a-44f7-9b8d-3d40141aa17e,T1561,Disk Wipe,attack-pattern--1988cc35-ced8-4dad-b2d1-7628488fa967,False,DET0137,Detection Strategy for Disk Wipe via Direct Disk Access and Destructive Commands,x-mitre-detection-strategy--da01afef-b769-4d31-964d-901fabaf6a8f,relationship--30219ee2-161b-4e3d-8190-b79069b8764f,
DC0002,User Account Authentication,x-mitre-data-component--a953ca55-921a-44f7-9b8d-3d40141aa17e,T1561.001,Disk Content Wipe,attack-pattern--fb640c43-aa6b-431e-a961-a279010424ac,True,DET0316,Detection Strategy for Disk Content Wipe via Direct Access and Overwrite,x-mitre-detection-strategy--3a016ed2-47e0-414b-b90e-a44d1437354e,relationship--bd2a2912-3948-4c1e-aeb6-cee23227a6ca,
DC0002,User Account Authentication,x-mitre-data-component--a953ca55-921a-44f7-9b8d-3d40141aa17e,T1561.002,Disk Structure Wipe,attack-pattern--0af0ca99-357d-4ba1-805f-674fdfb7bef9,True,DET0297,Detection Strategy for Disk Structure Wipe via Boot/Partition Overwrite,x-mitre-detection-strategy--1dd8a02b-b447-48ed-a146-ad955c9b2dc1,relationship--c70c05f4-d7bc-47a1-b077-f6f11fca564b,
DC0002,User Account Authentication,x-mitre-data-component--a953ca55-921a-44f7-9b8d-3d40141aa17e,T1602.002,Network Device Configuration Dump,attack-pattern--52759bf1-fe12-4052-ace6-c5b0cf7dd7fd,True,DET0233,Detection Strategy for Network Device Configuration Dump via Config Repositories,x-mitre-detection-strategy--f3bc6ce9-29ad-4ad4-813c-1a4176b5c7a2,relationship--353de2e5-f6d0-4fc4-9fca-a8a7f1178346,
DC0002,User Account Authentication,x-mitre-data-component--a953ca55-921a-44f7-9b8d-3d40141aa17e,T1606.002,SAML Tokens,attack-pattern--1f9c2bae-b441-4f66-a8af-b65946ee72f2,True,DET0148,Detection Strategy for Forged SAML Tokens,x-mitre-detection-strategy--b6d7d7cb-b56f-4095-b3ac-21147b0123e5,relationship--4c734725-c97f-437b-952d-f94f9dba8f05,
DC0002,User Account Authentication,x-mitre-data-component--a953ca55-921a-44f7-9b8d-3d40141aa17e,T1621,Multi-Factor Authentication Request Generation,attack-pattern--954a1639-f2d6-407d-aef3-4917622ca493,False,DET0160,Detection Strategy for Multi-Factor Authentication Request Generation (T1621),x-mitre-detection-strategy--5dab1bc7-89e2-4fe4-ae30-40b550d0daf4,relationship--3061a5d3-7c23-41ff-bc7e-7cd916b4bfc7,
DC0002,User Account Authentication,x-mitre-data-component--a953ca55-921a-44f7-9b8d-3d40141aa17e,T1669,Wi-Fi Networks,attack-pattern--fde016f6-211a-41c8-a4ab-301f1e419c62,False,DET0536,Detection Strategy for Wi-Fi Networks,x-mitre-detection-strategy--f9c29db2-8790-4255-957f-9a02f1d8d024,relationship--f5fef0bf-a8a0-41e2-b46a-71255836928d,
DC0002,User Account Authentication,x-mitre-data-component--a953ca55-921a-44f7-9b8d-3d40141aa17e,T1680,Local Storage Discovery,attack-pattern--f2514ae4-4e9b-4f26-a5ba-c4ae85fe93c3,False,DET0188,Local Storage Discovery via Drive Enumeration and Filesystem Probing,x-mitre-detection-strategy--8c3d7757-f3ab-4c1d-95e1-f712cdecd5a3,relationship--3dc43a6d-8862-4a4f-92c4-b3776539a19b,
DC0003,Malware Metadata,x-mitre-data-component--93a6e38c-02a5-44d8-9035-b2e08459f31f,T1587,Develop Capabilities,attack-pattern--edadea33-549c-4ed1-9783-8f5a5853cbdf,False,DET0853,Detection of Develop Capabilities,x-mitre-detection-strategy--7ad9b54d-cd23-4ec3-a5b2-db5e58e82a02,relationship--3df2d4e2-f5f0-4c63-9d8f-d70b5722fe70,
DC0003,Malware Metadata,x-mitre-data-component--93a6e38c-02a5-44d8-9035-b2e08459f31f,T1587.001,Malware,attack-pattern--212306d8-efa4-44c9-8c2d-ed3d2e224aa0,True,DET0872,Detection of Malware,x-mitre-detection-strategy--04f78d17-4599-4ecd-9a8f-f221ab2759cc,relationship--0ed03b6e-a40c-433c-b1fb-e01bf175745c,
DC0003,Malware Metadata,x-mitre-data-component--93a6e38c-02a5-44d8-9035-b2e08459f31f,T1587.002,Code Signing Certificates,attack-pattern--34b3f738-bd64-40e5-a112-29b0542bc8bf,True,DET0833,Detection of Code Signing Certificates,x-mitre-detection-strategy--c8a4587f-6fa1-4a94-844b-ee731f1c33be,relationship--c5f04cb4-823b-4c63-80ed-3c7d98ff2c71,
DC0003,Malware Metadata,x-mitre-data-component--93a6e38c-02a5-44d8-9035-b2e08459f31f,T1588,Obtain Capabilities,attack-pattern--ce0687a0-e692-4b77-964a-0784a8e54ff1,False,DET0850,Detection of Obtain Capabilities,x-mitre-detection-strategy--4e940cf7-b024-40d4-8b1f-f516588b08fa,relationship--ff6ff6a3-7bdf-449c-ac49-04e76dc389c5,
DC0003,Malware Metadata,x-mitre-data-component--93a6e38c-02a5-44d8-9035-b2e08459f31f,T1588.001,Malware,attack-pattern--7807d3a4-a885-4639-a786-c1ed41484970,True,DET0845,Detection of Malware,x-mitre-detection-strategy--5c228796-349e-4d7e-a3ca-51a5f8cbf294,relationship--1b9709b9-5472-48a1-a480-49126cd0f21d,
DC0003,Malware Metadata,x-mitre-data-component--93a6e38c-02a5-44d8-9035-b2e08459f31f,T1588.002,Tool,attack-pattern--a2fdce72-04b2-409a-ac10-cc1695f4fce0,True,DET0852,Detection of Tool,x-mitre-detection-strategy--cb821d3c-ede3-43a4-915b-f779b04318f6,relationship--ab7717d6-6b2c-456b-9d73-bdaa552a2cf6,
DC0003,Malware Metadata,x-mitre-data-component--93a6e38c-02a5-44d8-9035-b2e08459f31f,T1588.003,Code Signing Certificates,attack-pattern--e7cbc1de-1f79-48ee-abfd-da1241c65a15,True,DET0875,Detection of Code Signing Certificates,x-mitre-detection-strategy--1e8c8a62-9546-4323-a561-83e9fad94fa0,relationship--f05ef52f-c0e2-434f-a298-6a0daf7be73f,
DC0004,Firmware Modification,x-mitre-data-component--b9d031bb-d150-4fc6-8025-688201bf3ffd,T1056.001,Keylogging,attack-pattern--09a60ea3-a8d1-4ae5-976e-5783248b72a4,True,DET0089,Behavioral Detection of Keylogging Activity Across Platforms,x-mitre-detection-strategy--fe0d7d82-1575-4685-9a4f-4bf83e0227a0,relationship--4ebf6dc6-2daf-42e3-8fc3-4f6d5ac4d63d,
DC0004,Firmware Modification,x-mitre-data-component--b9d031bb-d150-4fc6-8025-688201bf3ffd,T1090.003,Multi-hop Proxy,attack-pattern--a782ebe2-daba-42c7-bc82-e8e9d923162d,True,DET0359,"Multi-hop Proxy Behavior via Relay Node Chaining, Onion Routing, and Network Tunneling",x-mitre-detection-strategy--407286ed-c904-412a-9f2d-7426ea7304a4,relationship--393a41c9-3c31-4325-9af0-c7601db3cc77,
DC0004,Firmware Modification,x-mitre-data-component--b9d031bb-d150-4fc6-8025-688201bf3ffd,T1495,Firmware Corruption,attack-pattern--f5bb433e-bdf6-4781-84bc-35e97e43be89,False,DET0167,Firmware Modification via Flash Tool or Corrupted Firmware Upload,x-mitre-detection-strategy--ab9027fb-3499-474b-845c-50ee113c3be5,relationship--6279c298-4e08-4cef-89e1-5f90acb2e78e,
DC0004,Firmware Modification,x-mitre-data-component--b9d031bb-d150-4fc6-8025-688201bf3ffd,T1542,Pre-OS Boot,attack-pattern--7f0ca133-88c4-40c6-a62f-b3083a7fbc2e,False,DET0278,Detection Strategy for T1542 Pre-OS Boot,x-mitre-detection-strategy--abf6c96c-09f3-4bea-a5b7-1177f99881bc,relationship--31295488-09cd-4a34-a7e1-88f47fdef79e,
DC0004,Firmware Modification,x-mitre-data-component--b9d031bb-d150-4fc6-8025-688201bf3ffd,T1542.001,System Firmware,attack-pattern--16ab6452-c3c1-497c-a47d-206018ca1ada,True,DET0099,Detection Strategy for T1542.001 Pre-OS Boot: System Firmware,x-mitre-detection-strategy--e90ab093-47a3-4c05-80b1-1919d2362ea9,relationship--46511214-e1d1-416e-b480-64c32350994b,
DC0004,Firmware Modification,x-mitre-data-component--b9d031bb-d150-4fc6-8025-688201bf3ffd,T1542.002,Component Firmware,attack-pattern--791481f8-e96a-41be-b089-a088763083d4,True,DET0323,Detection Strategy for T1542.002 Pre-OS Boot: Component Firmware,x-mitre-detection-strategy--a53d62ae-b269-45e8-9937-17def4e28663,relationship--28026ef4-8afc-4b5b-bc3f-6fc45bb0eea6,
DC0004,Firmware Modification,x-mitre-data-component--b9d031bb-d150-4fc6-8025-688201bf3ffd,T1542.004,ROMMONkit,attack-pattern--a6557c75-798f-42e4-be70-ab4502e0a3bc,True,DET0175,Detection Strategy for T1542.004 Pre-OS Boot: ROMMONkit,x-mitre-detection-strategy--c3924c07-255d-4df9-8357-a47e68c04bbb,relationship--99ff6f4d-187b-4e52-8ad6-b9e471ae96fb,
DC0004,Firmware Modification,x-mitre-data-component--b9d031bb-d150-4fc6-8025-688201bf3ffd,T1542.005,TFTP Boot,attack-pattern--28abec6c-4443-4b03-8206-07f2e264a6b4,True,DET0582,Detection Strategy for T1542.005 Pre-OS Boot: TFTP Boot,x-mitre-detection-strategy--8f6ddd50-aeb8-48ae-8f4a-83b314829ca3,relationship--916d2916-f484-4d91-a454-1822f0b39769,
DC0004,Firmware Modification,x-mitre-data-component--b9d031bb-d150-4fc6-8025-688201bf3ffd,T1564.005,Hidden File System,attack-pattern--dfebc3b7-d19d-450b-81c7-6dafe4184c04,True,DET0461,Detection Strategy for Hidden File System Abuse,x-mitre-detection-strategy--82c31276-f916-4d67-be83-f09534c0c77e,relationship--d311635f-0633-404f-9535-51ee87662507,
DC0004,Firmware Modification,x-mitre-data-component--b9d031bb-d150-4fc6-8025-688201bf3ffd,T1601.001,Patch System Image,attack-pattern--d245808a-7086-4310-984a-a84aaaa43f8f,True,DET0469,Detection Strategy for Patch System Image on Network Devices,x-mitre-detection-strategy--ca16d7e8-77f3-4d0c-88a3-31696224ed67,relationship--ce9ce398-22ae-42da-93c4-591f51cd8d62,
DC0005,Scheduled Job Metadata,x-mitre-data-component--7b375092-3a61-448d-900a-77c9a4bde4dc,T1029,Scheduled Transfer,attack-pattern--4eeaf8a9-c86b-4954-a663-9555fb406466,False,DET0399,Detection Strategy for Scheduled Transfer and Recurrent Exfiltration Patterns,x-mitre-detection-strategy--3ec6ad13-f3d6-4eb2-91fe-6ee5266d1447,relationship--7e72a636-f8c4-449d-b508-db4910fc497c,
DC0005,Scheduled Job Metadata,x-mitre-data-component--7b375092-3a61-448d-900a-77c9a4bde4dc,T1036.004,Masquerade Task or Service,attack-pattern--7bdca9d5-d500-4d7d-8c52-5fd47baf4c0c,True,DET0117,Detection of Masqueraded Tasks or Services with Suspicious Naming and Execution,x-mitre-detection-strategy--45665335-5bf0-4553-9398-ea40d550cbff,relationship--f0f024f2-b4c2-432e-a3b9-5a2e5ecee53f,
DC0005,Scheduled Job Metadata,x-mitre-data-component--7b375092-3a61-448d-900a-77c9a4bde4dc,T1124,System Time Discovery,attack-pattern--f3c544dc-673c-4ef3-accb-53229f1ae077,False,DET0151,"Behavior-chain, platform-aware detection strategy for T1124 System Time Discovery",x-mitre-detection-strategy--98ae5e06-7ea5-49b9-b793-7f97b1d306b2,relationship--a471c195-dbf1-4c84-a314-393189769d31,
DC0006,Web Credential Creation,x-mitre-data-component--5f7c9def-0ddf-423b-b1f8-fb2ddeed0ce3,T1606,Forge Web Credentials,attack-pattern--94cb00a4-b295-4d06-aa2b-5653b9c1be9c,False,DET0260,Detection Strategy for Forged Web Credentials,x-mitre-detection-strategy--44f32d03-50ce-480f-b531-481bcc6dc0a8,relationship--8f9b23a3-d06f-4be8-9073-86cbc90b2164,
DC0006,Web Credential Creation,x-mitre-data-component--5f7c9def-0ddf-423b-b1f8-fb2ddeed0ce3,T1606.002,SAML Tokens,attack-pattern--1f9c2bae-b441-4f66-a8af-b65946ee72f2,True,DET0148,Detection Strategy for Forged SAML Tokens,x-mitre-detection-strategy--b6d7d7cb-b56f-4095-b3ac-21147b0123e5,relationship--4c734725-c97f-437b-952d-f94f9dba8f05,
DC0007,Web Credential Usage,x-mitre-data-component--ff93f688-d7a4-49cf-9c79-a14454da8428,T1550,Use Alternate Authentication Material,attack-pattern--51a14c76-dd3b-440b-9c20-2bf91d25a814,False,DET0338,Behavioral Detection Strategy for Use Alternate Authentication Material (T1550),x-mitre-detection-strategy--2b666abc-e642-4f40-abec-36bd48f1f15c,relationship--a152e0f1-2588-4c93-aeb8-78a596e153e0,
DC0007,Web Credential Usage,x-mitre-data-component--ff93f688-d7a4-49cf-9c79-a14454da8428,T1550.001,Application Access Token,attack-pattern--f005e783-57d4-4837-88ad-dbe7faee1c51,True,DET0185,Behavioral Detection Strategy for Use Alternate Authentication Material: Application Access Token (T1550.001),x-mitre-detection-strategy--afdf49f9-905d-49e4-9e42-5726f35e87e4,relationship--0e9e47fe-32f5-4f5f-ba27-fae27c9f7664,
DC0007,Web Credential Usage,x-mitre-data-component--ff93f688-d7a4-49cf-9c79-a14454da8428,T1550.004,Web Session Cookie,attack-pattern--c3c8c916-2f3c-4e71-94b2-240bdfc996f0,True,DET0074,Detect Use of Stolen Web Session Cookies Across Platforms,x-mitre-detection-strategy--8d30c115-84f7-4fcc-ba22-96cb092d8114,relationship--c954ce9b-4575-438d-8298-ed4294aed9b7,
DC0007,Web Credential Usage,x-mitre-data-component--ff93f688-d7a4-49cf-9c79-a14454da8428,T1606,Forge Web Credentials,attack-pattern--94cb00a4-b295-4d06-aa2b-5653b9c1be9c,False,DET0260,Detection Strategy for Forged Web Credentials,x-mitre-detection-strategy--44f32d03-50ce-480f-b531-481bcc6dc0a8,relationship--8f9b23a3-d06f-4be8-9073-86cbc90b2164,
DC0007,Web Credential Usage,x-mitre-data-component--ff93f688-d7a4-49cf-9c79-a14454da8428,T1606.001,Web Cookies,attack-pattern--861b8fd2-57f3-4ee1-ab5d-c19c3b8c7a4a,True,DET0171,Detection Strategy for Forged Web Cookies,x-mitre-detection-strategy--e1854c9f-2b70-4311-9a46-a420f6c0b6d0,relationship--a5166ebe-100e-4cae-abc9-2065c1d3bcd6,
DC0007,Web Credential Usage,x-mitre-data-component--ff93f688-d7a4-49cf-9c79-a14454da8428,T1606.002,SAML Tokens,attack-pattern--1f9c2bae-b441-4f66-a8af-b65946ee72f2,True,DET0148,Detection Strategy for Forged SAML Tokens,x-mitre-detection-strategy--b6d7d7cb-b56f-4095-b3ac-21147b0123e5,relationship--4c734725-c97f-437b-952d-f94f9dba8f05,
DC0008,WMI Creation,x-mitre-data-component--05645013-2fed-4066-8bdc-626b2e201dd4,T1027.011,Fileless Storage,attack-pattern--02c5abff-30bf-4703-ab92-1f6072fae939,True,DET0344,"Detection Strategy for Fileless Storage via Registry, WMI, and Shared Memory",x-mitre-detection-strategy--aea09aae-c0c3-4453-aa44-ea0153e5cb8c,relationship--46d67e25-2b9d-4848-b251-9c885658d80e,
DC0008,WMI Creation,x-mitre-data-component--05645013-2fed-4066-8bdc-626b2e201dd4,T1047,Windows Management Instrumentation,attack-pattern--01a5a209-b94c-450b-b7f9-946497d91055,False,DET0364,Behavioral Detection Strategy for WMI Execution Abuse on Windows,x-mitre-detection-strategy--8374a5e5-6d9f-4896-9546-a4d998188ac5,relationship--a1cc84bd-b7b2-40a8-a2d9-dc61fcde3cd1,
DC0008,WMI Creation,x-mitre-data-component--05645013-2fed-4066-8bdc-626b2e201dd4,T1222.001,Windows File and Directory Permissions Modification,attack-pattern--34e793de-0274-4982-9c1a-246ed1c19dee,True,DET0418,Windows DACL Manipulation Behavioral Chain Detection Strategy,x-mitre-detection-strategy--a1b25828-57bf-470c-8f47-8ad4e1f6bbdb,relationship--6f2a1b10-44ce-4ce5-bf9a-7af20837ff10,
DC0008,WMI Creation,x-mitre-data-component--05645013-2fed-4066-8bdc-626b2e201dd4,T1480,Execution Guardrails,attack-pattern--853c4192-4311-43e1-bfbb-b11b14911852,False,DET0562,Multi-Platform Execution Guardrails Environmental Validation Detection Strategy,x-mitre-detection-strategy--99bdd6d6-ebef-40e2-83d2-2f39408c82e3,relationship--d1b82c9a-003e-4eb2-b34d-d2b2dbbebe19,
DC0008,WMI Creation,x-mitre-data-component--05645013-2fed-4066-8bdc-626b2e201dd4,T1480.001,Environmental Keying,attack-pattern--f244b8dd-af6c-4391-a497-fc03627ce995,True,DET0474,Environmental Keying Discovery-to-Decryption Behavioral Chain Detection Strategy,x-mitre-detection-strategy--a59f4a44-d581-4026-802d-5dc5c0c9f7d5,relationship--a7c4fd3b-02cd-496d-a633-a9cd23eb8115,
DC0008,WMI Creation,x-mitre-data-component--05645013-2fed-4066-8bdc-626b2e201dd4,T1546,Event Triggered Execution,attack-pattern--b6301b64-ef57-4cce-bb0b-77026f14a8db,False,DET0010,Behavioral Detection of Event Triggered Execution Across Platforms,x-mitre-detection-strategy--c5e3823f-5ee0-43db-b6fa-b63d6587b24c,relationship--e6a8c456-3c2e-44a6-8614-b5c3e7cb4d98,
DC0008,WMI Creation,x-mitre-data-component--05645013-2fed-4066-8bdc-626b2e201dd4,T1546.003,Windows Management Instrumentation Event Subscription,attack-pattern--910906dd-8c0a-475a-9cc1-5e029e2fad58,True,DET0086,Detect WMI Event Subscription for Persistence via WmiPrvSE Process and MOF Compilation,x-mitre-detection-strategy--99e60eb7-f2fa-4423-8c51-29832cd6e7ef,relationship--93e031d7-4097-4f3e-8a4e-357c2bfc0e23,
DC0009,User Account Deletion,x-mitre-data-component--d6257b8e-869c-41c0-8731-fdca40858a91,T1070.009,Clear Persistence,attack-pattern--d2c4e5ea-dbdf-4113-805a-b1e2a337fb33,True,DET0040,Detection of Persistence Artifact Removal Across Host Platforms,x-mitre-detection-strategy--80eb76bc-6599-4adf-8d8c-8126e7e63d12,relationship--b1a5df9f-7a6e-48f4-b779-cc11e9db0e24,
DC0009,User Account Deletion,x-mitre-data-component--d6257b8e-869c-41c0-8731-fdca40858a91,T1531,Account Access Removal,attack-pattern--b24e2a20-3b3d-4bf0-823b-1ed765398fb0,False,DET0120,Account Access Removal via Multi-Platform Audit Correlation,x-mitre-detection-strategy--655a8556-c82d-4148-b52a-7bc48fe7ce20,relationship--5f0be570-0bb8-4d1a-913c-9fe95e22ea9b,
DC0010,User Account Modification,x-mitre-data-component--d27b0089-2c39-4b6c-84ff-303e48657e77,T1036.010,Masquerade Account Name,attack-pattern--d349c66e-18e1-4d8b-a2d7-65af7cbd2ba0,True,DET0383,Detection Strategy for Masquerading via Account Name Similarity,x-mitre-detection-strategy--f1f9b6fc-a261-4bcf-a0c0-3ae42cdc28fc,relationship--8a466394-34b7-4836-9876-70dfeb30836d,
DC0010,User Account Modification,x-mitre-data-component--d27b0089-2c39-4b6c-84ff-303e48657e77,T1098,Account Manipulation,attack-pattern--a10641f4-87b4-45a3-a906-92a149cb2c27,False,DET0096,Account Manipulation Behavior Chain Detection,x-mitre-detection-strategy--d6c4cc3b-6875-4288-8193-bf4c864560ab,relationship--94a27c31-1cda-4987-b42b-ed1868631177,
DC0010,User Account Modification,x-mitre-data-component--d27b0089-2c39-4b6c-84ff-303e48657e77,T1098.001,Additional Cloud Credentials,attack-pattern--8a2f40cf-8325-47f9-96e4-b1ca4c7389bd,True,DET0531,Detection Strategy for Additional Cloud Credentials in IaaS/IdP/SaaS,x-mitre-detection-strategy--cd0c92f4-2345-40ae-aa73-ccc1eb78eb14,relationship--85dee7db-0312-4c51-96bd-c064afe86a68,
DC0010,User Account Modification,x-mitre-data-component--d27b0089-2c39-4b6c-84ff-303e48657e77,T1098.002,Additional Email Delegate Permissions,attack-pattern--e74de37c-a829-446c-937d-56a44f0e9306,True,DET0373,Detection Strategy for Addition of Email Delegate Permissions,x-mitre-detection-strategy--679edb0f-4fa0-4929-9ffd-881d9f82263d,relationship--9520178c-83f2-495e-84ef-d1f6205d34b0,
DC0010,User Account Modification,x-mitre-data-component--d27b0089-2c39-4b6c-84ff-303e48657e77,T1098.003,Additional Cloud Roles,attack-pattern--2dbbdcd5-92cf-44c0-aea2-fe24783a6bc3,True,DET0277,Detection Strategy for Role Addition to Cloud Accounts,x-mitre-detection-strategy--264a9ce0-b26f-4cc6-bdf4-384b0d188a95,relationship--e4834704-14fb-4236-b349-084d9059cfbc,
DC0010,User Account Modification,x-mitre-data-component--d27b0089-2c39-4b6c-84ff-303e48657e77,T1098.005,Device Registration,attack-pattern--7decb26c-715c-40cf-b7e0-026f7d7cc215,True,DET0036,Suspicious Device Registration via Entra ID or MFA Platform,x-mitre-detection-strategy--bbeacdc8-c14c-44f1-9ace-fc8282a05c67,relationship--83c459ce-fb4e-4422-818c-f3900ee39297,
DC0010,User Account Modification,x-mitre-data-component--d27b0089-2c39-4b6c-84ff-303e48657e77,T1098.006,Additional Container Cluster Roles,attack-pattern--35d30338-5bfa-41b0-a170-ec06dfd75f64,True,DET0572,Suspicious RoleBinding or ClusterRoleBinding Assignment in Kubernetes,x-mitre-detection-strategy--7c27cb31-4806-479f-a07b-900450236a57,relationship--0f766ce0-f259-48ce-bab7-4f7e03539caf,
DC0010,User Account Modification,x-mitre-data-component--d27b0089-2c39-4b6c-84ff-303e48657e77,T1098.007,Additional Local or Domain Groups,attack-pattern--3e6831b2-bf4c-4ae6-b328-2e7c6633b291,True,DET0310,Suspicious Addition to Local or Domain Groups,x-mitre-detection-strategy--13233865-3b73-4065-a056-43fcd6eb6ed5,relationship--03bbd5b8-e26b-4308-add0-d36a48575b95,
DC0010,User Account Modification,x-mitre-data-component--d27b0089-2c39-4b6c-84ff-303e48657e77,T1136,Create Account,attack-pattern--e01be9c5-e763-4caf-aeb7-000b416aef67,False,DET0583,Detection Strategy for T1136 - Create Account across platforms,x-mitre-detection-strategy--552bacaa-9df5-4c95-83de-a7d1948003b5,relationship--bd9b60eb-dc7a-4806-b882-040b17e4f5b4,
DC0010,User Account Modification,x-mitre-data-component--d27b0089-2c39-4b6c-84ff-303e48657e77,T1136.003,Cloud Account,attack-pattern--a009cb25-4801-4116-9105-80a91cf15c1b,True,DET0319,"Detection Strategy for T1136.003 - Cloud Account Creation across IaaS, IdP, SaaS, Office",x-mitre-detection-strategy--7ad75a00-94f0-4deb-8642-df227a2a8ac6,relationship--e46022f8-1786-4f05-a64e-547c92b38bae,
DC0010,User Account Modification,x-mitre-data-component--d27b0089-2c39-4b6c-84ff-303e48657e77,T1137,Office Application Startup,attack-pattern--2c4d4e92-0ccf-4a97-b54c-86d662988a53,False,DET0398,"Detect Office Startup-Based Persistence via Macros, Forms, and Registry Hooks",x-mitre-detection-strategy--71a8576b-c9ef-4485-b461-d706fd757a67,relationship--0feff064-74a2-4323-bce0-7b67d0002b39,
DC0010,User Account Modification,x-mitre-data-component--d27b0089-2c39-4b6c-84ff-303e48657e77,T1484.001,Group Policy Modification,attack-pattern--5d2be8b9-d24c-4e98-83bf-2f5f79477163,True,DET0305,Detection of Group Policy Modifications via AD Object Changes and File Activity,x-mitre-detection-strategy--7aa7d45f-64da-4f16-a905-b4881da82c62,relationship--a2e44357-a86a-4fe6-8f7f-d06558c6930e,
DC0010,User Account Modification,x-mitre-data-component--d27b0089-2c39-4b6c-84ff-303e48657e77,T1484.002,Trust Modification,attack-pattern--24769ab5-14bd-4f4e-a752-cfb185da53ee,True,DET0458,Detection of Trust Relationship Modifications in Domain or Tenant Policies,x-mitre-detection-strategy--9e93c9d8-3e37-45ae-88d5-12914d98ba5a,relationship--9bf2d865-47fe-447d-b49f-1cfbcb92feca,
DC0010,User Account Modification,x-mitre-data-component--d27b0089-2c39-4b6c-84ff-303e48657e77,T1491.001,Internal Defacement,attack-pattern--8c41090b-aa47-4331-986b-8c9a51a91103,True,DET0082,Internal Website and System Content Defacement via UI or Messaging Modifications,x-mitre-detection-strategy--c8b4a2e4-386f-45b3-b32a-8ca4113e5592,relationship--0222a8bd-9f8c-45f0-9d1b-cb0a2bd3c408,
DC0010,User Account Modification,x-mitre-data-component--d27b0089-2c39-4b6c-84ff-303e48657e77,T1531,Account Access Removal,attack-pattern--b24e2a20-3b3d-4bf0-823b-1ed765398fb0,False,DET0120,Account Access Removal via Multi-Platform Audit Correlation,x-mitre-detection-strategy--655a8556-c82d-4148-b52a-7bc48fe7ce20,relationship--5f0be570-0bb8-4d1a-913c-9fe95e22ea9b,
DC0010,User Account Modification,x-mitre-data-component--d27b0089-2c39-4b6c-84ff-303e48657e77,T1548,Abuse Elevation Control Mechanism,attack-pattern--67720091-eee3-4d2d-ae16-8264567f6f5b,False,DET0345,Detection Strategy for Abuse Elevation Control Mechanism (T1548),x-mitre-detection-strategy--9646aa18-4ebf-43c8-bf4c-670063bc5ef8,relationship--6c4a90f8-082b-4b90-9e8a-e0e900f94923,
DC0010,User Account Modification,x-mitre-data-component--d27b0089-2c39-4b6c-84ff-303e48657e77,T1556,Modify Authentication Process,attack-pattern--f4c1826f-a322-41cd-9557-562100848c84,False,DET0104,Detect Modification of Authentication Processes Across Platforms,x-mitre-detection-strategy--d51dd574-9171-4c46-89bc-0e3bb1178dfe,relationship--d071af46-206b-4ad4-994a-a4ffb350676e,
DC0010,User Account Modification,x-mitre-data-component--d27b0089-2c39-4b6c-84ff-303e48657e77,T1556.006,Multi-Factor Authentication,attack-pattern--b4409cd8-0da9-46e1-a401-a241afd4d1cc,True,DET0190,Detect MFA Modification or Disabling Across Platforms,x-mitre-detection-strategy--eccad822-4f5b-4337-8c8b-825cf617f853,relationship--0cf350af-0fc3-4584-9e84-0af50eb17eca,
DC0010,User Account Modification,x-mitre-data-component--d27b0089-2c39-4b6c-84ff-303e48657e77,T1556.007,Hybrid Identity,attack-pattern--54ca26f3-c172-4231-93e5-ccebcac2161f,True,DET0293,Detect Hybrid Identity Authentication Process Modification,x-mitre-detection-strategy--6b681059-99f7-46ff-bd36-96fd414074d4,relationship--80b99ad7-0121-409f-b307-46074c6e8c0b,
DC0010,User Account Modification,x-mitre-data-component--d27b0089-2c39-4b6c-84ff-303e48657e77,T1562,Impair Defenses,attack-pattern--3d333250-30e4-4a82-9edc-756c68afc529,False,DET0317,Detection Strategy for Impair Defenses Across Platforms,x-mitre-detection-strategy--e8e88bcd-0294-48d2-bd3c-0408814f4a69,relationship--d959e68e-9ed8-4e86-814a-4a0df15c0448,
DC0010,User Account Modification,x-mitre-data-component--d27b0089-2c39-4b6c-84ff-303e48657e77,T1562.008,Disable or Modify Cloud Logs,attack-pattern--cacc40da-4c9e-462c-80d5-fd70a178b12d,True,DET0289,Detection Strategy for Disable or Modify Cloud Logs,x-mitre-detection-strategy--f0190654-2eda-42a7-9a4d-6edc95aada02,relationship--b0c6242f-7df1-4574-8812-12249c883f7b,
DC0011,Malware Content,x-mitre-data-component--167b48f7-76e9-4fcb-9e8d-7121f7bf56c3,T1587,Develop Capabilities,attack-pattern--edadea33-549c-4ed1-9783-8f5a5853cbdf,False,DET0853,Detection of Develop Capabilities,x-mitre-detection-strategy--7ad9b54d-cd23-4ec3-a5b2-db5e58e82a02,relationship--3df2d4e2-f5f0-4c63-9d8f-d70b5722fe70,
DC0011,Malware Content,x-mitre-data-component--167b48f7-76e9-4fcb-9e8d-7121f7bf56c3,T1587.001,Malware,attack-pattern--212306d8-efa4-44c9-8c2d-ed3d2e224aa0,True,DET0872,Detection of Malware,x-mitre-detection-strategy--04f78d17-4599-4ecd-9a8f-f221ab2759cc,relationship--0ed03b6e-a40c-433c-b1fb-e01bf175745c,
DC0011,Malware Content,x-mitre-data-component--167b48f7-76e9-4fcb-9e8d-7121f7bf56c3,T1588,Obtain Capabilities,attack-pattern--ce0687a0-e692-4b77-964a-0784a8e54ff1,False,DET0850,Detection of Obtain Capabilities,x-mitre-detection-strategy--4e940cf7-b024-40d4-8b1f-f516588b08fa,relationship--ff6ff6a3-7bdf-449c-ac49-04e76dc389c5,
DC0011,Malware Content,x-mitre-data-component--167b48f7-76e9-4fcb-9e8d-7121f7bf56c3,T1588.001,Malware,attack-pattern--7807d3a4-a885-4639-a786-c1ed41484970,True,DET0845,Detection of Malware,x-mitre-detection-strategy--5c228796-349e-4d7e-a3ca-51a5f8cbf294,relationship--1b9709b9-5472-48a1-a480-49126cd0f21d,
DC0012,Scheduled Job Modification,x-mitre-data-component--faa34cf6-cf32-4dc9-bd6a-8f7a606ff65b,T1036.004,Masquerade Task or Service,attack-pattern--7bdca9d5-d500-4d7d-8c52-5fd47baf4c0c,True,DET0117,Detection of Masqueraded Tasks or Services with Suspicious Naming and Execution,x-mitre-detection-strategy--45665335-5bf0-4553-9398-ea40d550cbff,relationship--f0f024f2-b4c2-432e-a3b9-5a2e5ecee53f,
DC0012,Scheduled Job Modification,x-mitre-data-component--faa34cf6-cf32-4dc9-bd6a-8f7a606ff65b,T1053.005,Scheduled Task,attack-pattern--005a06c6-14bf-4118-afa0-ebcd8aebb0c9,True,DET0441,Detection of Suspicious Scheduled Task Creation and Execution on Windows,x-mitre-detection-strategy--c7bdd7d7-19dc-4042-8565-5e0cf4656102,relationship--44fe6cf4-fdb3-4fa9-9855-14f3b59dc984,
DC0012,Scheduled Job Modification,x-mitre-data-component--faa34cf6-cf32-4dc9-bd6a-8f7a606ff65b,T1070,Indicator Removal,attack-pattern--799ace7f-e227-4411-baa0-8868704f2a69,False,DET0184,Behavioral Detection of Indicator Removal Across Platforms,x-mitre-detection-strategy--7225a3bd-f235-4c13-a236-3c6b9a3d445c,relationship--9b0ed970-db3e-4239-92dc-51c509d6a9c6,
DC0013,User Account Metadata,x-mitre-data-component--b5d0492b-cda4-421c-8e51-ed2b8d85c5d0,T1003.001,LSASS Memory,attack-pattern--65f2d882-3f41-4d48-8a06-29af77ec9f90,True,DET0363,Detection of Credential Dumping from LSASS Memory via Access and Dump Sequence,x-mitre-detection-strategy--793c70fb-bc7a-4a77-95aa-7b0c583f10b4,relationship--7740826e-65ad-4fa8-853a-c4f09ed81f5f,
DC0013,User Account Metadata,x-mitre-data-component--b5d0492b-cda4-421c-8e51-ed2b8d85c5d0,T1036.010,Masquerade Account Name,attack-pattern--d349c66e-18e1-4d8b-a2d7-65af7cbd2ba0,True,DET0383,Detection Strategy for Masquerading via Account Name Similarity,x-mitre-detection-strategy--f1f9b6fc-a261-4bcf-a0c0-3ae42cdc28fc,relationship--8a466394-34b7-4836-9876-70dfeb30836d,
DC0013,User Account Metadata,x-mitre-data-component--b5d0492b-cda4-421c-8e51-ed2b8d85c5d0,T1087,Account Discovery,attack-pattern--72b74d71-8169-42aa-92e0-e7b04b9f5a08,False,DET0587,Enumeration of User or Account Information Across Platforms,x-mitre-detection-strategy--fdda430c-e4f6-43ce-95d6-0f97253ff6a2,relationship--6977ce04-33d6-4080-8e9c-ac61a4a48dfa,
DC0013,User Account Metadata,x-mitre-data-component--b5d0492b-cda4-421c-8e51-ed2b8d85c5d0,T1087.001,Local Account,attack-pattern--25659dd6-ea12-45c4-97e6-381e3e4b593e,True,DET0303,Local Account Enumeration Across Host Platforms,x-mitre-detection-strategy--21ad7ddc-77f6-422b-8e0c-c82e184e0ad0,relationship--560a5271-afb1-483f-b45d-ecb5245d44ba,
DC0013,User Account Metadata,x-mitre-data-component--b5d0492b-cda4-421c-8e51-ed2b8d85c5d0,T1087.003,Email Account,attack-pattern--4bc31b94-045b-4752-8920-aebaebdb6470,True,DET0229,Enumeration of Global Address Lists via Email Account Discovery,x-mitre-detection-strategy--e2f961bd-ddc5-4940-bc62-e2b0bd3405f8,relationship--5b441a2e-73b1-4397-9f56-66f642dd26e7,
DC0013,User Account Metadata,x-mitre-data-component--b5d0492b-cda4-421c-8e51-ed2b8d85c5d0,T1087.004,Cloud Account,attack-pattern--8f104855-e5b7-4077-b1f5-bc3103b41abe,True,DET0386,"Cloud Account Enumeration via API, CLI, and Scripting Interfaces",x-mitre-detection-strategy--880c0a88-bbd5-4d71-b8bd-72fbab7d58b2,relationship--4804e967-8bec-4016-ac4c-fc697216d445,
DC0013,User Account Metadata,x-mitre-data-component--b5d0492b-cda4-421c-8e51-ed2b8d85c5d0,T1134.005,SID-History Injection,attack-pattern--b7dc639b-24cd-482d-a7f1-8897eda21023,True,DET0136,Behavior-chain detection for T1134.005 Access Token Manipulation: SID-History Injection (Windows),x-mitre-detection-strategy--d32792e2-f927-492b-91bf-ac478cf64868,relationship--c38f2585-064d-4dd7-803b-0354512d492a,
DC0013,User Account Metadata,x-mitre-data-component--b5d0492b-cda4-421c-8e51-ed2b8d85c5d0,T1185,Browser Session Hijacking,attack-pattern--544b0346-29ad-41e1-a808-501bb4193f47,False,DET0507,"Detect browser session hijacking via privilege, handle access, and remote thread into browsers",x-mitre-detection-strategy--759a29fb-8697-46f7-baa3-a891b28c064e,relationship--88d75e64-5f13-4017-a635-9a52e3458bb2,
DC0013,User Account Metadata,x-mitre-data-component--b5d0492b-cda4-421c-8e51-ed2b8d85c5d0,T1189,Drive-by Compromise,attack-pattern--d742a578-d70e-4d0e-96a6-02a9c30204e6,False,DET0176,"Drive-by Compromise — Behavior-based, Multi-platform Detection Strategy (T1189)",x-mitre-detection-strategy--a070f9d2-3480-4362-99b3-8b36f5be0189,relationship--65f2dd08-9e93-4599-ad36-0a8d6ef742e3,
DC0013,User Account Metadata,x-mitre-data-component--b5d0492b-cda4-421c-8e51-ed2b8d85c5d0,T1201,Password Policy Discovery,attack-pattern--b6075259-dba3-44e9-87c7-e954f37ec0d5,False,DET0161,Password Policy Discovery – cross-platform behavior-chain analytics,x-mitre-detection-strategy--72742281-7457-4124-a277-7f3cf5e23f4e,relationship--61c33856-75d9-403c-a31c-e7ef853f0796,
DC0013,User Account Metadata,x-mitre-data-component--b5d0492b-cda4-421c-8e51-ed2b8d85c5d0,T1496.004,Cloud Service Hijacking,attack-pattern--924d273c-be0d-4d8d-af58-2dddb15ef1e2,True,DET0147,Detection Strategy for Cloud Service Hijacking via SaaS Abuse,x-mitre-detection-strategy--e769419e-39f6-478d-97b8-cf0672fa635b,relationship--c353975a-cce4-4166-b632-f74f7e57c956,
DC0013,User Account Metadata,x-mitre-data-component--b5d0492b-cda4-421c-8e51-ed2b8d85c5d0,T1526,Cloud Service Discovery,attack-pattern--e24fcba8-2557-4442-a139-1ee2f2e784db,False,DET0402,Detection Strategy for Cloud Service Discovery,x-mitre-detection-strategy--a9351ea0-8379-47cd-a5c5-c5cf424249ef,relationship--a3610e91-2e89-4205-b285-adcccd7c3974,
DC0013,User Account Metadata,x-mitre-data-component--b5d0492b-cda4-421c-8e51-ed2b8d85c5d0,T1530,Data from Cloud Storage,attack-pattern--3298ce88-1628-43b1-87d9-0b5336b193d7,False,DET0484,Multi-Platform Cloud Storage Exfiltration Behavior Chain,x-mitre-detection-strategy--1177cbb7-bc00-4a36-8774-d51b7b3c66e9,relationship--5a06a041-1cfe-4276-ba47-de008a6f56a3,
DC0013,User Account Metadata,x-mitre-data-component--b5d0492b-cda4-421c-8e51-ed2b8d85c5d0,T1535,Unused/Unsupported Cloud Regions,attack-pattern--59bd0dec-f8b2-4b9a-9141-37a1e6899761,False,DET0247,Detection of Adversary Use of Unused or Unsupported Cloud Regions (IaaS),x-mitre-detection-strategy--ec3e5f66-a2b8-48ae-9adf-eb4f5014ba70,relationship--17601081-e7e7-4d81-9bb1-d7101c7619ed,
DC0013,User Account Metadata,x-mitre-data-component--b5d0492b-cda4-421c-8e51-ed2b8d85c5d0,T1548.005,Temporary Elevated Cloud Access,attack-pattern--6fa224c7-5091-4595-bf15-3fc9fe2f2c7c,True,DET0393,Detection Strategy for Temporary Elevated Cloud Access Abuse (T1548.005),x-mitre-detection-strategy--210a0dee-7c4b-4948-80ed-67c3e04886c2,relationship--0a7998f6-19aa-40f6-af2b-ca799786c601,
DC0013,User Account Metadata,x-mitre-data-component--b5d0492b-cda4-421c-8e51-ed2b8d85c5d0,T1550,Use Alternate Authentication Material,attack-pattern--51a14c76-dd3b-440b-9c20-2bf91d25a814,False,DET0338,Behavioral Detection Strategy for Use Alternate Authentication Material (T1550),x-mitre-detection-strategy--2b666abc-e642-4f40-abec-36bd48f1f15c,relationship--a152e0f1-2588-4c93-aeb8-78a596e153e0,
DC0013,User Account Metadata,x-mitre-data-component--b5d0492b-cda4-421c-8e51-ed2b8d85c5d0,T1561,Disk Wipe,attack-pattern--1988cc35-ced8-4dad-b2d1-7628488fa967,False,DET0137,Detection Strategy for Disk Wipe via Direct Disk Access and Destructive Commands,x-mitre-detection-strategy--da01afef-b769-4d31-964d-901fabaf6a8f,relationship--30219ee2-161b-4e3d-8190-b79069b8764f,
DC0013,User Account Metadata,x-mitre-data-component--b5d0492b-cda4-421c-8e51-ed2b8d85c5d0,T1561.001,Disk Content Wipe,attack-pattern--fb640c43-aa6b-431e-a961-a279010424ac,True,DET0316,Detection Strategy for Disk Content Wipe via Direct Access and Overwrite,x-mitre-detection-strategy--3a016ed2-47e0-414b-b90e-a44d1437354e,relationship--bd2a2912-3948-4c1e-aeb6-cee23227a6ca,
DC0013,User Account Metadata,x-mitre-data-component--b5d0492b-cda4-421c-8e51-ed2b8d85c5d0,T1561.002,Disk Structure Wipe,attack-pattern--0af0ca99-357d-4ba1-805f-674fdfb7bef9,True,DET0297,Detection Strategy for Disk Structure Wipe via Boot/Partition Overwrite,x-mitre-detection-strategy--1dd8a02b-b447-48ed-a146-ad955c9b2dc1,relationship--c70c05f4-d7bc-47a1-b077-f6f11fca564b,
DC0013,User Account Metadata,x-mitre-data-component--b5d0492b-cda4-421c-8e51-ed2b8d85c5d0,T1564.002,Hidden Users,attack-pattern--8c4aef43-48d5-49aa-b2af-c0cd58d30c3d,True,DET0353,Detection Strategy for Hidden User Accounts,x-mitre-detection-strategy--c48fd7e3-fbfb-4ab5-b577-12cc0be21f2c,relationship--153e979f-a34d-4baf-99d5-c2ba0196d558,
DC0014,User Account Creation,x-mitre-data-component--deb22295-7e37-4a3b-ac6f-c86666fbe63d,T1036.010,Masquerade Account Name,attack-pattern--d349c66e-18e1-4d8b-a2d7-65af7cbd2ba0,True,DET0383,Detection Strategy for Masquerading via Account Name Similarity,x-mitre-detection-strategy--f1f9b6fc-a261-4bcf-a0c0-3ae42cdc28fc,relationship--8a466394-34b7-4836-9876-70dfeb30836d,
DC0014,User Account Creation,x-mitre-data-component--deb22295-7e37-4a3b-ac6f-c86666fbe63d,T1136,Create Account,attack-pattern--e01be9c5-e763-4caf-aeb7-000b416aef67,False,DET0583,Detection Strategy for T1136 - Create Account across platforms,x-mitre-detection-strategy--552bacaa-9df5-4c95-83de-a7d1948003b5,relationship--bd9b60eb-dc7a-4806-b882-040b17e4f5b4,
DC0014,User Account Creation,x-mitre-data-component--deb22295-7e37-4a3b-ac6f-c86666fbe63d,T1136.001,Local Account,attack-pattern--635cbe30-392d-4e27-978e-66774357c762,True,DET0447,T1136.001 Detection Strategy - Local Account Creation Across Platforms,x-mitre-detection-strategy--2250ba04-1b95-4c72-9373-d87e8c1d7869,relationship--5e84ad25-7f2e-406e-943e-06ff9b53d3a6,
DC0014,User Account Creation,x-mitre-data-component--deb22295-7e37-4a3b-ac6f-c86666fbe63d,T1136.002,Domain Account,attack-pattern--7610cada-1499-41a4-b3dd-46467b68d177,True,DET0003,T1136.002 Detection Strategy - Domain Account Creation Across Platforms,x-mitre-detection-strategy--aae40136-73f7-45e8-a37f-104ae7155bbe,relationship--140e6844-f9bb-4e31-bb57-370d1fd830f3,
DC0014,User Account Creation,x-mitre-data-component--deb22295-7e37-4a3b-ac6f-c86666fbe63d,T1136.003,Cloud Account,attack-pattern--a009cb25-4801-4116-9105-80a91cf15c1b,True,DET0319,"Detection Strategy for T1136.003 - Cloud Account Creation across IaaS, IdP, SaaS, Office",x-mitre-detection-strategy--7ad75a00-94f0-4deb-8642-df227a2a8ac6,relationship--e46022f8-1786-4f05-a64e-547c92b38bae,
DC0014,User Account Creation,x-mitre-data-component--deb22295-7e37-4a3b-ac6f-c86666fbe63d,T1564.002,Hidden Users,attack-pattern--8c4aef43-48d5-49aa-b2af-c0cd58d30c3d,True,DET0353,Detection Strategy for Hidden User Accounts,x-mitre-detection-strategy--c48fd7e3-fbfb-4ab5-b577-12cc0be21f2c,relationship--153e979f-a34d-4baf-99d5-c2ba0196d558,
DC0015,Image Creation,x-mitre-data-component--b008766d-f34f-4ded-b712-659f59aaed6e,T1204.003,Malicious Image,attack-pattern--b0c74ef9-c61e-4986-88cb-78da98a355ec,True,DET0248,User Execution – Malicious Image (containers & IaaS) – pull/run → start → anomalous behavior (T1204.003),x-mitre-detection-strategy--ee7bd8ff-fbfd-4bb2-9d23-cf3f6ed342c7,relationship--3ce513f0-6c41-477f-a35d-42d0ec2f8171,
DC0015,Image Creation,x-mitre-data-component--b008766d-f34f-4ded-b712-659f59aaed6e,T1525,Implant Internal Image,attack-pattern--4fd8a28b-4b3a-4cd6-a8cf-85ba5f824a7f,False,DET0334,Detection Strategy for T1525 – Implant Internal Image,x-mitre-detection-strategy--c08df366-fa5a-4f34-a27e-b28e756f09f0,relationship--0ad4226b-1afa-4efe-b060-c6eaebd7009e,
DC0015,Image Creation,x-mitre-data-component--b008766d-f34f-4ded-b712-659f59aaed6e,T1612,Build Image on Host,attack-pattern--800f9819-7007-4540-a520-40e655876800,False,DET0459,Detection Strategy for Build Image on Host,x-mitre-detection-strategy--62b445ed-7d9d-4c1a-8d4e-6c742ec1b0e2,relationship--33529d4a-1eac-4346-86e0-10fd834d8811,
DC0016,Module Load,x-mitre-data-component--c0a4a086-cc20-4e1e-b7cb-29d99dfa3fb1,T1003.004,LSA Secrets,attack-pattern--1ecfdab8-7d59-4c98-95d4-dc41970f57fc,True,DET0437,Detection of LSA Secrets Dumping via Registry and Memory Extraction,x-mitre-detection-strategy--c29886a9-676a-441a-adcd-6f239f8eb6b0,relationship--f09e71bc-e010-4567-8a0e-2c0ed24b5c94,
DC0016,Module Load,x-mitre-data-component--c0a4a086-cc20-4e1e-b7cb-29d99dfa3fb1,T1014,Rootkit,attack-pattern--0f20e3cb-245b-4a61-8a91-2d93f7cb0e9b,False,DET0377,Detection of Kernel/User-Level Rootkit Behavior Across Platforms,x-mitre-detection-strategy--00a4e92b-8164-4342-a71c-013ecc777ad0,relationship--13f0f64f-c275-48dc-8fb3-dda48df60d8c,
DC0016,Module Load,x-mitre-data-component--c0a4a086-cc20-4e1e-b7cb-29d99dfa3fb1,T1021.003,Distributed Component Object Model,attack-pattern--68a0c5ed-bee2-4513-830d-5b0d650139bd,True,DET0285,Multi-Event Behavioral Detection for DCOM-Based Remote Code Execution,x-mitre-detection-strategy--dbaaa57a-ef28-44c0-bc56-25bc20dc8f28,relationship--af108559-5f9b-42b3-b975-5c3cf2f997dc,
DC0016,Module Load,x-mitre-data-component--c0a4a086-cc20-4e1e-b7cb-29d99dfa3fb1,T1027.007,Dynamic API Resolution,attack-pattern--ea4c2f9c-9df1-477c-8c42-6da1118f2ac4,True,DET0091,Detection Strategy for Dynamic API Resolution via Hash-Based Function Lookups,x-mitre-detection-strategy--063eac3f-9c2a-429a-ad7c-ae7f49158bb2,relationship--c032d3e6-73e7-4918-9323-ee7c06a58cfc,
DC0016,Module Load,x-mitre-data-component--c0a4a086-cc20-4e1e-b7cb-29d99dfa3fb1,T1027.013,Encrypted/Encoded File,attack-pattern--0d91b3c0-5e50-47c3-949a-2a796f04d144,True,DET0087,Encrypted or Encoded File Payload Detection Strategy,x-mitre-detection-strategy--d70b8fdd-de14-4143-a350-56e3b885b37b,relationship--579a5b5b-38be-48df-8fe7-0718578149fa,
DC0016,Module Load,x-mitre-data-component--c0a4a086-cc20-4e1e-b7cb-29d99dfa3fb1,T1027.014,Polymorphic Code,attack-pattern--b577dfc1-0177-4522-8d5a-782127c8592b,True,DET0324,Detection Strategy for Polymorphic Code Mutation and Execution,x-mitre-detection-strategy--380da3b2-d92f-4361-b187-cedc8a118e0f,relationship--471e5702-2a73-4c6d-9ed8-78b037941b6f,
DC0016,Module Load,x-mitre-data-component--c0a4a086-cc20-4e1e-b7cb-29d99dfa3fb1,T1036.005,Match Legitimate Resource Name or Location,attack-pattern--1c4e5d32-1fe9-4116-9d9d-59e3925bd6a2,True,DET0347,Detection Strategy for Masquerading via Legitimate Resource Name or Location,x-mitre-detection-strategy--b667390b-a805-401d-9e02-929204825114,relationship--e4659daa-3a14-4873-a1e3-5dc132420257,
DC0016,Module Load,x-mitre-data-component--c0a4a086-cc20-4e1e-b7cb-29d99dfa3fb1,T1055,Process Injection,attack-pattern--43e7dc91-05b2-474c-b9ac-2ed4fe101f4d,False,DET0508,Behavioral Detection of Process Injection Across Platforms,x-mitre-detection-strategy--9833b57b-4c83-4f58-b4cf-76f041b29273,relationship--9e795af2-1202-480c-88d1-5013027ede32,
DC0016,Module Load,x-mitre-data-component--c0a4a086-cc20-4e1e-b7cb-29d99dfa3fb1,T1055.001,Dynamic-link Library Injection,attack-pattern--f4599aa0-4f85-4a32-80ea-fc39dc965945,True,DET0389,Behavioral Detection of DLL Injection via Windows API,x-mitre-detection-strategy--e9c54806-2d8e-4722-805c-4a1e7f6a1986,relationship--3746842c-52cb-4b8a-88d3-387da906410e,
DC0016,Module Load,x-mitre-data-component--c0a4a086-cc20-4e1e-b7cb-29d99dfa3fb1,T1055.005,Thread Local Storage,attack-pattern--e49ee9d2-0d98-44ef-85e5-5d3100065744,True,DET0467,Detection Strategy for TLS Callback Injection via PE Memory Modification and Hollowing,x-mitre-detection-strategy--a14db1ea-e57e-4bc4-83bb-94a6e7da87b0,relationship--3a1a518f-f1e0-43c1-8dc2-d514e37b8ed8,
DC0016,Module Load,x-mitre-data-component--c0a4a086-cc20-4e1e-b7cb-29d99dfa3fb1,T1055.014,VDSO Hijacking,attack-pattern--98be40f2-c86b-4ade-b6fc-4964932040e5,True,DET0448,Detection Strategy for VDSO Hijacking on Linux,x-mitre-detection-strategy--b511a320-18a6-46ff-9588-85065c44312f,relationship--99274045-04a8-4149-bb9f-6017a78c377c,
DC0016,Module Load,x-mitre-data-component--c0a4a086-cc20-4e1e-b7cb-29d99dfa3fb1,T1056.004,Credential API Hooking,attack-pattern--f5946b5e-9408-485f-a7f7-b5efc88909b6,True,DET0139,Detection of Credential Harvesting via API Hooking,x-mitre-detection-strategy--d918611a-9d07-4f8b-b70e-2fe1c2f75faf,relationship--3d9168f6-4a61-45d4-b1d3-1c3cef2cafdc,
DC0016,Module Load,x-mitre-data-component--c0a4a086-cc20-4e1e-b7cb-29d99dfa3fb1,T1059.001,PowerShell,attack-pattern--970a3432-3237-47ad-bcca-7d8cbb217736,True,DET0455,Abuse of PowerShell for Arbitrary Execution,x-mitre-detection-strategy--72b209e2-8c65-4217-8532-fabd0cb54ae5,relationship--029c6872-0b48-4838-ab3b-3a7c0e637be9,
DC0016,Module Load,x-mitre-data-component--c0a4a086-cc20-4e1e-b7cb-29d99dfa3fb1,T1059.003,Windows Command Shell,attack-pattern--d1fcf083-a721-4223-aedf-bf8960798d62,True,DET0202,Behavioral Detection of Windows Command Shell Execution,x-mitre-detection-strategy--1806ad13-6fa8-4cb0-9d91-c8a989a1d9fe,relationship--ebad757b-f342-4ba1-8695-df0c69952904,
DC0016,Module Load,x-mitre-data-component--c0a4a086-cc20-4e1e-b7cb-29d99dfa3fb1,T1059.005,Visual Basic,attack-pattern--dfd7cc1d-e1d8-4394-a198-97c4cab8aa67,True,DET0076,Behavioral Detection of Visual Basic Execution (VBS/VBA/VBScript),x-mitre-detection-strategy--4a7f1bc4-4396-49e1-9c75-caa6ecd64047,relationship--0700bc4e-dc25-46d5-9ad0-4c64c7a46fbc,
DC0016,Module Load,x-mitre-data-component--c0a4a086-cc20-4e1e-b7cb-29d99dfa3fb1,T1059.007,JavaScript,attack-pattern--0f4a0c76-ab2d-4cb0-85d3-3f0efb8cba0d,True,DET0264,Cross-Platform Detection of JavaScript Execution Abuse,x-mitre-detection-strategy--6dd441e4-d264-4f7f-b145-9c122955c532,relationship--04ec88c4-d2a0-4d1a-ab06-068dd78fad09,
DC0016,Module Load,x-mitre-data-component--c0a4a086-cc20-4e1e-b7cb-29d99dfa3fb1,T1068,Exploitation for Privilege Escalation,attack-pattern--b21c3b2d-02e6-45b1-980b-e69051040839,False,DET0514,Detection Strategy for Exploitation for Privilege Escalation,x-mitre-detection-strategy--64fc24f5-0428-4956-a328-2e76e0af984e,relationship--d07fb93b-f652-4742-a99b-a4c99ff7b956,
DC0016,Module Load,x-mitre-data-component--c0a4a086-cc20-4e1e-b7cb-29d99dfa3fb1,T1106,Native API,attack-pattern--391d824f-0ef1-47a0-b0ee-c59a75e27670,False,DET0529,Behavioral Detection of Native API Invocation via Unusual DLL Loads and Direct Syscalls,x-mitre-detection-strategy--36654ec6-5019-4e79-b299-1fbf3a03e064,relationship--dc9d1fc2-471b-49c3-b372-9703fd5125f4,
DC0016,Module Load,x-mitre-data-component--c0a4a086-cc20-4e1e-b7cb-29d99dfa3fb1,T1113,Screen Capture,attack-pattern--0259baeb-9f63-4c69-bf10-eb038c390688,False,DET0346,Detect Screen Capture via Commands and API Calls,x-mitre-detection-strategy--a9de0990-69e9-4b1a-9754-1c7fb4102ac9,relationship--2e10339a-3af5-45b5-b48c-9642e4bc7665,
DC0016,Module Load,x-mitre-data-component--c0a4a086-cc20-4e1e-b7cb-29d99dfa3fb1,T1124,System Time Discovery,attack-pattern--f3c544dc-673c-4ef3-accb-53229f1ae077,False,DET0151,"Behavior-chain, platform-aware detection strategy for T1124 System Time Discovery",x-mitre-detection-strategy--98ae5e06-7ea5-49b9-b793-7f97b1d306b2,relationship--a471c195-dbf1-4c84-a314-393189769d31,
DC0016,Module Load,x-mitre-data-component--c0a4a086-cc20-4e1e-b7cb-29d99dfa3fb1,T1125,Video Capture,attack-pattern--6faf650d-bf31-4eb4-802d-1000cf38efaf,False,DET0197,"Behavior-chain, platform-aware detection strategy for T1125 Video Capture",x-mitre-detection-strategy--e9ee6ab5-333b-4cea-8637-23360d904472,relationship--2b034b90-9a02-4e29-b943-73b1b49459cb,
DC0016,Module Load,x-mitre-data-component--c0a4a086-cc20-4e1e-b7cb-29d99dfa3fb1,T1127,Trusted Developer Utilities Proxy Execution,attack-pattern--ff25900d-76d5-449b-a351-8824e62fc81b,False,DET0172,"Behavior-chain, platform-aware detection strategy for T1127 Trusted Developer Utilities Proxy Execution (Windows)",x-mitre-detection-strategy--f47cb8dc-2120-4541-9306-95053218ba8a,relationship--e9ff67a4-4136-46d0-b91e-d354c84215a1,
DC0016,Module Load,x-mitre-data-component--c0a4a086-cc20-4e1e-b7cb-29d99dfa3fb1,T1127.001,MSBuild,attack-pattern--c92e3d68-2349-49e4-a341-7edca2deff96,True,DET0556,Behavior-chain detection strategy for T1127.001 Trusted Developer Utilities Proxy Execution: MSBuild (Windows),x-mitre-detection-strategy--5fb0bb0d-cc9c-47aa-86f2-567b4ee642ff,relationship--9ce197cf-1ef3-4fa2-ac91-57ae0064c3a6,
DC0016,Module Load,x-mitre-data-component--c0a4a086-cc20-4e1e-b7cb-29d99dfa3fb1,T1127.002,ClickOnce,attack-pattern--cc279e50-df85-4c8e-be80-6dc2eda8849c,True,DET0191,Behavior-chain detection strategy for T1127.002 Trusted Developer Utilities Proxy Execution: ClickOnce (Windows),x-mitre-detection-strategy--ec75b064-d8f1-40a7-832c-0ef0bb40214d,relationship--a06bc62f-b3e7-468b-8697-1e00367bc28b,
DC0016,Module Load,x-mitre-data-component--c0a4a086-cc20-4e1e-b7cb-29d99dfa3fb1,T1129,Shared Modules,attack-pattern--0a5231ec-41af-4a35-83d0-6bdf11f28c65,False,DET0018,"Behavior-chain, platform-aware detection strategy for T1129 Shared Modules",x-mitre-detection-strategy--928a6ce6-fca0-4d66-aba3-1121431b953e,relationship--20d31ad8-56fd-4268-b650-6106617cc9bc,
DC0016,Module Load,x-mitre-data-component--c0a4a086-cc20-4e1e-b7cb-29d99dfa3fb1,T1137.002,Office Test,attack-pattern--ed7efd4d-ce28-4a19-a8e6-c58011eb2c7a,True,DET0315,Detect Persistence via Office Test Registry DLL Injection,x-mitre-detection-strategy--cb0a01e5-d88a-4ac8-a70a-1472c5dccd10,relationship--579ccb1f-91d2-4933-9067-6f07af17446d,
DC0016,Module Load,x-mitre-data-component--c0a4a086-cc20-4e1e-b7cb-29d99dfa3fb1,T1137.003,Outlook Forms,attack-pattern--a9e2cea0-c805-4bf8-9e31-f5f0513a3634,True,DET0029,Detect Persistence via Outlook Custom Forms Triggered by Malicious Email,x-mitre-detection-strategy--75281b94-735d-4051-b400-a42205783af9,relationship--d6c34c5f-2c37-4bb3-8efa-b9797a1eef2b,
DC0016,Module Load,x-mitre-data-component--c0a4a086-cc20-4e1e-b7cb-29d99dfa3fb1,T1137.004,Outlook Home Page,attack-pattern--bf147104-abf9-4221-95d1-e81585859441,True,DET0177,Detect Persistence via Outlook Home Page Exploitation,x-mitre-detection-strategy--e55f4e4b-80c0-4a2b-8202-659d29bbba33,relationship--48d0a0ac-28e4-43b6-824f-a7626cfc1798,
DC0016,Module Load,x-mitre-data-component--c0a4a086-cc20-4e1e-b7cb-29d99dfa3fb1,T1137.005,Outlook Rules,attack-pattern--3d1b9d7e-3921-4d25-845a-7d9f15c0da44,True,DET0095,Detect Persistence via Malicious Outlook Rules,x-mitre-detection-strategy--83a814c2-73ac-4942-84ad-704a272cd864,relationship--4e14e9ea-2620-4efe-8c8a-594fe8a8dfdc,
DC0016,Module Load,x-mitre-data-component--c0a4a086-cc20-4e1e-b7cb-29d99dfa3fb1,T1185,Browser Session Hijacking,attack-pattern--544b0346-29ad-41e1-a808-501bb4193f47,False,DET0507,"Detect browser session hijacking via privilege, handle access, and remote thread into browsers",x-mitre-detection-strategy--759a29fb-8697-46f7-baa3-a891b28c064e,relationship--88d75e64-5f13-4017-a635-9a52e3458bb2,
DC0016,Module Load,x-mitre-data-component--c0a4a086-cc20-4e1e-b7cb-29d99dfa3fb1,T1190,Exploit Public-Facing Application,attack-pattern--3f886f2a-874f-4333-b794-aa6075009b1c,False,DET0080,Exploit Public-Facing Application – multi-signal correlation (request → error → post-exploit process/egress),x-mitre-detection-strategy--dd8477c8-2aad-4db3-b810-fe0d2f605fa8,relationship--69e8d620-b9a1-4bfd-9bf0-62d2915f08ad,
DC0016,Module Load,x-mitre-data-component--c0a4a086-cc20-4e1e-b7cb-29d99dfa3fb1,T1195,Supply Chain Compromise,attack-pattern--3f18edba-28f4-4bb9-82c3-8aa60dcac5f7,False,DET0537,Behavioral detection for Supply Chain Compromise (package/update tamper → install → first-run),x-mitre-detection-strategy--18c9199f-d6b6-4efe-ac90-9a1b7b8c6f36,relationship--5f50e76f-fc9b-4f3f-948f-408f58ab2894,
DC0016,Module Load,x-mitre-data-component--c0a4a086-cc20-4e1e-b7cb-29d99dfa3fb1,T1195.001,Compromise Software Dependencies and Development Tools,attack-pattern--191cc6af-1bb2-4344-ab5f-28e496638720,True,DET0009,Supply-chain tamper in dependencies/dev-tools (manager→write/install→first-run→egress),x-mitre-detection-strategy--ec870f2d-bba3-43f9-95b8-c2f85678dba4,relationship--f21676c2-dc39-4d2e-b551-5ed654dddef3,
DC0016,Module Load,x-mitre-data-component--c0a4a086-cc20-4e1e-b7cb-29d99dfa3fb1,T1195.002,Compromise Software Supply Chain,attack-pattern--bd369cd9-abb8-41ce-b5bb-fff23ee86c00,True,DET0309,Compromised software/update chain (installer/write → first-run/child → egress/signature anomaly),x-mitre-detection-strategy--77d3b532-9c4f-4f9f-9581-3009b201435d,relationship--91cd8b1f-5c87-41be-b7e7-310d4c6b6c3e,
DC0016,Module Load,x-mitre-data-component--c0a4a086-cc20-4e1e-b7cb-29d99dfa3fb1,T1195.003,Compromise Hardware Supply Chain,attack-pattern--39131305-9282-45e4-ac3b-591d2d4fc3ef,True,DET0368,Hardware Supply Chain Compromise Detection via Host Status & Boot Integrity Checks,x-mitre-detection-strategy--4dfcf95f-0bbb-4ae7-8bd5-91e3e6c51809,relationship--37fa991d-a766-4131-9843-441d5bbe763b,
DC0016,Module Load,x-mitre-data-component--c0a4a086-cc20-4e1e-b7cb-29d99dfa3fb1,T1200,Hardware Additions,attack-pattern--d40239b3-05ff-46d8-9bdd-b46d13463ef9,False,DET0069,Detect unauthorized or suspicious Hardware Additions (USB/Thunderbolt/Network),x-mitre-detection-strategy--e8d186eb-5450-4dc9-8458-89bbaed45643,relationship--a9a213e9-8227-4154-83af-2ab640f63efa,
DC0016,Module Load,x-mitre-data-component--c0a4a086-cc20-4e1e-b7cb-29d99dfa3fb1,T1205.002,Socket Filters,attack-pattern--005cc321-08ce-4d17-b1ea-cb5275926520,True,DET0162,Socket-filter trigger → on-host raw-socket activity → reverse connection (T1205.002),x-mitre-detection-strategy--b4cdf164-9cb7-4cad-bdc3-81b5574f364a,relationship--829a3356-ec45-4101-8eb0-f0c168ff8f03,
DC0016,Module Load,x-mitre-data-component--c0a4a086-cc20-4e1e-b7cb-29d99dfa3fb1,T1210,Exploitation of Remote Services,attack-pattern--9db0cf3a-a3c9-4012-8268-123b9db6fd82,False,DET0118,Exploitation of Remote Services – multi-platform lateral movement detection,x-mitre-detection-strategy--ee73dd97-cf1a-4220-a7cf-52d864811bb4,relationship--0730d238-c81d-415c-9db5-bff7368114d6,
DC0016,Module Load,x-mitre-data-component--c0a4a086-cc20-4e1e-b7cb-29d99dfa3fb1,T1211,Exploitation for Defense Evasion,attack-pattern--fe926152-f431-4baf-956c-4ad3cb0bf23b,False,DET0595,Detection Strategy for Exploitation for Defense Evasion,x-mitre-detection-strategy--da1e3af8-d79b-44ff-a907-ae107c110671,relationship--ef12e912-df4b-4359-b38a-24071b74414a,
DC0016,Module Load,x-mitre-data-component--c0a4a086-cc20-4e1e-b7cb-29d99dfa3fb1,T1216,System Script Proxy Execution,attack-pattern--f6fe9070-7a65-49ea-ae72-76292f42cebe,False,DET0466,Detection of Script-Based Proxy Execution via Signed Microsoft Utilities,x-mitre-detection-strategy--8ac2b0d0-a589-4c72-9287-a7d9e47065a9,relationship--68bf73c0-0448-4931-852b-36bdb10afb64,
DC0016,Module Load,x-mitre-data-component--c0a4a086-cc20-4e1e-b7cb-29d99dfa3fb1,T1216.001,PubPrn,attack-pattern--09cd431f-eaf4-4d2a-acaf-2a7acfe7ed58,True,DET0528,Detecting Remote Script Proxy Execution via PubPrn.vbs,x-mitre-detection-strategy--4e2e06c5-a7bd-40d9-af9b-99fdfe725360,relationship--6132ea93-9152-432c-897c-cb3d36b599d2,
DC0016,Module Load,x-mitre-data-component--c0a4a086-cc20-4e1e-b7cb-29d99dfa3fb1,T1216.002,SyncAppvPublishingServer,attack-pattern--e6f19759-dde3-47fc-99cc-d9f5fa4ade60,True,DET0440,Detecting PowerShell Execution via SyncAppvPublishingServer.vbs Proxy Abuse,x-mitre-detection-strategy--ba3578d1-5913-4ed1-ab83-473a39b63f7d,relationship--c71a06a1-1259-42de-b8d7-4599a228c7af,
DC0016,Module Load,x-mitre-data-component--c0a4a086-cc20-4e1e-b7cb-29d99dfa3fb1,T1218,System Binary Proxy Execution,attack-pattern--457c7820-d331-465a-915e-42f85500ccc4,False,DET0081,Detection of Proxy Execution via Trusted Signed Binaries Across Platforms,x-mitre-detection-strategy--ce0b969a-1411-4b6f-a6aa-c31ef6fe6727,relationship--e9264dc5-3daa-4e0b-9021-1df1fdd58b67,
DC0016,Module Load,x-mitre-data-component--c0a4a086-cc20-4e1e-b7cb-29d99dfa3fb1,T1218.001,Compiled HTML File,attack-pattern--a6937325-9321-4e2e-bb2b-3ed2d40b2a9d,True,DET0342,Detection of Suspicious Compiled HTML File Execution via hh.exe,x-mitre-detection-strategy--fafb9522-c185-48e0-b0a5-e65887f5deb4,relationship--f6a621a4-6a66-492d-82ed-848cc0bcaa76,
DC0016,Module Load,x-mitre-data-component--c0a4a086-cc20-4e1e-b7cb-29d99dfa3fb1,T1218.002,Control Panel,attack-pattern--4ff5d6a8-c062-4c68-a778-36fc5edd564f,True,DET0194,Detection of Malicious Control Panel Item Execution via control.exe or Rundll32,x-mitre-detection-strategy--012e526a-dacd-4019-a019-bc68733395d2,relationship--82a7ec61-7aa6-426e-b469-342388735ee2,
DC0016,Module Load,x-mitre-data-component--c0a4a086-cc20-4e1e-b7cb-29d99dfa3fb1,T1218.004,InstallUtil,attack-pattern--2cd950a6-16c4-404a-aa01-044322395107,True,DET0138,Detection of Malicious Code Execution via InstallUtil.exe,x-mitre-detection-strategy--7f7679d8-c2eb-4fcc-be46-27055ef491a6,relationship--a78534d4-b98e-4acd-8e51-337d5bb7877c,
DC0016,Module Load,x-mitre-data-component--c0a4a086-cc20-4e1e-b7cb-29d99dfa3fb1,T1218.007,Msiexec,attack-pattern--365be77f-fc0e-42ee-bac8-4faf806d9336,True,DET0158,"Detection of Msiexec Abuse for Local, Network, and DLL Execution",x-mitre-detection-strategy--0602b47a-d37c-4eee-ac4b-b464060945ab,relationship--1d94bde6-737e-4e6f-8521-fcb315057931,
DC0016,Module Load,x-mitre-data-component--c0a4a086-cc20-4e1e-b7cb-29d99dfa3fb1,T1218.008,Odbcconf,attack-pattern--6e3bd510-6b33-41a4-af80-2d80f3ee0071,True,DET0486,Detecting Odbcconf Proxy Execution of Malicious DLLs,x-mitre-detection-strategy--9407410b-7f35-4d32-be3c-e48ea36573d9,relationship--2fe2e0ee-7e1f-45f8-902f-d1011985158d,
DC0016,Module Load,x-mitre-data-component--c0a4a086-cc20-4e1e-b7cb-29d99dfa3fb1,T1218.009,Regsvcs/Regasm,attack-pattern--c48a67ee-b657-45c1-91bf-6cdbe27205f8,True,DET0361,Detecting .NET COM Registration Abuse via Regsvcs/Regasm,x-mitre-detection-strategy--9c03f003-b859-42c6-b16d-c0979dfc202b,relationship--23d3f30e-9f30-4411-abba-04d31573205a,
DC0016,Module Load,x-mitre-data-component--c0a4a086-cc20-4e1e-b7cb-29d99dfa3fb1,T1218.010,Regsvr32,attack-pattern--b97f1d35-4249-4486-a6b5-ee60ccf24fab,True,DET0282,Detection Strategy for System Binary Proxy Execution: Regsvr32,x-mitre-detection-strategy--0a931f22-4820-48aa-8051-056da15a6183,relationship--6a5e3a15-ba2a-4836-ab40-8f5d8a3175bf,
DC0016,Module Load,x-mitre-data-component--c0a4a086-cc20-4e1e-b7cb-29d99dfa3fb1,T1218.011,Rundll32,attack-pattern--045d0922-2310-4e60-b5e4-3302302cb3c5,True,DET0475,Detection Strategy for T1218.011 Rundll32 Abuse,x-mitre-detection-strategy--a51d4d34-78fc-49b7-9071-348905dd33c2,relationship--3b6dd089-2818-4717-9956-8829fe08f252,
DC0016,Module Load,x-mitre-data-component--c0a4a086-cc20-4e1e-b7cb-29d99dfa3fb1,T1218.012,Verclsid,attack-pattern--808e6329-ca91-4b87-ac2d-8eadc5f8f327,True,DET0042,Detection Strategy for T1218.012 Verclsid Abuse,x-mitre-detection-strategy--1d738832-3de4-45f0-98e5-ac37642619e8,relationship--fb84562a-e701-4a0f-a204-d0a6234efdd7,
DC0016,Module Load,x-mitre-data-component--c0a4a086-cc20-4e1e-b7cb-29d99dfa3fb1,T1218.013,Mavinject,attack-pattern--1bae753e-8e52-4055-a66d-2ead90303ca9,True,DET0433,Detecting Code Injection via mavinject.exe (App-V Injector),x-mitre-detection-strategy--621ecbd0-a183-4dbd-913c-656436e62c1d,relationship--c313a043-5713-49d7-a13a-56af37ce46dd,
DC0016,Module Load,x-mitre-data-component--c0a4a086-cc20-4e1e-b7cb-29d99dfa3fb1,T1218.014,MMC,attack-pattern--ffbcfdb0-de22-4106-9ed3-fc23c8a01407,True,DET0222,Detecting MMC (.msc) Proxy Execution and Malicious COM Activation,x-mitre-detection-strategy--f4560945-d62f-48b6-ae94-dcd93c471c45,relationship--e79ec747-79ad-4467-ae3b-724da019de1d,
DC0016,Module Load,x-mitre-data-component--c0a4a086-cc20-4e1e-b7cb-29d99dfa3fb1,T1218.015,Electron Applications,attack-pattern--561ae9aa-c28a-4144-9eec-e7027a14c8c3,True,DET0025,Detecting Electron Application Abuse for Proxy Execution,x-mitre-detection-strategy--d41df11d-b2cd-4afc-89a5-9c77e7f31985,relationship--2d9779a5-5d91-40ba-8475-4264b261a8f8,
DC0016,Module Load,x-mitre-data-component--c0a4a086-cc20-4e1e-b7cb-29d99dfa3fb1,T1220,XSL Script Processing,attack-pattern--ebbe170d-aa74-4946-8511-9921243415a3,False,DET0205,Detect XSL Script Abuse via msxsl and wmic,x-mitre-detection-strategy--4994627c-216b-4832-90cf-074d3e9013e4,relationship--f6da3b26-449a-4b87-b2be-f203dadb6302,
DC0016,Module Load,x-mitre-data-component--c0a4a086-cc20-4e1e-b7cb-29d99dfa3fb1,T1480,Execution Guardrails,attack-pattern--853c4192-4311-43e1-bfbb-b11b14911852,False,DET0562,Multi-Platform Execution Guardrails Environmental Validation Detection Strategy,x-mitre-detection-strategy--99bdd6d6-ebef-40e2-83d2-2f39408c82e3,relationship--d1b82c9a-003e-4eb2-b34d-d2b2dbbebe19,
DC0016,Module Load,x-mitre-data-component--c0a4a086-cc20-4e1e-b7cb-29d99dfa3fb1,T1480.001,Environmental Keying,attack-pattern--f244b8dd-af6c-4391-a497-fc03627ce995,True,DET0474,Environmental Keying Discovery-to-Decryption Behavioral Chain Detection Strategy,x-mitre-detection-strategy--a59f4a44-d581-4026-802d-5dc5c0c9f7d5,relationship--a7c4fd3b-02cd-496d-a633-a9cd23eb8115,
DC0016,Module Load,x-mitre-data-component--c0a4a086-cc20-4e1e-b7cb-29d99dfa3fb1,T1482,Domain Trust Discovery,attack-pattern--767dbf9e-df3f-45cb-8998-4903ab5f80c0,False,DET0007,"Detection of Domain Trust Discovery via API, Script, and CLI Enumeration",x-mitre-detection-strategy--3414f3b8-17a2-438c-8bbc-a261a04da8bc,relationship--fee2c7b4-9246-4abb-af00-64175d16fc8d,
DC0016,Module Load,x-mitre-data-component--c0a4a086-cc20-4e1e-b7cb-29d99dfa3fb1,T1497,Virtualization/Sandbox Evasion,attack-pattern--82caa33e-d11a-433a-94ea-9b5a5fbef81d,False,DET0046,Detection Strategy for T1497 Virtualization/Sandbox Evasion,x-mitre-detection-strategy--7f5dde79-7872-48dd-8718-cd2e10d7cbfc,relationship--3a1c35eb-615c-4c4a-98ee-ca2b9d25fb01,
DC0016,Module Load,x-mitre-data-component--c0a4a086-cc20-4e1e-b7cb-29d99dfa3fb1,T1497.001,System Checks,attack-pattern--29be378d-262d-4e99-b00d-852d573628e6,True,DET0168,"Virtualization/Sandbox Evasion via System Checks across Windows, Linux, macOS",x-mitre-detection-strategy--5b998fb4-fb3f-4207-ae00-cdf0e1a22b76,relationship--327decec-03ad-41da-a251-fcbd1f485c24,
DC0016,Module Load,x-mitre-data-component--c0a4a086-cc20-4e1e-b7cb-29d99dfa3fb1,T1497.003,Time Based Checks,attack-pattern--4bed873f-0b7d-41d4-b93a-b6905d1f90b0,True,DET0141,"Detect Time-Based Evasion via Sleep, Timer Loops, and Delayed Execution",x-mitre-detection-strategy--90b6ef43-3f63-47c5-af59-ed4f95cc9c87,relationship--77e5d090-d1f4-43aa-a068-b1c040875e48,
DC0016,Module Load,x-mitre-data-component--c0a4a086-cc20-4e1e-b7cb-29d99dfa3fb1,T1505.001,SQL Stored Procedures,attack-pattern--f9e9365a-9ca2-4d9c-8e7c-050d73d1101a,True,DET0181,Detection Strategy for SQL Stored Procedures Abuse via T1505.001,x-mitre-detection-strategy--101bde37-6150-45c6-bf88-3a8cda39b2f0,relationship--d124d653-63e4-4f79-a45e-f96b8bfdb63f,
DC0016,Module Load,x-mitre-data-component--c0a4a086-cc20-4e1e-b7cb-29d99dfa3fb1,T1505.002,Transport Agent,attack-pattern--35187df2-31ed-43b6-a1f5-2f1d3d58d3f1,True,DET0166,Detection Strategy for T1505.002 - Transport Agent Abuse (Windows/Linux),x-mitre-detection-strategy--90ee8005-5476-422f-abe0-6c231f004cd6,relationship--91401670-9f34-4ba3-8e54-690c2d700021,
DC0016,Module Load,x-mitre-data-component--c0a4a086-cc20-4e1e-b7cb-29d99dfa3fb1,T1505.004,IIS Components,attack-pattern--b46a801b-fd98-491c-a25a-bca25d6e3001,True,DET0068,Detection Strategy for T1505.004 - Malicious IIS Components,x-mitre-detection-strategy--32af4177-8c33-43d8-8e2c-9e11ac6dd451,relationship--53537327-ef81-4b1d-ae90-710954832d4b,
DC0016,Module Load,x-mitre-data-component--c0a4a086-cc20-4e1e-b7cb-29d99dfa3fb1,T1505.005,Terminal Services DLL,attack-pattern--379809f6-2fac-42c1-bd2e-e9dee70b27f8,True,DET0212,Detection Strategy for T1505.005 – Terminal Services DLL Modification (Windows),x-mitre-detection-strategy--d9073646-f875-4c38-9b37-e9ac11c40188,relationship--1b08f84f-6a97-4f3c-a5e6-4b99e09d9575,
DC0016,Module Load,x-mitre-data-component--c0a4a086-cc20-4e1e-b7cb-29d99dfa3fb1,T1518.001,Security Software Discovery,attack-pattern--cba37adb-d6fb-4610-b069-dd04c0643384,True,DET0016,Security Software Discovery Across Platforms,x-mitre-detection-strategy--e2409f82-e24c-4bb9-ad44-b20d97fb7a5a,relationship--9657d3dc-1528-4b7b-99a6-1eae73783d8e,
DC0016,Module Load,x-mitre-data-component--c0a4a086-cc20-4e1e-b7cb-29d99dfa3fb1,T1546.003,Windows Management Instrumentation Event Subscription,attack-pattern--910906dd-8c0a-475a-9cc1-5e029e2fad58,True,DET0086,Detect WMI Event Subscription for Persistence via WmiPrvSE Process and MOF Compilation,x-mitre-detection-strategy--99e60eb7-f2fa-4423-8c51-29832cd6e7ef,relationship--93e031d7-4097-4f3e-8a4e-357c2bfc0e23,
DC0016,Module Load,x-mitre-data-component--c0a4a086-cc20-4e1e-b7cb-29d99dfa3fb1,T1546.006,LC_LOAD_DYLIB Addition,attack-pattern--10ff21b9-5a01-4268-a1b5-3b55015f1847,True,DET0216,Detection Strategy for LC_LOAD_DYLIB Modification in Mach-O Binaries on macOS,x-mitre-detection-strategy--4f95fef5-3b5e-435a-ad00-33d2d9765640,relationship--23a1591e-f62f-4138-939b-f68b16dcc2e0,
DC0016,Module Load,x-mitre-data-component--c0a4a086-cc20-4e1e-b7cb-29d99dfa3fb1,T1546.007,Netsh Helper DLL,attack-pattern--f63fe421-b1d1-45c0-b8a7-02cd16ff2bed,True,DET0575,Detection Strategy for Netsh Helper DLL Persistence via Registry and Child Process Monitoring (Windows),x-mitre-detection-strategy--8d407bff-f721-4b74-a593-1e55c14c5263,relationship--82657836-1b90-4d18-9828-1e4337fdaf37,
DC0016,Module Load,x-mitre-data-component--c0a4a086-cc20-4e1e-b7cb-29d99dfa3fb1,T1546.009,AppCert DLLs,attack-pattern--7d57b371-10c2-45e5-b3cc-83a8fb380e4c,True,DET0362,Detection Strategy for AppCert DLLs Persistence via Registry Injection,x-mitre-detection-strategy--3de93376-739e-4842-875d-d6e9948db8d4,relationship--e4e45e24-c4de-45b9-bf54-762269aec2eb,
DC0016,Module Load,x-mitre-data-component--c0a4a086-cc20-4e1e-b7cb-29d99dfa3fb1,T1546.010,AppInit DLLs,attack-pattern--cc89ecbd-3d33-4a41-bcca-001e702d18fd,True,DET0557,Detection Strategy for Event Triggered Execution: AppInit DLLs (Windows),x-mitre-detection-strategy--6f59bdfc-8352-4e6f-bef1-cc59b4e9b04d,relationship--c1e7f701-1a6e-4f87-89fb-f929a0034b88,
DC0016,Module Load,x-mitre-data-component--c0a4a086-cc20-4e1e-b7cb-29d99dfa3fb1,T1546.011,Application Shimming,attack-pattern--42fe883a-21ea-4cfb-b94a-78b6476dcc83,True,DET0017,Detection Strategy for Application Shimming via sdbinst.exe and Registry Artifacts (Windows),x-mitre-detection-strategy--22fe898e-3b53-468c-b2b2-dd59abc83297,relationship--d2ad0b63-ab0e-48a3-a8bc-2793f3897358,
DC0016,Module Load,x-mitre-data-component--c0a4a086-cc20-4e1e-b7cb-29d99dfa3fb1,T1546.015,Component Object Model Hijacking,attack-pattern--bc0f5e80-91c0-4e04-9fbb-e4e332c85dae,True,DET0481,Windows COM Hijacking Detection via Registry and DLL Load Correlation,x-mitre-detection-strategy--78340b60-535e-4f2e-a376-c6fcc53a3c4a,relationship--f779a804-fdd3-4bf3-a0bb-2e1c4d2ab31f,
DC0016,Module Load,x-mitre-data-component--c0a4a086-cc20-4e1e-b7cb-29d99dfa3fb1,T1547.002,Authentication Package,attack-pattern--b8cfed42-6a8a-4989-ad72-541af74475ec,True,DET0207,Detect LSA Authentication Package Persistence via Registry and LSASS DLL Load,x-mitre-detection-strategy--1525b951-a0fb-42ac-97b7-05ac6f412020,relationship--8aa3fb7a-a553-48e5-899e-faa868363a68,
DC0016,Module Load,x-mitre-data-component--c0a4a086-cc20-4e1e-b7cb-29d99dfa3fb1,T1547.003,Time Providers,attack-pattern--61afc315-860c-4364-825d-0d62b2e91edc,True,DET0122,Detect Abuse of Windows Time Providers for Persistence,x-mitre-detection-strategy--9c4b0b07-df7f-4697-8cd1-0b95ff6a6361,relationship--0b8b7d52-f626-4477-917c-74138035e5db,
DC0016,Module Load,x-mitre-data-component--c0a4a086-cc20-4e1e-b7cb-29d99dfa3fb1,T1547.004,Winlogon Helper DLL,attack-pattern--6836813e-8ec8-4375-b459-abb388cb1a35,True,DET0404,Detect Winlogon Helper DLL Abuse via Registry and Process Artifacts on Windows,x-mitre-detection-strategy--63135c50-7c7a-4a44-a053-28abd2388f21,relationship--1da61cf7-c299-443f-8987-b6a25b805915,
DC0016,Module Load,x-mitre-data-component--c0a4a086-cc20-4e1e-b7cb-29d99dfa3fb1,T1547.005,Security Support Provider,attack-pattern--5095a853-299c-4876-abd7-ac0050fb5462,True,DET0542,Registry and LSASS Monitoring for Security Support Provider Abuse,x-mitre-detection-strategy--6b47bf45-a3f2-4d4b-884a-3cec3ef3f994,relationship--4020a93b-55d4-417d-bafd-8304062dcbca,
DC0016,Module Load,x-mitre-data-component--c0a4a086-cc20-4e1e-b7cb-29d99dfa3fb1,T1547.008,LSASS Driver,attack-pattern--f0589bc3-a6ae-425a-a3d5-5659bfee07f4,True,DET0225,Detect unauthorized LSASS driver persistence via LSA plugin abuse (Windows),x-mitre-detection-strategy--fbac07bf-65d5-4222-88bb-0ef798417ebb,relationship--3c2ece76-c163-48ab-8c7e-8780ffd72461,
DC0016,Module Load,x-mitre-data-component--c0a4a086-cc20-4e1e-b7cb-29d99dfa3fb1,T1547.010,Port Monitors,attack-pattern--43881e51-ac74-445b-b4c6-f9f9e9bf23fe,True,DET0204,Detection Strategy for T1547.010 – Port Monitor DLL Persistence via spoolsv.exe (Windows),x-mitre-detection-strategy--a62dbd10-5b61-489c-a465-8f792792778e,relationship--c30dfb12-041c-49d3-bce4-a7de82917d1e,
DC0016,Module Load,x-mitre-data-component--c0a4a086-cc20-4e1e-b7cb-29d99dfa3fb1,T1547.012,Print Processors,attack-pattern--2de47683-f398-448f-b947-9abcc3e32fad,True,DET0026,Windows Detection Strategy for T1547.012 - Print Processor DLL Persistence,x-mitre-detection-strategy--b661f959-953f-4329-a43a-f1b060e7626b,relationship--1ac36840-525f-4361-86dc-3d6567a18b0a,
DC0016,Module Load,x-mitre-data-component--c0a4a086-cc20-4e1e-b7cb-29d99dfa3fb1,T1548.002,Bypass User Account Control,attack-pattern--120d5519-3098-4e1c-9191-2aa61232f073,True,DET0388,Detection Strategy for T1548.002 – Bypass User Account Control (UAC),x-mitre-detection-strategy--d6619253-10cd-4b90-84b5-364c418d2484,relationship--f05583ec-3ed9-42f7-8779-05399318616e,
DC0016,Module Load,x-mitre-data-component--c0a4a086-cc20-4e1e-b7cb-29d99dfa3fb1,T1550.003,Pass the Ticket,attack-pattern--7b211ac6-c815-4189-93a9-ab415deca926,True,DET0352,Detection Strategy for T1550.003 - Pass the Ticket (Windows),x-mitre-detection-strategy--5f53739d-3a41-4f7e-a83d-219a0c64e7a1,relationship--8c7004e4-8b41-436a-91e5-6b026eeaf062,
DC0016,Module Load,x-mitre-data-component--c0a4a086-cc20-4e1e-b7cb-29d99dfa3fb1,T1553.002,Code Signing,attack-pattern--32901740-b42c-4fdd-bc02-345b5dc57082,True,DET0230,Detect Suspicious or Malicious Code Signing Abuse,x-mitre-detection-strategy--01cc085c-7d7d-49fc-9d15-bc5b2226026a,relationship--e938af0c-04ae-43d6-bd23-5ee204c8e306,
DC0016,Module Load,x-mitre-data-component--c0a4a086-cc20-4e1e-b7cb-29d99dfa3fb1,T1553.003,SIP and Trust Provider Hijacking,attack-pattern--543fceb5-cb92-40cb-aacf-6913d4db58bc,True,DET0442,Detection Strategy for Subvert Trust Controls using SIP and Trust Provider Hijacking.,x-mitre-detection-strategy--541f2335-1046-4621-9829-1a4a305069c5,relationship--1473a2c5-641b-42cb-93ee-9ff61b542453,
DC0016,Module Load,x-mitre-data-component--c0a4a086-cc20-4e1e-b7cb-29d99dfa3fb1,T1554,Compromise Host Software Binary,attack-pattern--960c3c86-1480-4d72-b4e0-8c242e84a5c5,False,DET0336,Detect Compromise of Host Software Binaries,x-mitre-detection-strategy--110a934e-881a-4e42-9619-b6de30f4a39e,relationship--3e8f14c9-f336-4f2a-ad91-5d82669d1d90,
DC0016,Module Load,x-mitre-data-component--c0a4a086-cc20-4e1e-b7cb-29d99dfa3fb1,T1556,Modify Authentication Process,attack-pattern--f4c1826f-a322-41cd-9557-562100848c84,False,DET0104,Detect Modification of Authentication Processes Across Platforms,x-mitre-detection-strategy--d51dd574-9171-4c46-89bc-0e3bb1178dfe,relationship--d071af46-206b-4ad4-994a-a4ffb350676e,
DC0016,Module Load,x-mitre-data-component--c0a4a086-cc20-4e1e-b7cb-29d99dfa3fb1,T1556.001,Domain Controller Authentication,attack-pattern--d4b96d2c-1032-4b22-9235-2b5b649d0605,True,DET0271,Detect Domain Controller Authentication Process Modification (Skeleton Key),x-mitre-detection-strategy--3ac249d7-5e15-47b4-a507-18d94b11de4d,relationship--8dd635ff-46d9-4c4c-96f3-d1f94643ae30,
DC0016,Module Load,x-mitre-data-component--c0a4a086-cc20-4e1e-b7cb-29d99dfa3fb1,T1556.002,Password Filter DLL,attack-pattern--3731fbcd-0e43-47ae-ae6c-d15e510f0d42,True,DET0472,Detect Malicious Password Filter DLL Registration,x-mitre-detection-strategy--f722c058-8449-49ee-8e18-c3e76ec60a51,relationship--a19f09ed-2ca4-4b50-ac5c-1709b490ab3e,
DC0016,Module Load,x-mitre-data-component--c0a4a086-cc20-4e1e-b7cb-29d99dfa3fb1,T1556.007,Hybrid Identity,attack-pattern--54ca26f3-c172-4231-93e5-ccebcac2161f,True,DET0293,Detect Hybrid Identity Authentication Process Modification,x-mitre-detection-strategy--6b681059-99f7-46ff-bd36-96fd414074d4,relationship--80b99ad7-0121-409f-b307-46074c6e8c0b,
DC0016,Module Load,x-mitre-data-component--c0a4a086-cc20-4e1e-b7cb-29d99dfa3fb1,T1556.008,Network Provider DLL,attack-pattern--90c4a591-d02d-490b-92aa-619d9701ac04,True,DET0580,Detect Network Provider DLL Registration and Credential Capture,x-mitre-detection-strategy--552a7d85-4ac4-48cd-9072-61a4c6b2c682,relationship--f80b62c3-bab4-4c50-b725-1e49c90961bf,
DC0016,Module Load,x-mitre-data-component--c0a4a086-cc20-4e1e-b7cb-29d99dfa3fb1,T1559.001,Component Object Model,attack-pattern--2f6b4ed7-fef1-44ba-bcb8-1b4beb610b64,True,DET0224,Detect Abuse of Component Object Model (T1559.001),x-mitre-detection-strategy--96c3e267-9dde-45cb-b700-e27c1a672cf8,relationship--d0ddea1d-b83d-4514-95f8-95f6d6909717,
DC0016,Module Load,x-mitre-data-component--c0a4a086-cc20-4e1e-b7cb-29d99dfa3fb1,T1559.002,Dynamic Data Exchange,attack-pattern--232a7e42-cd6e-4902-8fe9-2960f529dd4d,True,DET0504,Detect Abuse of Dynamic Data Exchange (T1559.002),x-mitre-detection-strategy--3f3ebc58-fff0-4083-bc5c-ee7308026a20,relationship--1e59c2f0-d933-478b-ba5c-f1518a467465,
DC0016,Module Load,x-mitre-data-component--c0a4a086-cc20-4e1e-b7cb-29d99dfa3fb1,T1560,Archive Collected Data,attack-pattern--53ac20cd-aca3-406e-9aa0-9fc7fdc60a5a,False,DET0526,Detect Archiving and Encryption of Collected Data (T1560),x-mitre-detection-strategy--043bc738-1f07-4d28-9f5c-1b1f81525e7c,relationship--162725e0-fc79-42ea-95a3-436b1f772d5b,
DC0016,Module Load,x-mitre-data-component--c0a4a086-cc20-4e1e-b7cb-29d99dfa3fb1,T1560.001,Archive via Utility,attack-pattern--00f90846-cbd1-4fc5-9233-df5c2bf2a662,True,DET0298,Detect Archiving via Utility (T1560.001),x-mitre-detection-strategy--e8528ab8-3467-423b-92b6-115f8ecc266d,relationship--c7013933-c677-45a7-9e5d-b3e76d2cd089,
DC0016,Module Load,x-mitre-data-component--c0a4a086-cc20-4e1e-b7cb-29d99dfa3fb1,T1560.002,Archive via Library,attack-pattern--41868330-6ee2-4d0f-b743-9f2294c3c9b6,True,DET0268,Detect Archiving via Library (T1560.002),x-mitre-detection-strategy--a3dcb195-d1b5-4bce-b62b-ba9bdaed56d5,relationship--61d0daa0-1566-445b-b9ef-1fc5152ab8f7,
DC0016,Module Load,x-mitre-data-component--c0a4a086-cc20-4e1e-b7cb-29d99dfa3fb1,T1573,Encrypted Channel,attack-pattern--b8902400-e6c5-4ba2-95aa-2d35b442b118,False,DET0273,Detection Strategy for Encrypted Channel across OS Platforms,x-mitre-detection-strategy--08861418-398c-4972-8850-5e11f2d32944,relationship--2b484619-c72b-457d-b362-ceb882438231,
DC0016,Module Load,x-mitre-data-component--c0a4a086-cc20-4e1e-b7cb-29d99dfa3fb1,T1573.001,Symmetric Cryptography,attack-pattern--24bfaeba-cb0d-4525-b3dc-507c77ecec41,True,DET0143,Detection Strategy for Encrypted Channel via Symmetric Cryptography across OS Platforms,x-mitre-detection-strategy--32c549cd-a06b-41f2-8063-8937ba7feab6,relationship--5beb9a05-f114-4a99-802f-c171529ceab1,
DC0016,Module Load,x-mitre-data-component--c0a4a086-cc20-4e1e-b7cb-29d99dfa3fb1,T1573.002,Asymmetric Cryptography,attack-pattern--bf176076-b789-408e-8cba-7275e81c0ada,True,DET0543,Detection Strategy for Encrypted Channel via Asymmetric Cryptography across OS Platforms,x-mitre-detection-strategy--e5448ab8-39d6-4364-ae7f-0459687251f7,relationship--9ebeb874-e04d-4fee-9b10-dd6bd829956e,
DC0016,Module Load,x-mitre-data-component--c0a4a086-cc20-4e1e-b7cb-29d99dfa3fb1,T1574,Hijack Execution Flow,attack-pattern--aedfca76-3b30-4866-b2aa-0f1d7fd1e4b6,False,DET0218,Detection Strategy for Hijack Execution Flow across OS platforms.,x-mitre-detection-strategy--07669925-383b-455b-a3e2-3a79e18eed27,relationship--978cce2b-4185-4d79-87c9-4754712b5623,
DC0016,Module Load,x-mitre-data-component--c0a4a086-cc20-4e1e-b7cb-29d99dfa3fb1,T1574.001,DLL,attack-pattern--2fee9321-3e71-4cf4-af24-d4d40d355b34,True,DET0201,Detection Strategy for Hijack Execution Flow for DLLs,x-mitre-detection-strategy--bd33de0c-1ed7-42ea-b77d-1fd5d33acd3b,relationship--21fcc54f-0e35-4b2f-8c97-294f0f345d3f,
DC0016,Module Load,x-mitre-data-component--c0a4a086-cc20-4e1e-b7cb-29d99dfa3fb1,T1574.004,Dylib Hijacking,attack-pattern--fc742192-19e3-466c-9eb5-964a97b29490,True,DET0152,Detection Strategy for Hijack Execution Flow: Dylib Hijacking,x-mitre-detection-strategy--eca47fcc-6bee-43b1-9569-631a22be5fe0,relationship--89ecadf2-0a07-44d5-9209-6215eb4fab32,
DC0016,Module Load,x-mitre-data-component--c0a4a086-cc20-4e1e-b7cb-29d99dfa3fb1,T1574.005,Executable Installer File Permissions Weakness,attack-pattern--70d81154-b187-45f9-8ec5-295d01255979,True,DET0038,Detection Strategy for Hijack Execution Flow using Executable Installer File Permissions Weakness,x-mitre-detection-strategy--07b1eb42-4f7b-4420-972e-2f28f17c0fa0,relationship--3461a5d4-6ab6-4b4b-8c3c-b1a632d09dc2,
DC0016,Module Load,x-mitre-data-component--c0a4a086-cc20-4e1e-b7cb-29d99dfa3fb1,T1574.006,Dynamic Linker Hijacking,attack-pattern--633a100c-b2c9-41bf-9be5-905c1b16c825,True,DET0435,Detection Strategy for Hijack Execution Flow: Dynamic Linker Hijacking,x-mitre-detection-strategy--da2107bd-4733-4d0b-a35c-33f7883e9ae9,relationship--7cc0a19d-6627-483b-9de1-a723124fa736,
DC0016,Module Load,x-mitre-data-component--c0a4a086-cc20-4e1e-b7cb-29d99dfa3fb1,T1574.012,COR_PROFILER,attack-pattern--ffeb0780-356e-4261-b036-cfb6bd234335,True,DET0479,Detection Strategy for Hijack Execution Flow using the Windows COR_PROFILER.,x-mitre-detection-strategy--8276f61b-0147-4e72-94fb-7cdd47dc60ec,relationship--d6cbd80f-a221-4c61-b859-c54576b15b0e,
DC0016,Module Load,x-mitre-data-component--c0a4a086-cc20-4e1e-b7cb-29d99dfa3fb1,T1574.014,AppDomainManager,attack-pattern--356662f7-e315-4759-86c9-6214e2a50ff8,True,DET0517,Detection Strategy for Hijack Execution Flow through the AppDomainManager on Windows.,x-mitre-detection-strategy--387ae9f0-0b8b-49b9-ab85-8f325a583d24,relationship--66f784b0-ff60-4199-ae52-2bc2679bec1e,
DC0016,Module Load,x-mitre-data-component--c0a4a086-cc20-4e1e-b7cb-29d99dfa3fb1,T1600,Weaken Encryption,attack-pattern--1f9012ef-1e10-4e48-915e-e03563435fe8,False,DET0339,Detection Strategy for Weaken Encryption on Network Devices,x-mitre-detection-strategy--de98fda3-10f9-4013-a163-fb9b6c117a9b,relationship--ad530072-41ad-41aa-aaac-0030320feca8,
DC0016,Module Load,x-mitre-data-component--c0a4a086-cc20-4e1e-b7cb-29d99dfa3fb1,T1620,Reflective Code Loading,attack-pattern--4933e63b-9b77-476e-ab29-761bc5b7d15a,False,DET0300,Detection Strategy for Reflective Code Loading,x-mitre-detection-strategy--dc415caf-2f8f-4208-8aa8-7db10729cbfb,relationship--f31bc342-0f87-404e-b0b0-bfd810fac18c,
DC0016,Module Load,x-mitre-data-component--c0a4a086-cc20-4e1e-b7cb-29d99dfa3fb1,T1678,Delay Execution,attack-pattern--a1df809c-7d0e-459f-8fe5-25474bab770b,False,DET0372,Multi-Platform Detection Strategy for T1678 - Delay Execution,x-mitre-detection-strategy--e98d37af-727b-44a7-a72b-cdcf8a481a12,relationship--8c893aca-667a-4373-9bfb-365fafa87787,
DC0017,Cloud Storage Enumeration,x-mitre-data-component--fcc4811f-9cc8-4db5-8097-4d8242a380de,T1491.002,External Defacement,attack-pattern--0cfe31a7-81fc-472c-bc45-e2808d1066a3,True,DET0590,Behavioral Detection of External Website Defacement across Platforms,x-mitre-detection-strategy--33bbfada-99c8-4cac-8b21-fa013959001d,relationship--d52b008d-870a-488e-b872-3485409845f3,
DC0017,Cloud Storage Enumeration,x-mitre-data-component--fcc4811f-9cc8-4db5-8097-4d8242a380de,T1580,Cloud Infrastructure Discovery,attack-pattern--57a3d31a-d04f-4663-b2da-7df8ec3f8c9d,False,DET0169,Detection Strategy for Cloud Infrastructure Discovery,x-mitre-detection-strategy--22331b2d-e8a1-4820-ae6b-7d04f24f7df7,relationship--87f3ef36-2cfb-4707-96ea-650c60471651,
DC0017,Cloud Storage Enumeration,x-mitre-data-component--fcc4811f-9cc8-4db5-8097-4d8242a380de,T1619,Cloud Storage Object Discovery,attack-pattern--8565825b-21c8-4518-b75e-cbc4c717a156,False,DET0578,Detection Strategy for Cloud Storage Object Discovery,x-mitre-detection-strategy--c4f5335d-8e85-4b45-86b1-1d5a8cc6523d,relationship--283829b4-a0ef-4dd8-b9d3-d35d2017b96e,
DC0018,Host Status,x-mitre-data-component--85a533a4-5fa4-4dba-b45d-f0717bedd6e6,T1011,Exfiltration Over Other Network Medium,attack-pattern--51ea26b1-ff1e-4faa-b1a0-1114cd298c87,False,DET0077,Detection of Exfiltration Over Alternate Network Interfaces,x-mitre-detection-strategy--9280a84d-bf77-4a86-a052-ce6ea0d50e72,relationship--9cd323fc-5b81-49ac-9457-4c17292ba25e,
DC0018,Host Status,x-mitre-data-component--85a533a4-5fa4-4dba-b45d-f0717bedd6e6,T1195.003,Compromise Hardware Supply Chain,attack-pattern--39131305-9282-45e4-ac3b-591d2d4fc3ef,True,DET0368,Hardware Supply Chain Compromise Detection via Host Status & Boot Integrity Checks,x-mitre-detection-strategy--4dfcf95f-0bbb-4ae7-8bd5-91e3e6c51809,relationship--37fa991d-a766-4131-9843-441d5bbe763b,
DC0018,Host Status,x-mitre-data-component--85a533a4-5fa4-4dba-b45d-f0717bedd6e6,T1496,Resource Hijacking,attack-pattern--cd25c1b4-935c-4f0e-ba8d-552f28bc4783,False,DET0267,Resource Hijacking Detection Strategy,x-mitre-detection-strategy--440ddaf2-4e80-4699-90d7-0bdccdfeece6,relationship--c267dfc4-92f8-41f5-a101-177153e674c3,
DC0018,Host Status,x-mitre-data-component--85a533a4-5fa4-4dba-b45d-f0717bedd6e6,T1496.001,Compute Hijacking,attack-pattern--a718a0c8-5768-41a1-9958-a1cc3f995e99,True,DET0540,Multi-Platform Behavioral Detection for Compute Hijacking,x-mitre-detection-strategy--be288974-9b74-41c1-8c43-66aef169255a,relationship--9176ca84-16bf-4a60-bce5-ffa6093c8145,
DC0018,Host Status,x-mitre-data-component--85a533a4-5fa4-4dba-b45d-f0717bedd6e6,T1498.001,Direct Network Flood,attack-pattern--0bda01d5-4c1d-4062-8ee2-6872334383c3,True,DET0343,"Direct Network Flood Detection across IaaS, Linux, Windows, and macOS",x-mitre-detection-strategy--6e1ea095-9f21-4544-8e9b-4fab2668033e,relationship--fcf5a880-eee6-45b7-8d2b-10b640b0fa62,
DC0018,Host Status,x-mitre-data-component--85a533a4-5fa4-4dba-b45d-f0717bedd6e6,T1498.002,Reflection Amplification,attack-pattern--36b2a1d7-e09e-49bf-b45e-477076c2ec01,True,DET0408,Detection Strategy for Reflection Amplification DoS (T1498.002),x-mitre-detection-strategy--20f5a44b-e9bb-48e9-9bea-e7a3d757005f,relationship--dc306a42-ed88-4bd8-9c12-7cceabe67490,
DC0018,Host Status,x-mitre-data-component--85a533a4-5fa4-4dba-b45d-f0717bedd6e6,T1499,Endpoint Denial of Service,attack-pattern--c675646d-e204-4aa8-978d-e3d6d65885c4,False,DET0208,Endpoint Resource Saturation and Crash Pattern Detection Across Platforms,x-mitre-detection-strategy--253b632e-c4cb-4207-9b6a-58a35a07d2ea,relationship--cbf233dc-3732-45d3-b89a-b7df7dc1d2ff,
DC0018,Host Status,x-mitre-data-component--85a533a4-5fa4-4dba-b45d-f0717bedd6e6,T1499.001,OS Exhaustion Flood,attack-pattern--0df05477-c572-4ed6-88a9-47c581f548f7,True,DET0356,Endpoint DoS via OS Exhaustion Flood Detection Strategy,x-mitre-detection-strategy--bdf67026-8adb-41da-9a58-c9acba4da1f3,relationship--2027adf0-d101-4183-865b-f377ea9df209,
DC0018,Host Status,x-mitre-data-component--85a533a4-5fa4-4dba-b45d-f0717bedd6e6,T1499.002,Service Exhaustion Flood,attack-pattern--38eb0c22-6caf-46ce-8869-5964bd735858,True,DET0173,Detection Strategy for Endpoint DoS via Service Exhaustion Flood,x-mitre-detection-strategy--1a45b10a-c410-4212-8018-7c00bb292dab,relationship--32595fc5-b57a-4052-8e1c-a2d01d6e3d14,
DC0018,Host Status,x-mitre-data-component--85a533a4-5fa4-4dba-b45d-f0717bedd6e6,T1499.003,Application Exhaustion Flood,attack-pattern--18cffc21-3260-437e-80e4-4ab8bf2ba5e9,True,DET0415,Application Exhaustion Flood Detection Across Platforms,x-mitre-detection-strategy--430abda8-2a2c-4ab8-bbd6-eb205a189362,relationship--c0da39f7-4127-4627-b098-822e3a1a61a9,
DC0018,Host Status,x-mitre-data-component--85a533a4-5fa4-4dba-b45d-f0717bedd6e6,T1529,System Shutdown/Reboot,attack-pattern--ff73aa03-0090-4464-83ac-f89e233c02bc,False,DET0559,Multi-Platform Shutdown or Reboot Detection via Execution and Host Status Events,x-mitre-detection-strategy--2a464ecb-46ef-41f0-8ab6-a97a99ad0559,relationship--a50b52d6-3634-4b87-8169-673ec219ce0b,
DC0018,Host Status,x-mitre-data-component--85a533a4-5fa4-4dba-b45d-f0717bedd6e6,T1548.006,TCC Manipulation,attack-pattern--e8a0a025-3601-4755-abfb-8d08283329fb,True,DET0534,TCC Database Manipulation via Launchctl and Unprotected SIP,x-mitre-detection-strategy--f1fdcaa2-7040-4cea-a934-7397566a312b,relationship--114f8e08-4e45-4e20-aad7-d7b265a9f5f2,
DC0018,Host Status,x-mitre-data-component--85a533a4-5fa4-4dba-b45d-f0717bedd6e6,T1562.006,Indicator Blocking,attack-pattern--74d2a63f-3c7b-4852-92da-02d8fbab16da,True,DET0239,Detection Strategy for Impair Defenses Indicator Blocking,x-mitre-detection-strategy--0596d971-9552-4cd0-a5aa-4385cf707371,relationship--93fc4a2c-22f3-448b-b0c0-3b9282299558,
DC0018,Host Status,x-mitre-data-component--85a533a4-5fa4-4dba-b45d-f0717bedd6e6,T1562.011,Spoof Security Alerting,attack-pattern--bef8aaee-961d-4359-a308-4c2182bcedff,True,DET0311,Detection for Spoofing Security Alerting across OS Platforms,x-mitre-detection-strategy--fecfb9f9-645e-4e09-ba21-05bc60722688,relationship--ee5beba3-88c2-4152-a39f-17d1376f3d41,
DC0019,Pod Creation,x-mitre-data-component--5263cb33-08cc-4a68-820f-004e1e400d76,T1059.013,Container CLI/API,attack-pattern--c283d88f-8c23-4318-9da5-3d50cecad756,True,DET0083,Container CLI and API Abuse via Docker/Kubernetes (T1059.013),x-mitre-detection-strategy--26580351-9bc3-4e03-b5ad-139d38303707,relationship--72997815-8014-4964-861d-a419d77066c9,
DC0019,Pod Creation,x-mitre-data-component--5263cb33-08cc-4a68-820f-004e1e400d76,T1543.005,Container Service,attack-pattern--b0e54bf7-835e-4f44-bd8e-62f431b9b76a,True,DET0473,Detect persistent or elevated container services via container runtime or cluster manipulation,x-mitre-detection-strategy--81ac26e4-c4f6-4368-842f-50033ca8522b,relationship--a0a7fa79-fe0a-4f2c-aa23-5bc18c1c4891,
DC0020,Process Modification,x-mitre-data-component--d5fca4e4-e47a-487b-873f-3d22f8865e96,T1027.002,Software Packing,attack-pattern--deb98323-e13f-4b0c-8d94-175379069062,True,DET0023,Obfuscated Binary Unpacking Detection via Behavioral Patterns,x-mitre-detection-strategy--7a182af0-a7e1-41a1-ae5e-ac76ff7f5948,relationship--5b689a4b-b408-4bb2-ad48-4d3c750ec6f9,
DC0020,Process Modification,x-mitre-data-component--d5fca4e4-e47a-487b-873f-3d22f8865e96,T1027.005,Indicator Removal from Tools,attack-pattern--b0533c6e-8fea-4788-874f-b799cacc4b92,True,DET0189,Detection Strategy for Indicator Removal from Tools - Post-AV Evasion Modification,x-mitre-detection-strategy--6ab338c4-9ed3-4f63-9462-b13cea5a68b0,relationship--1afa36ca-4af6-4032-93be-aae1dd20d923,
DC0020,Process Modification,x-mitre-data-component--d5fca4e4-e47a-487b-873f-3d22f8865e96,T1027.013,Encrypted/Encoded File,attack-pattern--0d91b3c0-5e50-47c3-949a-2a796f04d144,True,DET0087,Encrypted or Encoded File Payload Detection Strategy,x-mitre-detection-strategy--d70b8fdd-de14-4143-a350-56e3b885b37b,relationship--579a5b5b-38be-48df-8fe7-0718578149fa,
DC0020,Process Modification,x-mitre-data-component--d5fca4e4-e47a-487b-873f-3d22f8865e96,T1027.014,Polymorphic Code,attack-pattern--b577dfc1-0177-4522-8d5a-782127c8592b,True,DET0324,Detection Strategy for Polymorphic Code Mutation and Execution,x-mitre-detection-strategy--380da3b2-d92f-4361-b187-cedc8a118e0f,relationship--471e5702-2a73-4c6d-9ed8-78b037941b6f,
DC0020,Process Modification,x-mitre-data-component--d5fca4e4-e47a-487b-873f-3d22f8865e96,T1027.016,Junk Code Insertion,attack-pattern--671cd17f-a765-48fd-adc4-dad1941b1ae3,True,DET0322,Detection Strategy for Junk Code Obfuscation with Suspicious Execution Patterns,x-mitre-detection-strategy--206790b2-16bc-46db-a605-8bcff576c161,relationship--0310c64d-52dc-4e99-acde-77c20d799e54,
DC0020,Process Modification,x-mitre-data-component--d5fca4e4-e47a-487b-873f-3d22f8865e96,T1036.005,Match Legitimate Resource Name or Location,attack-pattern--1c4e5d32-1fe9-4116-9d9d-59e3925bd6a2,True,DET0347,Detection Strategy for Masquerading via Legitimate Resource Name or Location,x-mitre-detection-strategy--b667390b-a805-401d-9e02-929204825114,relationship--e4659daa-3a14-4873-a1e3-5dc132420257,
DC0020,Process Modification,x-mitre-data-component--d5fca4e4-e47a-487b-873f-3d22f8865e96,T1036.011,Overwrite Process Arguments,attack-pattern--514dc7b3-0b80-4382-80a9-2e2d294f5019,True,DET0164,Detection Strategy for Overwritten Process Arguments Masquerading,x-mitre-detection-strategy--8f268381-938f-454e-8d19-f266b69958ea,relationship--c8ad2b36-a6ae-4d7b-bbe9-de8bddd3fec6,
DC0020,Process Modification,x-mitre-data-component--d5fca4e4-e47a-487b-873f-3d22f8865e96,T1055,Process Injection,attack-pattern--43e7dc91-05b2-474c-b9ac-2ed4fe101f4d,False,DET0508,Behavioral Detection of Process Injection Across Platforms,x-mitre-detection-strategy--9833b57b-4c83-4f58-b4cf-76f041b29273,relationship--9e795af2-1202-480c-88d1-5013027ede32,
DC0020,Process Modification,x-mitre-data-component--d5fca4e4-e47a-487b-873f-3d22f8865e96,T1055.002,Portable Executable Injection,attack-pattern--806a49c4-970d-43f9-9acc-ac0ee11e6662,True,DET0106,Behavioral Detection of PE Injection via Remote Memory Mapping,x-mitre-detection-strategy--65c18137-cad3-4fd3-8b24-22a61850c8a1,relationship--791e4c52-5ed6-4c01-be8c-33e264a749f4,
DC0020,Process Modification,x-mitre-data-component--d5fca4e4-e47a-487b-873f-3d22f8865e96,T1055.003,Thread Execution Hijacking,attack-pattern--41d9846c-f6af-4302-a654-24bba2729bc6,True,DET0295,Behavioral Detection of Thread Execution Hijacking via Thread Suspension and Context Switching,x-mitre-detection-strategy--47dd679b-1bd4-4bb7-a946-5d77fd49a939,relationship--bc58f0e2-64f6-4245-8dc0-4875d51c2868,
DC0020,Process Modification,x-mitre-data-component--d5fca4e4-e47a-487b-873f-3d22f8865e96,T1055.004,Asynchronous Procedure Call,attack-pattern--7c0f17c9-1af6-4628-9cbd-9e45482dd605,True,DET0100,Behavioral Detection of Asynchronous Procedure Call (APC) Injection via Remote Thread Queuing,x-mitre-detection-strategy--4554ad15-dc0a-44f8-92b6-b8e7dc64385e,relationship--ae7a893f-f309-426e-9486-56669c6ad7b9,
DC0020,Process Modification,x-mitre-data-component--d5fca4e4-e47a-487b-873f-3d22f8865e96,T1055.005,Thread Local Storage,attack-pattern--e49ee9d2-0d98-44ef-85e5-5d3100065744,True,DET0467,Detection Strategy for TLS Callback Injection via PE Memory Modification and Hollowing,x-mitre-detection-strategy--a14db1ea-e57e-4bc4-83bb-94a6e7da87b0,relationship--3a1a518f-f1e0-43c1-8dc2-d514e37b8ed8,
DC0020,Process Modification,x-mitre-data-component--d5fca4e4-e47a-487b-873f-3d22f8865e96,T1055.012,Process Hollowing,attack-pattern--b200542e-e877-4395-875b-cf1a44537ca4,True,DET0382,Detection Strategy for Process Hollowing on Windows,x-mitre-detection-strategy--8e003575-5a6f-458d-be35-a8606c9b7dea,relationship--d9f348c1-07b1-4230-ac20-cb91b2944020,
DC0020,Process Modification,x-mitre-data-component--d5fca4e4-e47a-487b-873f-3d22f8865e96,T1055.014,VDSO Hijacking,attack-pattern--98be40f2-c86b-4ade-b6fc-4964932040e5,True,DET0448,Detection Strategy for VDSO Hijacking on Linux,x-mitre-detection-strategy--b511a320-18a6-46ff-9588-85065c44312f,relationship--99274045-04a8-4149-bb9f-6017a78c377c,
DC0020,Process Modification,x-mitre-data-component--d5fca4e4-e47a-487b-873f-3d22f8865e96,T1055.015,ListPlanting,attack-pattern--eb2cb5cb-ae87-4de0-8c35-da2a17aafb99,True,DET0331,Detection Strategy for ListPlanting Injection on Windows,x-mitre-detection-strategy--175b97d9-287e-4ab6-ae95-8652c224f02a,relationship--04b7d6f0-5fdd-40ae-a0b4-08af20e052d8,
DC0020,Process Modification,x-mitre-data-component--d5fca4e4-e47a-487b-873f-3d22f8865e96,T1056.004,Credential API Hooking,attack-pattern--f5946b5e-9408-485f-a7f7-b5efc88909b6,True,DET0139,Detection of Credential Harvesting via API Hooking,x-mitre-detection-strategy--d918611a-9d07-4f8b-b70e-2fe1c2f75faf,relationship--3d9168f6-4a61-45d4-b1d3-1c3cef2cafdc,
DC0020,Process Modification,x-mitre-data-component--d5fca4e4-e47a-487b-873f-3d22f8865e96,T1127.001,MSBuild,attack-pattern--c92e3d68-2349-49e4-a341-7edca2deff96,True,DET0556,Behavior-chain detection strategy for T1127.001 Trusted Developer Utilities Proxy Execution: MSBuild (Windows),x-mitre-detection-strategy--5fb0bb0d-cc9c-47aa-86f2-567b4ee642ff,relationship--9ce197cf-1ef3-4fa2-ac91-57ae0064c3a6,
DC0020,Process Modification,x-mitre-data-component--d5fca4e4-e47a-487b-873f-3d22f8865e96,T1185,Browser Session Hijacking,attack-pattern--544b0346-29ad-41e1-a808-501bb4193f47,False,DET0507,"Detect browser session hijacking via privilege, handle access, and remote thread into browsers",x-mitre-detection-strategy--759a29fb-8697-46f7-baa3-a891b28c064e,relationship--88d75e64-5f13-4017-a635-9a52e3458bb2,
DC0020,Process Modification,x-mitre-data-component--d5fca4e4-e47a-487b-873f-3d22f8865e96,T1189,Drive-by Compromise,attack-pattern--d742a578-d70e-4d0e-96a6-02a9c30204e6,False,DET0176,"Drive-by Compromise — Behavior-based, Multi-platform Detection Strategy (T1189)",x-mitre-detection-strategy--a070f9d2-3480-4362-99b3-8b36f5be0189,relationship--65f2dd08-9e93-4599-ad36-0a8d6ef742e3,
DC0020,Process Modification,x-mitre-data-component--d5fca4e4-e47a-487b-873f-3d22f8865e96,T1195,Supply Chain Compromise,attack-pattern--3f18edba-28f4-4bb9-82c3-8aa60dcac5f7,False,DET0537,Behavioral detection for Supply Chain Compromise (package/update tamper → install → first-run),x-mitre-detection-strategy--18c9199f-d6b6-4efe-ac90-9a1b7b8c6f36,relationship--5f50e76f-fc9b-4f3f-948f-408f58ab2894,
DC0020,Process Modification,x-mitre-data-component--d5fca4e4-e47a-487b-873f-3d22f8865e96,T1195.001,Compromise Software Dependencies and Development Tools,attack-pattern--191cc6af-1bb2-4344-ab5f-28e496638720,True,DET0009,Supply-chain tamper in dependencies/dev-tools (manager→write/install→first-run→egress),x-mitre-detection-strategy--ec870f2d-bba3-43f9-95b8-c2f85678dba4,relationship--f21676c2-dc39-4d2e-b551-5ed654dddef3,
DC0020,Process Modification,x-mitre-data-component--d5fca4e4-e47a-487b-873f-3d22f8865e96,T1480,Execution Guardrails,attack-pattern--853c4192-4311-43e1-bfbb-b11b14911852,False,DET0562,Multi-Platform Execution Guardrails Environmental Validation Detection Strategy,x-mitre-detection-strategy--99bdd6d6-ebef-40e2-83d2-2f39408c82e3,relationship--d1b82c9a-003e-4eb2-b34d-d2b2dbbebe19,
DC0020,Process Modification,x-mitre-data-component--d5fca4e4-e47a-487b-873f-3d22f8865e96,T1560.003,Archive via Custom Method,attack-pattern--143c0cbb-a297-4142-9624-87ffc778980b,True,DET0438,Detect Archiving via Custom Method (T1560.003),x-mitre-detection-strategy--edf894b7-052a-4baf-8984-f01ec773c80c,relationship--faac8263-f700-42c5-a7a7-302c7ea07848,
DC0020,Process Modification,x-mitre-data-component--d5fca4e4-e47a-487b-873f-3d22f8865e96,T1562.012,Disable or Modify Linux Audit System,attack-pattern--562e9b64-7239-493d-80f4-2bff900d9054,True,DET0062,Detection Strategy for Disable or Modify Linux Audit System,x-mitre-detection-strategy--1d769567-7e82-47f4-8dc8-5a503f524134,relationship--2c4b8cd4-3eb9-40c0-87ef-05fb39bc5f48,
DC0021,OS API Execution,x-mitre-data-component--9bde2f9d-a695-4344-bfac-f2dce13d121e,T1010,Application Window Discovery,attack-pattern--4ae4f953-fe58-4cc8-a327-33257e30a830,False,DET0097,Detection of Application Window Enumeration via API or Scripting,x-mitre-detection-strategy--d2daf569-4fc9-46a3-97b7-4d3d76c04a64,relationship--5d3892e4-5a49-482a-929b-883fb2cdb765,
DC0021,OS API Execution,x-mitre-data-component--9bde2f9d-a695-4344-bfac-f2dce13d121e,T1027,Obfuscated Files or Information,attack-pattern--b3d682b6-98f2-4fb0-aa3b-b4df007ca70a,False,DET0378,Behavioral Detection of Obfuscated Files or Information,x-mitre-detection-strategy--e3758cbb-5dd9-4aad-b848-0539a8c56307,relationship--f1b0ce50-319c-455f-a8b2-a90f32310364,
DC0021,OS API Execution,x-mitre-data-component--9bde2f9d-a695-4344-bfac-f2dce13d121e,T1027.007,Dynamic API Resolution,attack-pattern--ea4c2f9c-9df1-477c-8c42-6da1118f2ac4,True,DET0091,Detection Strategy for Dynamic API Resolution via Hash-Based Function Lookups,x-mitre-detection-strategy--063eac3f-9c2a-429a-ad7c-ae7f49158bb2,relationship--c032d3e6-73e7-4918-9323-ee7c06a58cfc,
DC0021,OS API Execution,x-mitre-data-component--9bde2f9d-a695-4344-bfac-f2dce13d121e,T1033,System Owner/User Discovery,attack-pattern--03d7999c-1f4c-42cc-8373-e7690d318104,False,DET0093,Behavioral Detection of User Discovery via Local and Remote Enumeration,x-mitre-detection-strategy--050d236f-745a-4801-add6-50cb58248615,relationship--8fdf3a18-e1c3-4db4-8f68-15121c910826,
DC0021,OS API Execution,x-mitre-data-component--9bde2f9d-a695-4344-bfac-f2dce13d121e,T1036.009,Break Process Trees,attack-pattern--34a80bc4-80f2-46e6-94ff-f3265a4b657c,True,DET0443,Detection Strategy for Masquerading via Breaking Process Trees,x-mitre-detection-strategy--eccdd5b4-e19e-4254-909e-4a9c2e3ac27e,relationship--cf6b6a0b-4dac-4fe8-92df-9b7587808512,
DC0021,OS API Execution,x-mitre-data-component--9bde2f9d-a695-4344-bfac-f2dce13d121e,T1036.012,Browser Fingerprint,attack-pattern--afac5dbc-4383-4fb6-9ba6-45b25d49e530,True,DET0898,Detection of Spoofed User-Agent,x-mitre-detection-strategy--ad21a251-e824-4368-a04c-8a480ee653cc,relationship--4f0c1449-c5fb-4d6d-b023-4f59f3fca8b0,
DC0021,OS API Execution,x-mitre-data-component--9bde2f9d-a695-4344-bfac-f2dce13d121e,T1049,System Network Connections Discovery,attack-pattern--7e150503-88e7-4861-866b-ff1ac82c4475,False,DET0320,Detection of System Network Connections Discovery Across Platforms,x-mitre-detection-strategy--7c45d09a-030e-4b30-b2d9-41fee3daa293,relationship--e287f030-f0b4-4491-b4c8-d5b5d9057e81,
DC0021,OS API Execution,x-mitre-data-component--9bde2f9d-a695-4344-bfac-f2dce13d121e,T1055,Process Injection,attack-pattern--43e7dc91-05b2-474c-b9ac-2ed4fe101f4d,False,DET0508,Behavioral Detection of Process Injection Across Platforms,x-mitre-detection-strategy--9833b57b-4c83-4f58-b4cf-76f041b29273,relationship--9e795af2-1202-480c-88d1-5013027ede32,
DC0021,OS API Execution,x-mitre-data-component--9bde2f9d-a695-4344-bfac-f2dce13d121e,T1055.003,Thread Execution Hijacking,attack-pattern--41d9846c-f6af-4302-a654-24bba2729bc6,True,DET0295,Behavioral Detection of Thread Execution Hijacking via Thread Suspension and Context Switching,x-mitre-detection-strategy--47dd679b-1bd4-4bb7-a946-5d77fd49a939,relationship--bc58f0e2-64f6-4245-8dc0-4875d51c2868,
DC0021,OS API Execution,x-mitre-data-component--9bde2f9d-a695-4344-bfac-f2dce13d121e,T1055.004,Asynchronous Procedure Call,attack-pattern--7c0f17c9-1af6-4628-9cbd-9e45482dd605,True,DET0100,Behavioral Detection of Asynchronous Procedure Call (APC) Injection via Remote Thread Queuing,x-mitre-detection-strategy--4554ad15-dc0a-44f8-92b6-b8e7dc64385e,relationship--ae7a893f-f309-426e-9486-56669c6ad7b9,
DC0021,OS API Execution,x-mitre-data-component--9bde2f9d-a695-4344-bfac-f2dce13d121e,T1055.005,Thread Local Storage,attack-pattern--e49ee9d2-0d98-44ef-85e5-5d3100065744,True,DET0467,Detection Strategy for TLS Callback Injection via PE Memory Modification and Hollowing,x-mitre-detection-strategy--a14db1ea-e57e-4bc4-83bb-94a6e7da87b0,relationship--3a1a518f-f1e0-43c1-8dc2-d514e37b8ed8,
DC0021,OS API Execution,x-mitre-data-component--9bde2f9d-a695-4344-bfac-f2dce13d121e,T1055.008,Ptrace System Calls,attack-pattern--ea016b56-ae0e-47fe-967a-cc0ad51af67f,True,DET0203,Detection Strategy for Ptrace-Based Process Injection on Linux,x-mitre-detection-strategy--c2768ab6-522f-4b88-b3f7-a30230208ceb,relationship--d6140824-52d0-43b8-96ad-cc96366517dd,
DC0021,OS API Execution,x-mitre-data-component--9bde2f9d-a695-4344-bfac-f2dce13d121e,T1055.009,Proc Memory,attack-pattern--d201d4cc-214d-4a74-a1ba-b3fa09fd4591,True,DET0541,Detection Strategy for /proc Memory Injection on Linux,x-mitre-detection-strategy--452c12a6-e74d-4244-a298-e9adaaf23794,relationship--2b5421b8-8bca-41b8-8a83-878f40e0b0c5,
DC0021,OS API Execution,x-mitre-data-component--9bde2f9d-a695-4344-bfac-f2dce13d121e,T1055.011,Extra Window Memory Injection,attack-pattern--0042a9f5-f053-4769-b3ef-9ad018dfa298,True,DET0217,Detection Strategy for Extra Window Memory (EWM) Injection on Windows,x-mitre-detection-strategy--1a8d87f1-48ca-4929-a5cc-2b2a03983f12,relationship--606a9fa1-9738-4372-b2c7-d0bad6c84854,
DC0021,OS API Execution,x-mitre-data-component--9bde2f9d-a695-4344-bfac-f2dce13d121e,T1055.012,Process Hollowing,attack-pattern--b200542e-e877-4395-875b-cf1a44537ca4,True,DET0382,Detection Strategy for Process Hollowing on Windows,x-mitre-detection-strategy--8e003575-5a6f-458d-be35-a8606c9b7dea,relationship--d9f348c1-07b1-4230-ac20-cb91b2944020,
DC0021,OS API Execution,x-mitre-data-component--9bde2f9d-a695-4344-bfac-f2dce13d121e,T1055.013,Process Doppelgänging,attack-pattern--7007935a-a8a7-4c0b-bd98-4e85be8ed197,True,DET0544,Detection Strategy for Process Doppelgänging on Windows,x-mitre-detection-strategy--8373cca7-feb8-44e4-94d0-fc39ea3586d7,relationship--ce558b9d-c5ee-4ae3-97d7-4e3e559b1490,
DC0021,OS API Execution,x-mitre-data-component--9bde2f9d-a695-4344-bfac-f2dce13d121e,T1055.014,VDSO Hijacking,attack-pattern--98be40f2-c86b-4ade-b6fc-4964932040e5,True,DET0448,Detection Strategy for VDSO Hijacking on Linux,x-mitre-detection-strategy--b511a320-18a6-46ff-9588-85065c44312f,relationship--99274045-04a8-4149-bb9f-6017a78c377c,
DC0021,OS API Execution,x-mitre-data-component--9bde2f9d-a695-4344-bfac-f2dce13d121e,T1055.015,ListPlanting,attack-pattern--eb2cb5cb-ae87-4de0-8c35-da2a17aafb99,True,DET0331,Detection Strategy for ListPlanting Injection on Windows,x-mitre-detection-strategy--175b97d9-287e-4ab6-ae95-8652c224f02a,relationship--04b7d6f0-5fdd-40ae-a0b4-08af20e052d8,
DC0021,OS API Execution,x-mitre-data-component--9bde2f9d-a695-4344-bfac-f2dce13d121e,T1056,Input Capture,attack-pattern--bb5a00de-e086-4859-a231-fa793f6797e2,False,DET0102,Behavioral Detection of Input Capture Across Platforms,x-mitre-detection-strategy--c922d994-74bd-4847-a870-c0ae216318c9,relationship--66b2b5b7-2947-46b5-a4b5-b98eea8c793c,
DC0021,OS API Execution,x-mitre-data-component--9bde2f9d-a695-4344-bfac-f2dce13d121e,T1056.001,Keylogging,attack-pattern--09a60ea3-a8d1-4ae5-976e-5783248b72a4,True,DET0089,Behavioral Detection of Keylogging Activity Across Platforms,x-mitre-detection-strategy--fe0d7d82-1575-4685-9a4f-4bf83e0227a0,relationship--4ebf6dc6-2daf-42e3-8fc3-4f6d5ac4d63d,
DC0021,OS API Execution,x-mitre-data-component--9bde2f9d-a695-4344-bfac-f2dce13d121e,T1070.006,Timestomp,attack-pattern--47f2d673-ca62-47e9-929b-1b0be9657611,True,DET0591,Cross-Platform Behavioral Detection of File Timestomping via Metadata Tampering,x-mitre-detection-strategy--f9d25557-f87b-4920-a98b-8a3c9df4bfce,relationship--b146edce-c62f-45b3-950e-cc428f8cd7ef,
DC0021,OS API Execution,x-mitre-data-component--9bde2f9d-a695-4344-bfac-f2dce13d121e,T1111,Multi-Factor Authentication Interception,attack-pattern--dd43c543-bb85-4a6f-aa6e-160d90d06a49,False,DET0246,Detection Strategy for MFA Interception via Input Capture and Smart Card Proxying,x-mitre-detection-strategy--6df13a5a-7d2b-4c9d-8c6e-d57ca850fe15,relationship--16857a1a-a782-4c5e-952d-bf00b8f0d782,
DC0021,OS API Execution,x-mitre-data-component--9bde2f9d-a695-4344-bfac-f2dce13d121e,T1123,Audio Capture,attack-pattern--1035cdf2-3e5f-446f-a7a7-e8f6d7925967,False,DET0221,"Behavioral Detection Strategy for T1123 Audio Capture Across Windows, Linux, macOS",x-mitre-detection-strategy--c7471b0b-ac10-4eac-aae6-cfa821e707dd,relationship--a98091ed-435e-4359-913c-c1a86e4113af,
DC0021,OS API Execution,x-mitre-data-component--9bde2f9d-a695-4344-bfac-f2dce13d121e,T1124,System Time Discovery,attack-pattern--f3c544dc-673c-4ef3-accb-53229f1ae077,False,DET0151,"Behavior-chain, platform-aware detection strategy for T1124 System Time Discovery",x-mitre-detection-strategy--98ae5e06-7ea5-49b9-b793-7f97b1d306b2,relationship--a471c195-dbf1-4c84-a314-393189769d31,
DC0021,OS API Execution,x-mitre-data-component--9bde2f9d-a695-4344-bfac-f2dce13d121e,T1125,Video Capture,attack-pattern--6faf650d-bf31-4eb4-802d-1000cf38efaf,False,DET0197,"Behavior-chain, platform-aware detection strategy for T1125 Video Capture",x-mitre-detection-strategy--e9ee6ab5-333b-4cea-8637-23360d904472,relationship--2b034b90-9a02-4e29-b943-73b1b49459cb,
DC0021,OS API Execution,x-mitre-data-component--9bde2f9d-a695-4344-bfac-f2dce13d121e,T1134,Access Token Manipulation,attack-pattern--dcaa092b-7de9-4a21-977f-7fcb77e89c48,False,DET0283,Behavior-chain detection for T1134 Access Token Manipulation on Windows,x-mitre-detection-strategy--774bbba8-45c2-403d-a445-3a64b3679faf,relationship--d4efc88e-7544-42f4-ae47-a73acc22885a,
DC0021,OS API Execution,x-mitre-data-component--9bde2f9d-a695-4344-bfac-f2dce13d121e,T1134.001,Token Impersonation/Theft,attack-pattern--86850eff-2729-40c3-b85e-c4af26da4a2d,True,DET0482,Behavior-chain detection for T1134.001 Access Token Manipulation: Token Impersonation/Theft on Windows,x-mitre-detection-strategy--0b06e42c-ab1c-4fb7-834b-10293e904173,relationship--0ec457d8-ffb0-459f-aac2-571e7b6111e7,
DC0021,OS API Execution,x-mitre-data-component--9bde2f9d-a695-4344-bfac-f2dce13d121e,T1134.002,Create Process with Token,attack-pattern--677569f9-a8b0-459e-ab24-7f18091fa7bf,True,DET0456,Behavior-chain detection for T1134.002 Create Process with Token (Windows),x-mitre-detection-strategy--78aa8d17-c96f-4ba9-b431-f91157f38553,relationship--76d197d3-8ed8-4e40-9245-a30a29229131,
DC0021,OS API Execution,x-mitre-data-component--9bde2f9d-a695-4344-bfac-f2dce13d121e,T1134.003,Make and Impersonate Token,attack-pattern--8cdeb020-e31e-4f88-a582-f53dcfbda819,True,DET0498,Behavior‑chain detection for T1134.003 Make and Impersonate Token (Windows),x-mitre-detection-strategy--d9cf8032-7b53-4251-8519-a7ccbf6a027a,relationship--662c3c81-4b00-47d1-8110-50e7cb3e03f6,
DC0021,OS API Execution,x-mitre-data-component--9bde2f9d-a695-4344-bfac-f2dce13d121e,T1134.004,Parent PID Spoofing,attack-pattern--93591901-3172-4e94-abf8-6034ab26f44a,True,DET0489,Behavior-chain detection for T1134.004 Access Token Manipulation: Parent PID Spoofing (Windows),x-mitre-detection-strategy--eb751740-80cd-4ec1-a989-8691bf7f2039,relationship--b950ec4c-7d64-4184-9161-bcc199117ed2,
DC0021,OS API Execution,x-mitre-data-component--9bde2f9d-a695-4344-bfac-f2dce13d121e,T1134.005,SID-History Injection,attack-pattern--b7dc639b-24cd-482d-a7f1-8897eda21023,True,DET0136,Behavior-chain detection for T1134.005 Access Token Manipulation: SID-History Injection (Windows),x-mitre-detection-strategy--d32792e2-f927-492b-91bf-ac478cf64868,relationship--c38f2585-064d-4dd7-803b-0354512d492a,
DC0021,OS API Execution,x-mitre-data-component--9bde2f9d-a695-4344-bfac-f2dce13d121e,T1135,Network Share Discovery,attack-pattern--3489cfc5-640f-4bb3-a103-9137b97de79f,False,DET0182,"Behavior-chain detection for T1135 Network Share Discovery across Windows, Linux, and macOS",x-mitre-detection-strategy--e7870b55-7420-444a-9751-99fb5fbf4cd9,relationship--1170753c-b8d9-4bd8-a3d7-e09882b53897,
DC0021,OS API Execution,x-mitre-data-component--9bde2f9d-a695-4344-bfac-f2dce13d121e,T1218.014,MMC,attack-pattern--ffbcfdb0-de22-4106-9ed3-fc23c8a01407,True,DET0222,Detecting MMC (.msc) Proxy Execution and Malicious COM Activation,x-mitre-detection-strategy--f4560945-d62f-48b6-ae94-dcd93c471c45,relationship--e79ec747-79ad-4467-ae3b-724da019de1d,
DC0021,OS API Execution,x-mitre-data-component--9bde2f9d-a695-4344-bfac-f2dce13d121e,T1480.002,Mutual Exclusion,attack-pattern--49fca0d2-685d-41eb-8bd4-05451cc3a742,True,DET0132,Detection of Mutex-Based Execution Guardrails Across Platforms,x-mitre-detection-strategy--d22f1848-fc32-4fdb-999b-9c0845fb6552,relationship--fe03f09f-ee1e-40ce-a413-a06b023e80f6,
DC0021,OS API Execution,x-mitre-data-component--9bde2f9d-a695-4344-bfac-f2dce13d121e,T1497.002,User Activity Based Checks,attack-pattern--91541e7e-b969-40c6-bbd8-1b5352ec2938,True,DET0420,Detect User Activity Based Sandbox Evasion via Input & Artifact Probing,x-mitre-detection-strategy--5463d676-c300-4ab8-9980-d3ed37ac4723,relationship--0e9828c1-9cf3-44a2-b079-41bb6fa79656,
DC0021,OS API Execution,x-mitre-data-component--9bde2f9d-a695-4344-bfac-f2dce13d121e,T1497.003,Time Based Checks,attack-pattern--4bed873f-0b7d-41d4-b93a-b6905d1f90b0,True,DET0141,"Detect Time-Based Evasion via Sleep, Timer Loops, and Delayed Execution",x-mitre-detection-strategy--90b6ef43-3f63-47c5-af59-ed4f95cc9c87,relationship--77e5d090-d1f4-43aa-a068-b1c040875e48,
DC0021,OS API Execution,x-mitre-data-component--9bde2f9d-a695-4344-bfac-f2dce13d121e,T1542.004,ROMMONkit,attack-pattern--a6557c75-798f-42e4-be70-ab4502e0a3bc,True,DET0175,Detection Strategy for T1542.004 Pre-OS Boot: ROMMONkit,x-mitre-detection-strategy--c3924c07-255d-4df9-8357-a47e68c04bbb,relationship--99ff6f4d-187b-4e52-8ad6-b9e471ae96fb,
DC0021,OS API Execution,x-mitre-data-component--9bde2f9d-a695-4344-bfac-f2dce13d121e,T1547.010,Port Monitors,attack-pattern--43881e51-ac74-445b-b4c6-f9f9e9bf23fe,True,DET0204,Detection Strategy for T1547.010 – Port Monitor DLL Persistence via spoolsv.exe (Windows),x-mitre-detection-strategy--a62dbd10-5b61-489c-a465-8f792792778e,relationship--c30dfb12-041c-49d3-bce4-a7de82917d1e,
DC0021,OS API Execution,x-mitre-data-component--9bde2f9d-a695-4344-bfac-f2dce13d121e,T1547.015,Login Items,attack-pattern--84601337-6a55-4ad7-9c35-79e0d1ea2ab3,True,DET0121,Detection Strategy for T1547.015 – Login Items on macOS,x-mitre-detection-strategy--f3cd8bda-d509-4452-a119-3feebb8f05b6,relationship--9dcb8e93-1c4b-41c0-ae2d-6466f46a4d90,
DC0021,OS API Execution,x-mitre-data-component--9bde2f9d-a695-4344-bfac-f2dce13d121e,T1548,Abuse Elevation Control Mechanism,attack-pattern--67720091-eee3-4d2d-ae16-8264567f6f5b,False,DET0345,Detection Strategy for Abuse Elevation Control Mechanism (T1548),x-mitre-detection-strategy--9646aa18-4ebf-43c8-bf4c-670063bc5ef8,relationship--6c4a90f8-082b-4b90-9e8a-e0e900f94923,
DC0021,OS API Execution,x-mitre-data-component--9bde2f9d-a695-4344-bfac-f2dce13d121e,T1548.004,Elevated Execution with Prompt,attack-pattern--b84903f0-c7d5-435d-a69e-de47cc3578c0,True,DET0395,macOS AuthorizationExecuteWithPrivileges Elevation Prompt Detection,x-mitre-detection-strategy--2dd0f2ef-2c31-4b11-a507-91067bb61787,relationship--2d0b8891-2763-4370-bb63-6f41dfcdd965,
DC0021,OS API Execution,x-mitre-data-component--9bde2f9d-a695-4344-bfac-f2dce13d121e,T1555,Credentials from Password Stores,attack-pattern--3fc9b85a-2862-4363-a64d-d692e3ffbee0,False,DET0430,Detect Credentials Access from Password Stores,x-mitre-detection-strategy--1a273fde-f4fc-4ca0-94d4-7df285167b5e,relationship--d682a414-3dc3-4bf0-b6de-cdb3d91d375c,
DC0021,OS API Execution,x-mitre-data-component--9bde2f9d-a695-4344-bfac-f2dce13d121e,T1555.001,Keychain,attack-pattern--1eaebf46-e361-4437-bc23-d5d65a3b92e3,True,DET0396,Detect Access to macOS Keychain for Credential Theft,x-mitre-detection-strategy--cc6c18b5-1fa6-4e27-8c78-e479428bef44,relationship--2be99b50-1b1d-4188-adcb-9a5ad1da1026,
DC0021,OS API Execution,x-mitre-data-component--9bde2f9d-a695-4344-bfac-f2dce13d121e,T1564.004,NTFS File Attributes,attack-pattern--f2857333-11d4-45bf-b064-2c28d8525be5,True,DET0432,Detection Strategy for NTFS File Attribute Abuse (ADS/EAs),x-mitre-detection-strategy--08f7fa2b-13f3-4348-83b8-023c2a68493f,relationship--1c22fcf1-cfeb-4318-8573-c035b04680df,
DC0021,OS API Execution,x-mitre-data-component--9bde2f9d-a695-4344-bfac-f2dce13d121e,T1564.013,Bind Mounts,attack-pattern--5bd41255-a224-4425-a2e2-e9d293eafe1c,True,DET0428,Detection Strategy for Bind Mounts on Linux,x-mitre-detection-strategy--b79f47ca-4c42-4658-ba71-a6374778eb98,relationship--4e46ebb7-87d4-49b1-b0f8-93d897b0ab01,
DC0021,OS API Execution,x-mitre-data-component--9bde2f9d-a695-4344-bfac-f2dce13d121e,T1565,Data Manipulation,attack-pattern--ac9e6b22-11bf-45d7-9181-c1cb08360931,False,DET0059,Detection Strategy for Data Manipulation,x-mitre-detection-strategy--cce3ccaf-87ac-47ae-b9e2-6507b91cb63d,relationship--c05c1979-c5f3-4c01-81dd-45db2055a28c,
DC0021,OS API Execution,x-mitre-data-component--9bde2f9d-a695-4344-bfac-f2dce13d121e,T1565.002,Transmitted Data Manipulation,attack-pattern--d0613359-5781-4fd2-b5be-c269270be1f6,True,DET0254,Detection Strategy of Transmitted Data Manipulation,x-mitre-detection-strategy--1764bbd5-67d1-4225-9c06-0d5aa74d056f,relationship--80f99d79-d102-449e-be48-523a0da815a4,
DC0021,OS API Execution,x-mitre-data-component--9bde2f9d-a695-4344-bfac-f2dce13d121e,T1565.003,Runtime Data Manipulation,attack-pattern--32ad5c86-2bcf-47d8-8fdc-d7f3d79a7490,True,DET0391,Detection Strategy for Runtime Data Manipulation.,x-mitre-detection-strategy--41107d12-dd2e-439f-af29-1a10dcfcb6ce,relationship--c3e03eff-201b-4857-ba09-4999335de433,
DC0021,OS API Execution,x-mitre-data-component--9bde2f9d-a695-4344-bfac-f2dce13d121e,T1574.013,KernelCallbackTable,attack-pattern--a4657bc9-d22f-47d2-a7b7-dd6ec33f3dde,True,DET0577,Detection Strategy for Hijack Execution Flow through the KernelCallbackTable on Windows.,x-mitre-detection-strategy--7ee8426e-2b65-44ed-b6d4-3800b92adf2e,relationship--328731d0-4303-4abe-86de-e5d93d6d8623,
DC0021,OS API Execution,x-mitre-data-component--9bde2f9d-a695-4344-bfac-f2dce13d121e,T1611,Escape to Host,attack-pattern--4a5b7ade-8bb5-4853-84ed-23f262002665,False,DET0219,Detection Strategy for Escape to Host,x-mitre-detection-strategy--8796c5cc-7e5a-402f-8252-f083aafc5cc9,relationship--a7131e1e-1898-403a-b431-099e7c62393c,
DC0021,OS API Execution,x-mitre-data-component--9bde2f9d-a695-4344-bfac-f2dce13d121e,T1614,System Location Discovery,attack-pattern--c877e33f-1df6-40d6-b1e7-ce70f16f4979,False,DET0043,Detection Strategy for System Location Discovery,x-mitre-detection-strategy--9daf5067-79c3-477c-bf41-813aada4770d,relationship--2a170a3a-d02a-48ff-a21c-23f373f8951f,
DC0021,OS API Execution,x-mitre-data-component--9bde2f9d-a695-4344-bfac-f2dce13d121e,T1614.001,System Language Discovery,attack-pattern--c1b68a96-3c48-49ea-a6c0-9b27359f9c19,True,DET0565,Detection Strategy for System Language Discovery,x-mitre-detection-strategy--9d3a5603-ae0e-41fe-b2f5-7f3e44c903d7,relationship--f5a7f182-3a05-43c4-aa12-b3d0bdbbde38,
DC0021,OS API Execution,x-mitre-data-component--9bde2f9d-a695-4344-bfac-f2dce13d121e,T1620,Reflective Code Loading,attack-pattern--4933e63b-9b77-476e-ab29-761bc5b7d15a,False,DET0300,Detection Strategy for Reflective Code Loading,x-mitre-detection-strategy--dc415caf-2f8f-4208-8aa8-7db10729cbfb,relationship--f31bc342-0f87-404e-b0b0-bfd810fac18c,
DC0021,OS API Execution,x-mitre-data-component--9bde2f9d-a695-4344-bfac-f2dce13d121e,T1622,Debugger Evasion,attack-pattern--e4dc8c01-417f-458d-9ee0-bb0617c1b391,False,DET0371,Detection Strategy for Debugger Evasion (T1622),x-mitre-detection-strategy--22f3a380-389d-44f7-a846-c6223fc06ddd,relationship--e6bda228-b1c4-4fc7-b877-457557628832,
DC0022,Cloud Storage Deletion,x-mitre-data-component--4c41e296-b8d2-4a37-b789-eb565c87c00c,T1485,Data Destruction,attack-pattern--d45a3d09-b3cf-48f4-9f0f-f521ee5cb05c,False,DET0146,Detection of Data Destruction Across Platforms via Mass Overwrite and Deletion Patterns,x-mitre-detection-strategy--c54fdf95-c7ac-4ca4-bd99-273e56da20a5,relationship--31ece083-4856-4057-bfca-5dd17221b34b,
DC0022,Cloud Storage Deletion,x-mitre-data-component--4c41e296-b8d2-4a37-b789-eb565c87c00c,T1490,Inhibit System Recovery,attack-pattern--f5d8eed6-48a9-4cdf-a3d7-d1ffa99c3d2a,False,DET0329,Behavioral Detection for T1490 - Inhibit System Recovery,x-mitre-detection-strategy--b13116ed-e9c0-4cd5-81f6-676074078477,relationship--e34bd177-1fb3-46fe-adc1-d40f6538aae7,
DC0023,Cloud Storage Modification,x-mitre-data-component--45977f14-1bcc-4ec4-ac14-a30fd3a11f44,T1485.001,Lifecycle-Triggered Deletion,attack-pattern--1001e0d6-ee09-4dfc-aa90-e9320ffc8fe4,True,DET0041,Detection of Lifecycle Policy Modifications for Triggered Deletion in IaaS Cloud Storage,x-mitre-detection-strategy--cfdf2a13-7059-4532-9d1c-f9129b0e3f7b,relationship--75c3a7ac-3c0c-4bae-a43d-c520b60a2c0d,
DC0023,Cloud Storage Modification,x-mitre-data-component--45977f14-1bcc-4ec4-ac14-a30fd3a11f44,T1486,Data Encrypted for Impact,attack-pattern--b80d107d-fa0d-4b60-9684-b0433e8bdba0,False,DET0215,Detection of Multi-Platform File Encryption for Impact,x-mitre-detection-strategy--d080a1b1-5ad1-45a1-8f7b-b736986c20d9,relationship--245046a7-adc8-4a5a-84b4-e0af6c3b8dc7,
DC0023,Cloud Storage Modification,x-mitre-data-component--45977f14-1bcc-4ec4-ac14-a30fd3a11f44,T1537,Transfer Data to Cloud Account,attack-pattern--d4bdbdea-eaec-4071-b4f9-5105e12ea4b6,False,DET0573,Cross-Platform Detection of Data Transfer to Cloud Account,x-mitre-detection-strategy--22a31282-d190-449b-a102-2d562f906b7d,relationship--95e5c02b-7101-4399-8d56-b5758c3081a6,
DC0024,Cloud Storage Creation,x-mitre-data-component--59ec10d9-546b-4b8e-bccb-fa85f71e5055,T1535,Unused/Unsupported Cloud Regions,attack-pattern--59bd0dec-f8b2-4b9a-9141-37a1e6899761,False,DET0247,Detection of Adversary Use of Unused or Unsupported Cloud Regions (IaaS),x-mitre-detection-strategy--ec3e5f66-a2b8-48ae-9adf-eb4f5014ba70,relationship--17601081-e7e7-4d81-9bb1-d7101c7619ed,
DC0025,Cloud Storage Access,x-mitre-data-component--58ef998c-f3bf-4985-b487-b1005f5c05d1,T1048,Exfiltration Over Alternative Protocol,attack-pattern--a19e86f8-1c0a-4fea-8407-23b73d615776,False,DET0131,Behavioral Detection Strategy for Exfiltration Over Alternative Protocol,x-mitre-detection-strategy--ed9ef930-ec1f-4e57-a110-9b647e2ca195,relationship--0bd2a88c-9f76-42a8-be65-ce9706760dec,
DC0025,Cloud Storage Access,x-mitre-data-component--58ef998c-f3bf-4985-b487-b1005f5c05d1,T1074,Data Staged,attack-pattern--7dd95ff6-712e-4056-9626-312ea4ab4c5e,False,DET0014,Detection of Data Staging Prior to Exfiltration,x-mitre-detection-strategy--11f7fa69-2da4-4280-90d2-abc2f0722683,relationship--f67ae035-646d-4152-aeed-b3b62009e0b2,
DC0025,Cloud Storage Access,x-mitre-data-component--58ef998c-f3bf-4985-b487-b1005f5c05d1,T1074.002,Remote Data Staging,attack-pattern--359b00ad-9425-420b-bba5-6de8d600cbc0,True,DET0071,Detection of Remote Data Staging Prior to Exfiltration,x-mitre-detection-strategy--20f11806-1639-49c5-ae0b-84633a142870,relationship--a5138396-d20a-4980-8316-ab57d5fb0478,
DC0025,Cloud Storage Access,x-mitre-data-component--58ef998c-f3bf-4985-b487-b1005f5c05d1,T1213,Data from Information Repositories,attack-pattern--d28ef391-8ed4-45dc-bc4a-2f43abf54416,False,DET0413,Abuse of Information Repositories for Data Collection,x-mitre-detection-strategy--48e8d8b1-0117-48bd-a32d-f4e43b665bf3,relationship--9f605e91-c94f-48b0-ab9f-1d692649eca5,
DC0025,Cloud Storage Access,x-mitre-data-component--58ef998c-f3bf-4985-b487-b1005f5c05d1,T1213.006,Databases,attack-pattern--248d3fe1-7fe1-4d71-91c7-8bb7ef35cad3,True,DET0242,Suspicious Database Access and Dump Activity Across Environments (T1213.006),x-mitre-detection-strategy--18fe3660-c079-4522-b1d7-7ce7f65f9686,relationship--0425a702-10d7-4033-9af3-7c2b76f4576b,
DC0025,Cloud Storage Access,x-mitre-data-component--58ef998c-f3bf-4985-b487-b1005f5c05d1,T1491,Defacement,attack-pattern--5909f20f-3c39-4795-be06-ef1ea40d350b,False,DET0238,Defacement via File and Web Content Modification Across Platforms,x-mitre-detection-strategy--2d5f2445-a395-4012-b378-c953f2df7353,relationship--84ae8dca-13f2-420f-b473-0d28480e2002,
DC0025,Cloud Storage Access,x-mitre-data-component--58ef998c-f3bf-4985-b487-b1005f5c05d1,T1491.002,External Defacement,attack-pattern--0cfe31a7-81fc-472c-bc45-e2808d1066a3,True,DET0590,Behavioral Detection of External Website Defacement across Platforms,x-mitre-detection-strategy--33bbfada-99c8-4cac-8b21-fa013959001d,relationship--d52b008d-870a-488e-b872-3485409845f3,
DC0025,Cloud Storage Access,x-mitre-data-component--58ef998c-f3bf-4985-b487-b1005f5c05d1,T1528,Steal Application Access Token,attack-pattern--890c9858-598c-401d-a4d5-c67ebcdd703a,False,DET0515,Detection Strategy for T1528 - Steal Application Access Token,x-mitre-detection-strategy--58bdb4c6-510b-4ffc-9703-852614116ac8,relationship--ba18f273-c399-46e3-be3e-205d1140f8d6,
DC0025,Cloud Storage Access,x-mitre-data-component--58ef998c-f3bf-4985-b487-b1005f5c05d1,T1530,Data from Cloud Storage,attack-pattern--3298ce88-1628-43b1-87d9-0b5336b193d7,False,DET0484,Multi-Platform Cloud Storage Exfiltration Behavior Chain,x-mitre-detection-strategy--1177cbb7-bc00-4a36-8774-d51b7b3c66e9,relationship--5a06a041-1cfe-4276-ba47-de008a6f56a3,
DC0025,Cloud Storage Access,x-mitre-data-component--58ef998c-f3bf-4985-b487-b1005f5c05d1,T1619,Cloud Storage Object Discovery,attack-pattern--8565825b-21c8-4518-b75e-cbc4c717a156,False,DET0578,Detection Strategy for Cloud Storage Object Discovery,x-mitre-detection-strategy--c4f5335d-8e85-4b45-86b1-1d5a8cc6523d,relationship--283829b4-a0ef-4dd8-b9d3-d35d2017b96e,
DC0025,Cloud Storage Access,x-mitre-data-component--58ef998c-f3bf-4985-b487-b1005f5c05d1,T1677,Poisoned Pipeline Execution,attack-pattern--7655ac3b-dfde-49c5-a967-242856174434,False,DET0533,Detection Strategy for Poisoned Pipeline Execution via SaaS CI/CD Workflows,x-mitre-detection-strategy--cad3cfb6-1838-4fa3-abfc-aa590f613436,relationship--ce76daca-413c-4075-9ca2-84a1ca1fbc93,
DC0027,Cloud Storage Metadata,x-mitre-data-component--e214eb6d-de8f-4154-9015-6d47915fbed1,T1537,Transfer Data to Cloud Account,attack-pattern--d4bdbdea-eaec-4071-b4f9-5105e12ea4b6,False,DET0573,Cross-Platform Detection of Data Transfer to Cloud Account,x-mitre-detection-strategy--22a31282-d190-449b-a102-2d562f906b7d,relationship--95e5c02b-7101-4399-8d56-b5758c3081a6,
DC0027,Cloud Storage Metadata,x-mitre-data-component--e214eb6d-de8f-4154-9015-6d47915fbed1,T1538,Cloud Service Dashboard,attack-pattern--e49920b0-6c54-40c1-9571-73723653205f,False,DET0291,Detection of Cloud Service Dashboard Usage via GUI-Based Cloud Access,x-mitre-detection-strategy--e2bf0a76-b5e4-4a23-adbb-024454f5dbdc,relationship--3773ce57-ad3c-47ae-8484-6a42338dddf4,
DC0028,Image Metadata,x-mitre-data-component--b597a220-6510-4397-b0d8-342cd2c58827,T1036,Masquerading,attack-pattern--42e8de7b-37b2-4258-905a-6897815e58e0,False,DET0127,Behavioral Detection of Masquerading Across Platforms via Metadata and Execution Discrepancy,x-mitre-detection-strategy--408aedab-4a23-41ad-809d-fe9c3805b7f6,relationship--f6da021e-aaec-4010-baa9-1a02d9e40f9b,
DC0028,Image Metadata,x-mitre-data-component--b597a220-6510-4397-b0d8-342cd2c58827,T1036.005,Match Legitimate Resource Name or Location,attack-pattern--1c4e5d32-1fe9-4116-9d9d-59e3925bd6a2,True,DET0347,Detection Strategy for Masquerading via Legitimate Resource Name or Location,x-mitre-detection-strategy--b667390b-a805-401d-9e02-929204825114,relationship--e4659daa-3a14-4873-a1e3-5dc132420257,
DC0028,Image Metadata,x-mitre-data-component--b597a220-6510-4397-b0d8-342cd2c58827,T1564.006,Run Virtual Instance,attack-pattern--b5327dd1-6bf9-4785-a199-25bcbd1f4a9d,True,DET0321,Detection Strategy for Hidden Virtual Instance Execution,x-mitre-detection-strategy--55321f9d-1646-45b9-b23e-e3c0fe105400,relationship--3ef5c5df-8e91-49c0-bdf8-e2d826c5e7b3,
DC0029,Script Execution,x-mitre-data-component--9f387817-df83-432a-b56b-a8fb7f71eedd,T1016.001,Internet Connection Discovery,attack-pattern--132d5b37-aac5-4378-a8dc-3127b18a73dc,True,DET0357,Behavioral Detection of Internet Connection Discovery,x-mitre-detection-strategy--24eeb599-bc8c-4e86-9adf-232153bcb14b,relationship--f7e3057f-2ed5-4c48-9c93-d10906d28b39,
DC0029,Script Execution,x-mitre-data-component--9f387817-df83-432a-b56b-a8fb7f71eedd,T1037,Boot or Logon Initialization Scripts,attack-pattern--03259939-0b57-482f-8eb5-87c0e0d54334,False,DET0112,Boot or Logon Initialization Scripts Detection Strategy,x-mitre-detection-strategy--6928b108-f04e-4a9b-bda5-53bb0c64ec9b,relationship--db152098-ded9-4b20-9b0a-0044921dae84,
DC0029,Script Execution,x-mitre-data-component--9f387817-df83-432a-b56b-a8fb7f71eedd,T1037.001,Logon Script (Windows),attack-pattern--eb125d40-0b2d-41ac-a71a-3229241c2cd3,True,DET0072,Detect Logon Script Modifications and Execution,x-mitre-detection-strategy--3f27e858-2912-4b43-ac03-f668ef30c47e,relationship--aa3ea0d1-4bbf-400d-9e36-9369288de47e,
DC0029,Script Execution,x-mitre-data-component--9f387817-df83-432a-b56b-a8fb7f71eedd,T1037.003,Network Logon Script,attack-pattern--c63a348e-ffc2-486a-b9d9-d7f11ec54d99,True,DET0367,Detect Network Logon Script Abuse via Multi-Event Correlation on Windows,x-mitre-detection-strategy--2f20791a-0c97-40c1-a09e-7925321f6f66,relationship--6cc862d2-8a97-4a53-a3c5-41615e968956,
DC0029,Script Execution,x-mitre-data-component--9f387817-df83-432a-b56b-a8fb7f71eedd,T1037.004,RC Scripts,attack-pattern--dca670cf-eeec-438f-8185-fd959d9ef211,True,DET0237,Detection Strategy for Boot or Logon Initialization Scripts: RC Scripts,x-mitre-detection-strategy--be6a466c-40c6-4611-9b68-7cfcbcb35fb0,relationship--00b2d214-7126-4b80-866c-4321d6ace9b0,
DC0029,Script Execution,x-mitre-data-component--9f387817-df83-432a-b56b-a8fb7f71eedd,T1056.002,GUI Input Capture,attack-pattern--a2029942-0a85-4947-b23c-ca434698171d,True,DET0521,Behavioral Detection of Spoofed GUI Credential Prompts,x-mitre-detection-strategy--909c86ca-ddd0-4e96-8464-39f5f80ef20e,relationship--a6a8076f-c1d4-4b6c-845e-82022cff159c,
DC0029,Script Execution,x-mitre-data-component--9f387817-df83-432a-b56b-a8fb7f71eedd,T1059.003,Windows Command Shell,attack-pattern--d1fcf083-a721-4223-aedf-bf8960798d62,True,DET0202,Behavioral Detection of Windows Command Shell Execution,x-mitre-detection-strategy--1806ad13-6fa8-4cb0-9d91-c8a989a1d9fe,relationship--ebad757b-f342-4ba1-8695-df0c69952904,
DC0029,Script Execution,x-mitre-data-component--9f387817-df83-432a-b56b-a8fb7f71eedd,T1059.004,Unix Shell,attack-pattern--a9d4b653-6915-42af-98b2-5758c4ceee56,True,DET0384,Behavioral Detection of Unix Shell Execution,x-mitre-detection-strategy--4a89bf52-7be1-405d-8d02-462e52553bc5,relationship--a9b074ff-ade1-47d6-b74b-ed0b14c0a276,
DC0029,Script Execution,x-mitre-data-component--9f387817-df83-432a-b56b-a8fb7f71eedd,T1059.005,Visual Basic,attack-pattern--dfd7cc1d-e1d8-4394-a198-97c4cab8aa67,True,DET0076,Behavioral Detection of Visual Basic Execution (VBS/VBA/VBScript),x-mitre-detection-strategy--4a7f1bc4-4396-49e1-9c75-caa6ecd64047,relationship--0700bc4e-dc25-46d5-9ad0-4c64c7a46fbc,
DC0029,Script Execution,x-mitre-data-component--9f387817-df83-432a-b56b-a8fb7f71eedd,T1059.006,Python,attack-pattern--cc3502b5-30cc-4473-ad48-42d51a6ef6d1,True,DET0063,Cross-Platform Behavioral Detection of Python Execution,x-mitre-detection-strategy--195e8d37-dfe6-4dc8-8012-dc80984872aa,relationship--c1456815-e466-4af0-9777-210636bb342f,
DC0029,Script Execution,x-mitre-data-component--9f387817-df83-432a-b56b-a8fb7f71eedd,T1059.007,JavaScript,attack-pattern--0f4a0c76-ab2d-4cb0-85d3-3f0efb8cba0d,True,DET0264,Cross-Platform Detection of JavaScript Execution Abuse,x-mitre-detection-strategy--6dd441e4-d264-4f7f-b145-9c122955c532,relationship--04ec88c4-d2a0-4d1a-ab06-068dd78fad09,
DC0029,Script Execution,x-mitre-data-component--9f387817-df83-432a-b56b-a8fb7f71eedd,T1059.011,Lua,attack-pattern--afddee82-3385-4682-ad90-eeced33f2d07,True,DET0101,Detection Strategy for Lua Scripting Abuse,x-mitre-detection-strategy--be7a4dda-a46a-4245-8837-e69946a79d3f,relationship--1561faed-2a13-4416-9cab-06159d35f746,
DC0029,Script Execution,x-mitre-data-component--9f387817-df83-432a-b56b-a8fb7f71eedd,T1087,Account Discovery,attack-pattern--72b74d71-8169-42aa-92e0-e7b04b9f5a08,False,DET0587,Enumeration of User or Account Information Across Platforms,x-mitre-detection-strategy--fdda430c-e4f6-43ce-95d6-0f97253ff6a2,relationship--6977ce04-33d6-4080-8e9c-ac61a4a48dfa,
DC0029,Script Execution,x-mitre-data-component--9f387817-df83-432a-b56b-a8fb7f71eedd,T1119,Automated Collection,attack-pattern--30208d3e-0d6b-43c8-883e-44462a514619,False,DET0186,Automated File and API Collection Detection Across Platforms,x-mitre-detection-strategy--5e9a51b5-7e4a-4e78-a1ba-215ce937c877,relationship--e2b97df1-c2d4-4c7d-a96a-907aa01c855f,
DC0029,Script Execution,x-mitre-data-component--9f387817-df83-432a-b56b-a8fb7f71eedd,T1127.001,MSBuild,attack-pattern--c92e3d68-2349-49e4-a341-7edca2deff96,True,DET0556,Behavior-chain detection strategy for T1127.001 Trusted Developer Utilities Proxy Execution: MSBuild (Windows),x-mitre-detection-strategy--5fb0bb0d-cc9c-47aa-86f2-567b4ee642ff,relationship--9ce197cf-1ef3-4fa2-ac91-57ae0064c3a6,
DC0029,Script Execution,x-mitre-data-component--9f387817-df83-432a-b56b-a8fb7f71eedd,T1132.001,Standard Encoding,attack-pattern--04fd5427-79c7-44ea-ae13-11b24778ff1c,True,DET0124,"Behavior-chain detection for T1132.001 Data Encoding: Standard Encoding (Base64/Hex/MIME) across Windows, Linux, macOS, ESXi",x-mitre-detection-strategy--1f6a450a-fd29-4e5c-9708-1ae4616c28c3,relationship--0509ff0b-2095-466f-a6a4-72640f9a77fb,
DC0029,Script Execution,x-mitre-data-component--9f387817-df83-432a-b56b-a8fb7f71eedd,T1132.002,Non-Standard Encoding,attack-pattern--d467bc38-284b-4a00-96ac-125f447799fc,True,DET0326,"Behavior-chain detection for T1132.002 Data Encoding: Non-Standard Encoding across Windows, Linux, macOS, ESXi",x-mitre-detection-strategy--8bcafe59-0a4b-4314-988b-085bf5cdf7a9,relationship--488d1ba3-25ca-4a0c-b0b6-1d8053ce5cd3,
DC0029,Script Execution,x-mitre-data-component--9f387817-df83-432a-b56b-a8fb7f71eedd,T1491.001,Internal Defacement,attack-pattern--8c41090b-aa47-4331-986b-8c9a51a91103,True,DET0082,Internal Website and System Content Defacement via UI or Messaging Modifications,x-mitre-detection-strategy--c8b4a2e4-386f-45b3-b32a-8ca4113e5592,relationship--0222a8bd-9f8c-45f0-9d1b-cb0a2bd3c408,
DC0029,Script Execution,x-mitre-data-component--9f387817-df83-432a-b56b-a8fb7f71eedd,T1505.001,SQL Stored Procedures,attack-pattern--f9e9365a-9ca2-4d9c-8e7c-050d73d1101a,True,DET0181,Detection Strategy for SQL Stored Procedures Abuse via T1505.001,x-mitre-detection-strategy--101bde37-6150-45c6-bf88-3a8cda39b2f0,relationship--d124d653-63e4-4f79-a45e-f96b8bfdb63f,
DC0029,Script Execution,x-mitre-data-component--9f387817-df83-432a-b56b-a8fb7f71eedd,T1546,Event Triggered Execution,attack-pattern--b6301b64-ef57-4cce-bb0b-77026f14a8db,False,DET0010,Behavioral Detection of Event Triggered Execution Across Platforms,x-mitre-detection-strategy--c5e3823f-5ee0-43db-b6fa-b63d6587b24c,relationship--e6a8c456-3c2e-44a6-8614-b5c3e7cb4d98,
DC0029,Script Execution,x-mitre-data-component--9f387817-df83-432a-b56b-a8fb7f71eedd,T1547.015,Login Items,attack-pattern--84601337-6a55-4ad7-9c35-79e0d1ea2ab3,True,DET0121,Detection Strategy for T1547.015 – Login Items on macOS,x-mitre-detection-strategy--f3cd8bda-d509-4452-a119-3feebb8f05b6,relationship--9dcb8e93-1c4b-41c0-ae2d-6466f46a4d90,
DC0029,Script Execution,x-mitre-data-component--9f387817-df83-432a-b56b-a8fb7f71eedd,T1552.006,Group Policy Preferences,attack-pattern--8d7bd4f5-3a89-4453-9c82-2c8894d5655e,True,DET0381,Detect Access and Decryption of Group Policy Preference (GPP) Credentials in SYSVOL,x-mitre-detection-strategy--69b08c7a-c2ab-4e56-935d-ec28143372de,relationship--d2a5aaa1-4faf-4b37-be23-bd1fcc7cd58a,
DC0029,Script Execution,x-mitre-data-component--9f387817-df83-432a-b56b-a8fb7f71eedd,T1556.006,Multi-Factor Authentication,attack-pattern--b4409cd8-0da9-46e1-a401-a241afd4d1cc,True,DET0190,Detect MFA Modification or Disabling Across Platforms,x-mitre-detection-strategy--eccad822-4f5b-4337-8c8b-825cf617f853,relationship--0cf350af-0fc3-4584-9e84-0af50eb17eca,
DC0029,Script Execution,x-mitre-data-component--9f387817-df83-432a-b56b-a8fb7f71eedd,T1559,Inter-Process Communication,attack-pattern--acd0ba37-7ba9-4cc5-ac61-796586cd856d,False,DET0493,Detect Abuse of Inter-Process Communication (T1559),x-mitre-detection-strategy--b38e114c-f00f-4c70-9623-267da801625a,relationship--1b2aecdf-2085-4488-9519-dabeb9402622,
DC0029,Script Execution,x-mitre-data-component--9f387817-df83-432a-b56b-a8fb7f71eedd,T1620,Reflective Code Loading,attack-pattern--4933e63b-9b77-476e-ab29-761bc5b7d15a,False,DET0300,Detection Strategy for Reflective Code Loading,x-mitre-detection-strategy--dc415caf-2f8f-4208-8aa8-7db10729cbfb,relationship--f31bc342-0f87-404e-b0b0-bfd810fac18c,
DC0029,Script Execution,x-mitre-data-component--9f387817-df83-432a-b56b-a8fb7f71eedd,T1651,Cloud Administration Command,attack-pattern--d94b3ae9-8059-4989-8e9f-ea0f601f80a7,False,DET0545,Detection Strategy for Cloud Administration Command,x-mitre-detection-strategy--fda20a62-ad83-4d45-8a65-84883b07707b,relationship--fcda9332-023f-4423-8bcc-e47197b8c158,
DC0029,Script Execution,x-mitre-data-component--9f387817-df83-432a-b56b-a8fb7f71eedd,T1674,Input Injection,attack-pattern--63e3d25c-d57d-407d-8e6a-2cecd71f90be,False,DET0568,Detection Strategy for Input Injection,x-mitre-detection-strategy--f54b8799-acfd-4df4-a2c4-e83071750bde,relationship--dab158f6-c216-43d6-8c8c-f20d76d6206f,
DC0029,Script Execution,x-mitre-data-component--9f387817-df83-432a-b56b-a8fb7f71eedd,T1678,Delay Execution,attack-pattern--a1df809c-7d0e-459f-8fe5-25474bab770b,False,DET0372,Multi-Platform Detection Strategy for T1678 - Delay Execution,x-mitre-detection-strategy--e98d37af-727b-44a7-a72b-cdcf8a481a12,relationship--8c893aca-667a-4373-9bfb-365fafa87787,
DC0031,Kernel Module Load,x-mitre-data-component--23e4ee78-26f3-4fcf-ba43-ab953962f96c,T1547.006,Kernel Modules and Extensions,attack-pattern--a1b52199-c8c5-438a-9ded-656f1d0888c6,True,DET0450,Detection Strategy for Kernel Modules and Extensions Autostart Execution,x-mitre-detection-strategy--df1da8e4-cabf-42f0-8f5f-2fa8086b1423,relationship--0fd967ee-9c2d-45ef-acfb-61ac5a909eaa,
DC0031,Kernel Module Load,x-mitre-data-component--23e4ee78-26f3-4fcf-ba43-ab953962f96c,T1611,Escape to Host,attack-pattern--4a5b7ade-8bb5-4853-84ed-23f262002665,False,DET0219,Detection Strategy for Escape to Host,x-mitre-detection-strategy--8796c5cc-7e5a-402f-8252-f083aafc5cc9,relationship--a7131e1e-1898-403a-b431-099e7c62393c,
DC0032,Process Creation,x-mitre-data-component--3d20385b-24ef-40e1-9f56-f39750379077,T1001,Data Obfuscation,attack-pattern--ad255bfe-a9e6-4b52-a258-8d3462abe842,False,DET0053,Detect Obfuscated C2 via Network Traffic Analysis,x-mitre-detection-strategy--e17b2809-7534-4749-9bd8-95fdb24e4891,relationship--7ed4c50d-fb81-4d1b-b89f-6a8d81994887,
DC0032,Process Creation,x-mitre-data-component--3d20385b-24ef-40e1-9f56-f39750379077,T1001.001,Junk Data,attack-pattern--f7c0689c-4dbd-489b-81be-7cb7c7079ade,True,DET0011,Detecting Junk Data in C2 Channels via Behavioral Analysis,x-mitre-detection-strategy--bb40d0a9-b35b-4adc-8a69-a3002d53f5f7,relationship--e2b05e19-8a7d-4e1a-8858-545d0fdcb15a,
DC0032,Process Creation,x-mitre-data-component--3d20385b-24ef-40e1-9f56-f39750379077,T1001.002,Steganography,attack-pattern--eec23884-3fa1-4d8a-ac50-6f104d51e235,True,DET0235,Detecting Steganographic Command and Control via File + Network Correlation,x-mitre-detection-strategy--0aa86929-f232-4fa7-bdc9-120f917a3509,relationship--69cfcff2-7983-45fa-a24d-9b361074b4d8,
DC0032,Process Creation,x-mitre-data-component--3d20385b-24ef-40e1-9f56-f39750379077,T1001.003,Protocol or Service Impersonation,attack-pattern--c325b232-d5bc-4dde-a3ec-71f3db9e8adc,True,DET0470,"Detecting Protocol or Service Impersonation via Anomalous TLS, HTTP Header, and Port Mismatch Correlation",x-mitre-detection-strategy--776a998c-481d-4193-934e-c0af3968c392,relationship--3f046096-761d-4c75-8174-11e8554eceab,
DC0032,Process Creation,x-mitre-data-component--3d20385b-24ef-40e1-9f56-f39750379077,T1003,OS Credential Dumping,attack-pattern--0a3ead4e-6d47-4ccb-854c-a6a4f9d96b22,False,DET0234,Credential Dumping via Sensitive Memory and Registry Access Correlation,x-mitre-detection-strategy--8b8cfd0f-bbe2-417b-b1d2-eebf84d3f008,relationship--a9f91861-99e7-4dee-b037-9c6fd56e9892,
DC0032,Process Creation,x-mitre-data-component--3d20385b-24ef-40e1-9f56-f39750379077,T1003.001,LSASS Memory,attack-pattern--65f2d882-3f41-4d48-8a06-29af77ec9f90,True,DET0363,Detection of Credential Dumping from LSASS Memory via Access and Dump Sequence,x-mitre-detection-strategy--793c70fb-bc7a-4a77-95aa-7b0c583f10b4,relationship--7740826e-65ad-4fa8-853a-c4f09ed81f5f,
DC0032,Process Creation,x-mitre-data-component--3d20385b-24ef-40e1-9f56-f39750379077,T1003.002,Security Account Manager,attack-pattern--1644e709-12d2-41e5-a60f-3470991f5011,True,DET0085,Credential Dumping from SAM via Registry Dump and Local File Access,x-mitre-detection-strategy--13c88a68-15e3-45e5-958b-82fe7b948561,relationship--310c8128-3ebf-48fd-b207-d81e5251a686,
DC0032,Process Creation,x-mitre-data-component--3d20385b-24ef-40e1-9f56-f39750379077,T1003.003,NTDS,attack-pattern--edf91964-b26e-4b4a-9600-ccacd7d7df24,True,DET0586,Detection of NTDS.dit Credential Dumping from Domain Controllers,x-mitre-detection-strategy--a97fe87f-e9be-4f71-8530-af5d70eaddf3,relationship--1f368a24-aeeb-4892-991b-0653a7e13586,
DC0032,Process Creation,x-mitre-data-component--3d20385b-24ef-40e1-9f56-f39750379077,T1003.004,LSA Secrets,attack-pattern--1ecfdab8-7d59-4c98-95d4-dc41970f57fc,True,DET0437,Detection of LSA Secrets Dumping via Registry and Memory Extraction,x-mitre-detection-strategy--c29886a9-676a-441a-adcd-6f239f8eb6b0,relationship--f09e71bc-e010-4567-8a0e-2c0ed24b5c94,
DC0032,Process Creation,x-mitre-data-component--3d20385b-24ef-40e1-9f56-f39750379077,T1003.005,Cached Domain Credentials,attack-pattern--6add2ab5-2711-4e9d-87c8-7a0be8531530,True,DET0513,Detection of Cached Domain Credential Dumping via Local Hash Cache Access,x-mitre-detection-strategy--90b5ad4f-44bf-46e2-ac66-6e81e573e3fb,relationship--234074de-96c1-4eb5-968d-09bdf988cb18,
DC0032,Process Creation,x-mitre-data-component--3d20385b-24ef-40e1-9f56-f39750379077,T1003.007,Proc Filesystem,attack-pattern--3120b9fa-23b8-4500-ae73-09494f607b7d,True,DET0593,Detecting OS Credential Dumping via /proc Filesystem Access on Linux,x-mitre-detection-strategy--dc017318-98a3-450b-b903-fe1e7d988197,relationship--5b774635-ffa8-414a-8375-b8ef97c7d8b7,
DC0032,Process Creation,x-mitre-data-component--3d20385b-24ef-40e1-9f56-f39750379077,T1003.008,/etc/passwd and /etc/shadow,attack-pattern--d0b4fcdb-d67d-4ed2-99ce-788b12f8c0f4,True,DET0446,Credential Access via /etc/passwd and /etc/shadow Parsing,x-mitre-detection-strategy--17c97a51-74c2-449c-bc95-cf6a7647fb83,relationship--4437edd7-cc02-4aaa-8078-7556b322344f,
DC0032,Process Creation,x-mitre-data-component--3d20385b-24ef-40e1-9f56-f39750379077,T1005,Data from Local System,attack-pattern--3c4a2599-71ee-4405-ba1e-0e28414b4bc5,False,DET0380,Detection of Local Data Collection Prior to Exfiltration,x-mitre-detection-strategy--36bb5edf-e7b6-4d36-8ccc-1a18ddc573da,relationship--b10e4a51-3d68-427f-b14d-06c1d81a575d,
DC0032,Process Creation,x-mitre-data-component--3d20385b-24ef-40e1-9f56-f39750379077,T1006,Direct Volume Access,attack-pattern--0c8ab3eb-df48-4b9c-ace7-beacaac81cc5,False,DET0426,Detection of Direct Volume Access for File System Evasion,x-mitre-detection-strategy--ee674b38-f59a-4f21-860a-19d065e13aaf,relationship--6748068f-c437-42b7-b09d-d057a1f49dc1,
DC0032,Process Creation,x-mitre-data-component--3d20385b-24ef-40e1-9f56-f39750379077,T1007,System Service Discovery,attack-pattern--322bad5a-1c49-4d23-ab79-76d641794afa,False,DET0483,Detection of System Service Discovery Commands Across OS Platforms,x-mitre-detection-strategy--d8e8768e-34c1-45f4-95d2-fa7ba317b63a,relationship--e3fe4c82-6100-4f69-8895-c11bc8d53e8d,
DC0032,Process Creation,x-mitre-data-component--3d20385b-24ef-40e1-9f56-f39750379077,T1010,Application Window Discovery,attack-pattern--4ae4f953-fe58-4cc8-a327-33257e30a830,False,DET0097,Detection of Application Window Enumeration via API or Scripting,x-mitre-detection-strategy--d2daf569-4fc9-46a3-97b7-4d3d76c04a64,relationship--5d3892e4-5a49-482a-929b-883fb2cdb765,
DC0032,Process Creation,x-mitre-data-component--3d20385b-24ef-40e1-9f56-f39750379077,T1011,Exfiltration Over Other Network Medium,attack-pattern--51ea26b1-ff1e-4faa-b1a0-1114cd298c87,False,DET0077,Detection of Exfiltration Over Alternate Network Interfaces,x-mitre-detection-strategy--9280a84d-bf77-4a86-a052-ce6ea0d50e72,relationship--9cd323fc-5b81-49ac-9457-4c17292ba25e,
DC0032,Process Creation,x-mitre-data-component--3d20385b-24ef-40e1-9f56-f39750379077,T1011.001,Exfiltration Over Bluetooth,attack-pattern--613d08bc-e8f4-4791-80b0-c8b974340dfd,True,DET0554,Detection of Bluetooth-Based Data Exfiltration,x-mitre-detection-strategy--267a6c25-8d34-47ae-8357-9ae173adaa13,relationship--7fa3a461-4e83-4a59-9909-479d2879a1a4,
DC0032,Process Creation,x-mitre-data-component--3d20385b-24ef-40e1-9f56-f39750379077,T1012,Query Registry,attack-pattern--c32f7008-9fea-41f7-8366-5eb9b74bd896,False,DET0209,Detection of Registry Query for Environmental Discovery,x-mitre-detection-strategy--106e32a9-29b7-4ec7-80cf-768662706490,relationship--e4fec267-da7b-4c33-bf87-d3b2fc2b0513,
DC0032,Process Creation,x-mitre-data-component--3d20385b-24ef-40e1-9f56-f39750379077,T1014,Rootkit,attack-pattern--0f20e3cb-245b-4a61-8a91-2d93f7cb0e9b,False,DET0377,Detection of Kernel/User-Level Rootkit Behavior Across Platforms,x-mitre-detection-strategy--00a4e92b-8164-4342-a71c-013ecc777ad0,relationship--13f0f64f-c275-48dc-8fb3-dda48df60d8c,
DC0032,Process Creation,x-mitre-data-component--3d20385b-24ef-40e1-9f56-f39750379077,T1016,System Network Configuration Discovery,attack-pattern--707399d6-ab3e-4963-9315-d9d3818cd6a0,False,DET0195,Behavioral Detection of System Network Configuration Discovery,x-mitre-detection-strategy--172cff54-a89b-4207-abc2-8d0c9601025e,relationship--229b177b-8a94-4206-b6d9-9c295604df22,
DC0032,Process Creation,x-mitre-data-component--3d20385b-24ef-40e1-9f56-f39750379077,T1016.001,Internet Connection Discovery,attack-pattern--132d5b37-aac5-4378-a8dc-3127b18a73dc,True,DET0357,Behavioral Detection of Internet Connection Discovery,x-mitre-detection-strategy--24eeb599-bc8c-4e86-9adf-232153bcb14b,relationship--f7e3057f-2ed5-4c48-9c93-d10906d28b39,
DC0032,Process Creation,x-mitre-data-component--3d20385b-24ef-40e1-9f56-f39750379077,T1016.002,Wi-Fi Discovery,attack-pattern--494ab9f0-36e0-4b06-b10d-57285b040a06,True,DET0464,Behavioral Detection of Wi-Fi Discovery Activity,x-mitre-detection-strategy--baea10fc-7921-4ae2-bfe6-572c3f107303,relationship--4d8df352-7fc2-43a8-93d3-ad7a24f15175,
DC0032,Process Creation,x-mitre-data-component--3d20385b-24ef-40e1-9f56-f39750379077,T1018,Remote System Discovery,attack-pattern--e358d692-23c0-4a31-9eb6-ecc13a8d7735,False,DET0574,Detection Strategy for Remote System Enumeration Behavior,x-mitre-detection-strategy--9ec6dafe-3e93-4ebb-943e-26b84136f6a9,relationship--1a34cffa-3bac-4b7f-a011-4d09aca360b6,
DC0032,Process Creation,x-mitre-data-component--3d20385b-24ef-40e1-9f56-f39750379077,T1020,Automated Exfiltration,attack-pattern--774a3188-6ba9-4dc4-879d-d54ee48a5ce9,False,DET0397,Automated Exfiltration Detection Strategy,x-mitre-detection-strategy--da5ff985-fd0d-438f-8498-c8dc195f741a,relationship--38c1f601-496a-4dcd-8109-176c544ab800,
DC0032,Process Creation,x-mitre-data-component--3d20385b-24ef-40e1-9f56-f39750379077,T1021,Remote Services,attack-pattern--54a649ff-439a-41a4-9856-8d144a2551ba,False,DET0269,Behavioral Detection Strategy for Remote Service Logins and Post-Access Activity,x-mitre-detection-strategy--d33ffd4e-6328-4b10-84c0-7ad4a241b02d,relationship--84cda73f-83eb-490a-a7ad-1b72f787ecd9,
DC0032,Process Creation,x-mitre-data-component--3d20385b-24ef-40e1-9f56-f39750379077,T1021.001,Remote Desktop Protocol,attack-pattern--eb062747-2193-45de-8fa2-e62549c37ddf,True,DET0327,Multi-event Detection Strategy for RDP-Based Remote Logins and Post-Access Activity,x-mitre-detection-strategy--722d2e3d-c3ad-4878-bcef-ca3161465342,relationship--ef887220-356b-4756-8c65-586441765961,
DC0032,Process Creation,x-mitre-data-component--3d20385b-24ef-40e1-9f56-f39750379077,T1021.002,SMB/Windows Admin Shares,attack-pattern--4f9ca633-15c5-463c-9724-bdcd54fde541,True,DET0530,Multi-Event Detection for SMB Admin Share Lateral Movement,x-mitre-detection-strategy--04cbfa17-64a5-454d-8734-cead02ba5c43,relationship--dc3fcfcd-1df7-49fd-8ada-e0081063efea,
DC0032,Process Creation,x-mitre-data-component--3d20385b-24ef-40e1-9f56-f39750379077,T1021.003,Distributed Component Object Model,attack-pattern--68a0c5ed-bee2-4513-830d-5b0d650139bd,True,DET0285,Multi-Event Behavioral Detection for DCOM-Based Remote Code Execution,x-mitre-detection-strategy--dbaaa57a-ef28-44c0-bc56-25bc20dc8f28,relationship--af108559-5f9b-42b3-b975-5c3cf2f997dc,
DC0032,Process Creation,x-mitre-data-component--3d20385b-24ef-40e1-9f56-f39750379077,T1021.004,SSH,attack-pattern--2db31dcd-54da-405d-acef-b9129b816ed6,True,DET0596,Behavioral Detection of Remote SSH Logins Followed by Post-Login Execution,x-mitre-detection-strategy--5367273a-2f30-413e-a961-1dbd323be5b0,relationship--8111392d-8ec1-466e-9e0b-9e5162c3e857,
DC0032,Process Creation,x-mitre-data-component--3d20385b-24ef-40e1-9f56-f39750379077,T1021.005,VNC,attack-pattern--01327cde-66c4-4123-bf34-5f258d59457b,True,DET0178,Behavioral Detection of Unauthorized VNC Remote Control Sessions,x-mitre-detection-strategy--bb431f45-c3fe-4b98-8dd7-70346b56c880,relationship--efd1472c-2913-4f68-b95a-e1c2bdf55e3d,
DC0032,Process Creation,x-mitre-data-component--3d20385b-24ef-40e1-9f56-f39750379077,T1021.006,Windows Remote Management,attack-pattern--60d0c01d-e2bf-49dd-a453-f8a9c9fa6f65,True,DET0477,Behavioral Detection of WinRM-Based Remote Access,x-mitre-detection-strategy--7ff1f384-2373-4ea9-9311-1587b520a5c4,relationship--e7e42cbd-8c98-4905-95ac-8acabbb90dcd,
DC0032,Process Creation,x-mitre-data-component--3d20385b-24ef-40e1-9f56-f39750379077,T1021.008,Direct Cloud VM Connections,attack-pattern--45241b9e-9bbc-4826-a2cc-78855e51ca09,True,DET0211,Detection of Direct VM Console Access via Cloud-Native Methods,x-mitre-detection-strategy--f40c0c98-76fe-4e2a-970a-0491f52a9a47,relationship--5b5a2424-8845-4b01-a07d-481259276ba1,
DC0032,Process Creation,x-mitre-data-component--3d20385b-24ef-40e1-9f56-f39750379077,T1025,Data from Removable Media,attack-pattern--1b7ba276-eedc-4951-a762-0ceea2c030ec,False,DET0511,Detection of Data Access and Collection from Removable Media,x-mitre-detection-strategy--a5800f15-f024-4701-912a-20d7e1cb465a,relationship--b3d51de7-1b65-4b89-9768-31c96a731a4d,
DC0032,Process Creation,x-mitre-data-component--3d20385b-24ef-40e1-9f56-f39750379077,T1027,Obfuscated Files or Information,attack-pattern--b3d682b6-98f2-4fb0-aa3b-b4df007ca70a,False,DET0378,Behavioral Detection of Obfuscated Files or Information,x-mitre-detection-strategy--e3758cbb-5dd9-4aad-b848-0539a8c56307,relationship--f1b0ce50-319c-455f-a8b2-a90f32310364,
DC0032,Process Creation,x-mitre-data-component--3d20385b-24ef-40e1-9f56-f39750379077,T1027.001,Binary Padding,attack-pattern--5bfccc3f-2326-4112-86cc-c1ece9d8a2b5,True,DET0553,Detection Strategy for Obfuscated Files or Information: Binary Padding,x-mitre-detection-strategy--9c2a1b83-eec8-4d0c-a0b5-e5b561dbd68f,relationship--1374f221-bba9-4477-819b-e2124e6d177e,
DC0032,Process Creation,x-mitre-data-component--3d20385b-24ef-40e1-9f56-f39750379077,T1027.002,Software Packing,attack-pattern--deb98323-e13f-4b0c-8d94-175379069062,True,DET0023,Obfuscated Binary Unpacking Detection via Behavioral Patterns,x-mitre-detection-strategy--7a182af0-a7e1-41a1-ae5e-ac76ff7f5948,relationship--5b689a4b-b408-4bb2-ad48-4d3c750ec6f9,
DC0032,Process Creation,x-mitre-data-component--3d20385b-24ef-40e1-9f56-f39750379077,T1027.003,Steganography,attack-pattern--c2e147a9-d1a8-4074-811a-d8789202d916,True,DET0119,Detection Strategy for Steganographic Abuse in File & Script Execution,x-mitre-detection-strategy--a57c9ffb-8b18-4178-a07f-e596abe389bd,relationship--4ce59902-5b11-4759-81d1-a3561a06a8fc,
DC0032,Process Creation,x-mitre-data-component--3d20385b-24ef-40e1-9f56-f39750379077,T1027.004,Compile After Delivery,attack-pattern--c726e0a2-a57a-4b7b-a973-d0f013246617,True,DET0501,Detection Strategy for Compile After Delivery - Source Code to Executable Transformation,x-mitre-detection-strategy--48d80184-842f-419a-ab84-01030f866bd4,relationship--b520e5e1-fb3e-49f3-950b-51bc81b217aa,
DC0032,Process Creation,x-mitre-data-component--3d20385b-24ef-40e1-9f56-f39750379077,T1027.005,Indicator Removal from Tools,attack-pattern--b0533c6e-8fea-4788-874f-b799cacc4b92,True,DET0189,Detection Strategy for Indicator Removal from Tools - Post-AV Evasion Modification,x-mitre-detection-strategy--6ab338c4-9ed3-4f63-9462-b13cea5a68b0,relationship--1afa36ca-4af6-4032-93be-aae1dd20d923,
DC0032,Process Creation,x-mitre-data-component--3d20385b-24ef-40e1-9f56-f39750379077,T1027.006,HTML Smuggling,attack-pattern--d4dc46e3-5ba5-45b9-8204-010867cacfcb,True,DET0313,Detection Strategy for HTML Smuggling via JavaScript Blob + Dynamic File Drop,x-mitre-detection-strategy--a8067c32-46d5-426e-9c1a-e91d360be83d,relationship--a1177021-bbf1-4208-a1c3-de76bafb687d,
DC0032,Process Creation,x-mitre-data-component--3d20385b-24ef-40e1-9f56-f39750379077,T1027.007,Dynamic API Resolution,attack-pattern--ea4c2f9c-9df1-477c-8c42-6da1118f2ac4,True,DET0091,Detection Strategy for Dynamic API Resolution via Hash-Based Function Lookups,x-mitre-detection-strategy--063eac3f-9c2a-429a-ad7c-ae7f49158bb2,relationship--c032d3e6-73e7-4918-9323-ee7c06a58cfc,
DC0032,Process Creation,x-mitre-data-component--3d20385b-24ef-40e1-9f56-f39750379077,T1027.008,Stripped Payloads,attack-pattern--2f41939b-54c3-41d6-8f8b-35f1ec18ed97,True,DET0019,Detection Strategy for Stripped Payloads Across Platforms,x-mitre-detection-strategy--e4040d30-1f5a-4f80-9f06-f1c1d2a8c238,relationship--857d4009-5f94-4525-a5b9-d793821dadda,
DC0032,Process Creation,x-mitre-data-component--3d20385b-24ef-40e1-9f56-f39750379077,T1027.009,Embedded Payloads,attack-pattern--0533ab23-3f7d-463f-9bd8-634d27e4dee1,True,DET0214,Detection Strategy for Embedded Payloads,x-mitre-detection-strategy--99294309-83fd-46f3-9925-7443c03e5b79,relationship--640fef90-e384-4276-9f96-158998de65d5,
DC0032,Process Creation,x-mitre-data-component--3d20385b-24ef-40e1-9f56-f39750379077,T1027.010,Command Obfuscation,attack-pattern--d511a6f6-4a33-41d5-bc95-c343875d1377,True,DET0505,Detection Strategy for Command Obfuscation,x-mitre-detection-strategy--72d668ba-f4d1-43ff-b7b1-0dbad9ec6ed9,relationship--29eaf11e-f8e1-4690-aaff-d147eb8333f7,
DC0032,Process Creation,x-mitre-data-component--3d20385b-24ef-40e1-9f56-f39750379077,T1027.012,LNK Icon Smuggling,attack-pattern--887274fc-2d63-4bdc-82f3-fae56d1d5fdc,True,DET0405,Detection Strategy for LNK Icon Smuggling,x-mitre-detection-strategy--ae3cb4bc-da0a-4e5b-b4ad-96617eccefaf,relationship--0e931240-cc44-41f6-ba44-c6855bd5511a,
DC0032,Process Creation,x-mitre-data-component--3d20385b-24ef-40e1-9f56-f39750379077,T1027.013,Encrypted/Encoded File,attack-pattern--0d91b3c0-5e50-47c3-949a-2a796f04d144,True,DET0087,Encrypted or Encoded File Payload Detection Strategy,x-mitre-detection-strategy--d70b8fdd-de14-4143-a350-56e3b885b37b,relationship--579a5b5b-38be-48df-8fe7-0718578149fa,
DC0032,Process Creation,x-mitre-data-component--3d20385b-24ef-40e1-9f56-f39750379077,T1027.014,Polymorphic Code,attack-pattern--b577dfc1-0177-4522-8d5a-782127c8592b,True,DET0324,Detection Strategy for Polymorphic Code Mutation and Execution,x-mitre-detection-strategy--380da3b2-d92f-4361-b187-cedc8a118e0f,relationship--471e5702-2a73-4c6d-9ed8-78b037941b6f,
DC0032,Process Creation,x-mitre-data-component--3d20385b-24ef-40e1-9f56-f39750379077,T1027.015,Compression,attack-pattern--fbd91bfc-75c2-4f0c-8116-3b4e722906b3,True,DET0281,Detection Strategy for Compressed Payload Creation and Execution,x-mitre-detection-strategy--f3d5d1d5-3d80-46b2-be05-f0c438625230,relationship--432c35d1-b40e-401c-8c75-601a5cf0f86e,
DC0032,Process Creation,x-mitre-data-component--3d20385b-24ef-40e1-9f56-f39750379077,T1027.016,Junk Code Insertion,attack-pattern--671cd17f-a765-48fd-adc4-dad1941b1ae3,True,DET0322,Detection Strategy for Junk Code Obfuscation with Suspicious Execution Patterns,x-mitre-detection-strategy--206790b2-16bc-46db-a605-8bcff576c161,relationship--0310c64d-52dc-4e99-acde-77c20d799e54,
DC0032,Process Creation,x-mitre-data-component--3d20385b-24ef-40e1-9f56-f39750379077,T1027.017,SVG Smuggling,attack-pattern--78b9e70d-1605-459c-b23d-e3a25036968c,True,DET0510,Detection Strategy for SVG Smuggling with Script Execution and Delivery Behavior,x-mitre-detection-strategy--6c59d987-c339-4743-bdb0-0eb21285deb7,relationship--5dd6ba3a-9e93-4a5f-b694-a1ec7c15095b,
DC0032,Process Creation,x-mitre-data-component--3d20385b-24ef-40e1-9f56-f39750379077,T1029,Scheduled Transfer,attack-pattern--4eeaf8a9-c86b-4954-a663-9555fb406466,False,DET0399,Detection Strategy for Scheduled Transfer and Recurrent Exfiltration Patterns,x-mitre-detection-strategy--3ec6ad13-f3d6-4eb2-91fe-6ee5266d1447,relationship--7e72a636-f8c4-449d-b508-db4910fc497c,
DC0032,Process Creation,x-mitre-data-component--3d20385b-24ef-40e1-9f56-f39750379077,T1033,System Owner/User Discovery,attack-pattern--03d7999c-1f4c-42cc-8373-e7690d318104,False,DET0093,Behavioral Detection of User Discovery via Local and Remote Enumeration,x-mitre-detection-strategy--050d236f-745a-4801-add6-50cb58248615,relationship--8fdf3a18-e1c3-4db4-8f68-15121c910826,
DC0032,Process Creation,x-mitre-data-component--3d20385b-24ef-40e1-9f56-f39750379077,T1036,Masquerading,attack-pattern--42e8de7b-37b2-4258-905a-6897815e58e0,False,DET0127,Behavioral Detection of Masquerading Across Platforms via Metadata and Execution Discrepancy,x-mitre-detection-strategy--408aedab-4a23-41ad-809d-fe9c3805b7f6,relationship--f6da021e-aaec-4010-baa9-1a02d9e40f9b,
DC0032,Process Creation,x-mitre-data-component--3d20385b-24ef-40e1-9f56-f39750379077,T1036.001,Invalid Code Signature,attack-pattern--b4b7458f-81f2-4d38-84be-1c5ba0167a52,True,DET0031,Invalid Code Signature Execution Detection via Metadata and Behavioral Context,x-mitre-detection-strategy--fbf8f0b2-3587-45c3-be8d-d495384075be,relationship--d608ed5f-89d2-4936-900f-c736b071c85d,
DC0032,Process Creation,x-mitre-data-component--3d20385b-24ef-40e1-9f56-f39750379077,T1036.002,Right-to-Left Override,attack-pattern--77eae145-55db-4519-8ae5-77b0c7215d69,True,DET0527,Right-to-Left Override Masquerading Detection via Filename and Execution Context,x-mitre-detection-strategy--c3c32822-80b2-4399-8e82-15cefaa80333,relationship--3d514683-576d-46c8-b7ab-8bc67f08fc97,
DC0032,Process Creation,x-mitre-data-component--3d20385b-24ef-40e1-9f56-f39750379077,T1036.003,Rename Legitimate Utilities,attack-pattern--bd5b58a4-a52d-4a29-bc0d-3f1d3968eb6b,True,DET0005,Renamed Legitimate Utility Execution with Metadata Mismatch and Suspicious Path,x-mitre-detection-strategy--c2648552-806d-40ec-8ea7-59f4e44983eb,relationship--33b231d7-a3ef-417e-8cf1-bc10986f1bd1,
DC0032,Process Creation,x-mitre-data-component--3d20385b-24ef-40e1-9f56-f39750379077,T1036.004,Masquerade Task or Service,attack-pattern--7bdca9d5-d500-4d7d-8c52-5fd47baf4c0c,True,DET0117,Detection of Masqueraded Tasks or Services with Suspicious Naming and Execution,x-mitre-detection-strategy--45665335-5bf0-4553-9398-ea40d550cbff,relationship--f0f024f2-b4c2-432e-a3b9-5a2e5ecee53f,
DC0032,Process Creation,x-mitre-data-component--3d20385b-24ef-40e1-9f56-f39750379077,T1036.005,Match Legitimate Resource Name or Location,attack-pattern--1c4e5d32-1fe9-4116-9d9d-59e3925bd6a2,True,DET0347,Detection Strategy for Masquerading via Legitimate Resource Name or Location,x-mitre-detection-strategy--b667390b-a805-401d-9e02-929204825114,relationship--e4659daa-3a14-4873-a1e3-5dc132420257,
DC0032,Process Creation,x-mitre-data-component--3d20385b-24ef-40e1-9f56-f39750379077,T1036.006,Space after Filename,attack-pattern--e51137a5-1cdc-499e-911a-abaedaa5ac86,True,DET0292,Masquerading via Space After Filename - Behavioral Detection Strategy,x-mitre-detection-strategy--16462629-5b36-4bb6-a565-de4df01f75d4,relationship--ca314796-7dc4-401d-99bd-f3624f025832,
DC0032,Process Creation,x-mitre-data-component--3d20385b-24ef-40e1-9f56-f39750379077,T1036.007,Double File Extension,attack-pattern--11f29a39-0942-4d62-92b6-fe236cf3066e,True,DET0366,Detection Strategy for Double File Extension Masquerading,x-mitre-detection-strategy--92ce4302-72cb-4b7b-9184-1fc14900d0e1,relationship--c0c7a062-29b4-4ca1-971c-d0a8982d27a7,
DC0032,Process Creation,x-mitre-data-component--3d20385b-24ef-40e1-9f56-f39750379077,T1036.008,Masquerade File Type,attack-pattern--208884f1-7b83-4473-ac22-4e1cf6c41471,True,DET0226,Detection Strategy for Masquerading via File Type Modification,x-mitre-detection-strategy--e2d84c66-3647-4aab-962b-c1ad89455a18,relationship--fd569220-693b-46da-a457-8ea314dce886,
DC0032,Process Creation,x-mitre-data-component--3d20385b-24ef-40e1-9f56-f39750379077,T1036.009,Break Process Trees,attack-pattern--34a80bc4-80f2-46e6-94ff-f3265a4b657c,True,DET0443,Detection Strategy for Masquerading via Breaking Process Trees,x-mitre-detection-strategy--eccdd5b4-e19e-4254-909e-4a9c2e3ac27e,relationship--cf6b6a0b-4dac-4fe8-92df-9b7587808512,
DC0032,Process Creation,x-mitre-data-component--3d20385b-24ef-40e1-9f56-f39750379077,T1036.012,Browser Fingerprint,attack-pattern--afac5dbc-4383-4fb6-9ba6-45b25d49e530,True,DET0898,Detection of Spoofed User-Agent,x-mitre-detection-strategy--ad21a251-e824-4368-a04c-8a480ee653cc,relationship--4f0c1449-c5fb-4d6d-b023-4f59f3fca8b0,
DC0032,Process Creation,x-mitre-data-component--3d20385b-24ef-40e1-9f56-f39750379077,T1037,Boot or Logon Initialization Scripts,attack-pattern--03259939-0b57-482f-8eb5-87c0e0d54334,False,DET0112,Boot or Logon Initialization Scripts Detection Strategy,x-mitre-detection-strategy--6928b108-f04e-4a9b-bda5-53bb0c64ec9b,relationship--db152098-ded9-4b20-9b0a-0044921dae84,
DC0032,Process Creation,x-mitre-data-component--3d20385b-24ef-40e1-9f56-f39750379077,T1037.001,Logon Script (Windows),attack-pattern--eb125d40-0b2d-41ac-a71a-3229241c2cd3,True,DET0072,Detect Logon Script Modifications and Execution,x-mitre-detection-strategy--3f27e858-2912-4b43-ac03-f668ef30c47e,relationship--aa3ea0d1-4bbf-400d-9e36-9369288de47e,
DC0032,Process Creation,x-mitre-data-component--3d20385b-24ef-40e1-9f56-f39750379077,T1037.002,Login Hook,attack-pattern--43ba2b05-cf72-4b6c-8243-03a4aba41ee0,True,DET0244,Detection Strategy for Login Hook Persistence on macOS,x-mitre-detection-strategy--6aa65bd1-4c0c-4bf7-ba74-ba0d8edd9cb9,relationship--397f9c3a-bc7c-44b0-9931-9d2f877073c7,
DC0032,Process Creation,x-mitre-data-component--3d20385b-24ef-40e1-9f56-f39750379077,T1037.003,Network Logon Script,attack-pattern--c63a348e-ffc2-486a-b9d9-d7f11ec54d99,True,DET0367,Detect Network Logon Script Abuse via Multi-Event Correlation on Windows,x-mitre-detection-strategy--2f20791a-0c97-40c1-a09e-7925321f6f66,relationship--6cc862d2-8a97-4a53-a3c5-41615e968956,
DC0032,Process Creation,x-mitre-data-component--3d20385b-24ef-40e1-9f56-f39750379077,T1037.004,RC Scripts,attack-pattern--dca670cf-eeec-438f-8185-fd959d9ef211,True,DET0237,Detection Strategy for Boot or Logon Initialization Scripts: RC Scripts,x-mitre-detection-strategy--be6a466c-40c6-4611-9b68-7cfcbcb35fb0,relationship--00b2d214-7126-4b80-866c-4321d6ace9b0,
DC0032,Process Creation,x-mitre-data-component--3d20385b-24ef-40e1-9f56-f39750379077,T1037.005,Startup Items,attack-pattern--c0dfe7b0-b873-4618-9ff8-53e31f70907f,True,DET0429,Detect Modification of macOS Startup Items,x-mitre-detection-strategy--7eb6ccf9-8fb5-4c7d-8a2c-33081c3ddf81,relationship--acf1c2b6-a221-4e30-a2c5-3630cd4ff0da,
DC0032,Process Creation,x-mitre-data-component--3d20385b-24ef-40e1-9f56-f39750379077,T1040,Network Sniffing,attack-pattern--3257eb21-f9a7-4430-8de1-d8b6e288f529,False,DET0314,Detection Strategy for Network Sniffing Across Platforms,x-mitre-detection-strategy--49505f6d-b778-4a84-a072-9236b700e7b5,relationship--0dcf6c3b-b899-4ee4-99ad-cad56967f9ca,
DC0032,Process Creation,x-mitre-data-component--3d20385b-24ef-40e1-9f56-f39750379077,T1041,Exfiltration Over C2 Channel,attack-pattern--92d7da27-2d91-488e-a00c-059dc162766d,False,DET0348,Detection Strategy for Exfiltration Over C2 Channel,x-mitre-detection-strategy--beb3a98c-f1a4-434a-81e7-29d178b14db2,relationship--f8b1efaf-2f13-4844-a3f1-862619b88795,
DC0032,Process Creation,x-mitre-data-component--3d20385b-24ef-40e1-9f56-f39750379077,T1046,Network Service Discovery,attack-pattern--e3a12395-188d-4051-9a16-ea8e14d07b88,False,DET0376,Behavioral Detection Strategy for Network Service Discovery Across Platforms,x-mitre-detection-strategy--82e20b1f-300e-43cc-9259-1d506ef5d1f8,relationship--56e3bbc8-0ff7-4877-836c-f081261d3a35,
DC0032,Process Creation,x-mitre-data-component--3d20385b-24ef-40e1-9f56-f39750379077,T1047,Windows Management Instrumentation,attack-pattern--01a5a209-b94c-450b-b7f9-946497d91055,False,DET0364,Behavioral Detection Strategy for WMI Execution Abuse on Windows,x-mitre-detection-strategy--8374a5e5-6d9f-4896-9546-a4d998188ac5,relationship--a1cc84bd-b7b2-40a8-a2d9-dc61fcde3cd1,
DC0032,Process Creation,x-mitre-data-component--3d20385b-24ef-40e1-9f56-f39750379077,T1048,Exfiltration Over Alternative Protocol,attack-pattern--a19e86f8-1c0a-4fea-8407-23b73d615776,False,DET0131,Behavioral Detection Strategy for Exfiltration Over Alternative Protocol,x-mitre-detection-strategy--ed9ef930-ec1f-4e57-a110-9b647e2ca195,relationship--0bd2a88c-9f76-42a8-be65-ce9706760dec,
DC0032,Process Creation,x-mitre-data-component--3d20385b-24ef-40e1-9f56-f39750379077,T1048.001,Exfiltration Over Symmetric Encrypted Non-C2 Protocol,attack-pattern--79a4052e-1a89-4b09-aea6-51f1d11fe19c,True,DET0503,Behavioral Detection Strategy for Exfiltration Over Symmetric Encrypted Non-C2 Protocol,x-mitre-detection-strategy--5d368ccf-2946-4a01-bfae-c18064b6187a,relationship--56d9655a-f594-427f-b487-09f3e3d8fca3,
DC0032,Process Creation,x-mitre-data-component--3d20385b-24ef-40e1-9f56-f39750379077,T1048.002,Exfiltration Over Asymmetric Encrypted Non-C2 Protocol,attack-pattern--8e350c1d-ac79-4b5c-bd4e-7476d7e84ec5,True,DET0512,Detection of Exfiltration Over Asymmetric Encrypted Non-C2 Protocol,x-mitre-detection-strategy--d187b646-5fb3-4d65-a190-e25e2131f802,relationship--9cdfdc91-f659-40f9-af35-404ad07be215,
DC0032,Process Creation,x-mitre-data-component--3d20385b-24ef-40e1-9f56-f39750379077,T1048.003,Exfiltration Over Unencrypted Non-C2 Protocol,attack-pattern--fb8d023d-45be-47e9-bc51-f56bcae6435b,True,DET0149,Detection of Exfiltration Over Unencrypted Non-C2 Protocol,x-mitre-detection-strategy--a772e6e0-017e-4ceb-b125-4620ac85a5bd,relationship--58e2dcbe-42f7-4c73-b717-696ff56494cb,
DC0032,Process Creation,x-mitre-data-component--3d20385b-24ef-40e1-9f56-f39750379077,T1049,System Network Connections Discovery,attack-pattern--7e150503-88e7-4861-866b-ff1ac82c4475,False,DET0320,Detection of System Network Connections Discovery Across Platforms,x-mitre-detection-strategy--7c45d09a-030e-4b30-b2d9-41fee3daa293,relationship--e287f030-f0b4-4491-b4c8-d5b5d9057e81,
DC0032,Process Creation,x-mitre-data-component--3d20385b-24ef-40e1-9f56-f39750379077,T1052,Exfiltration Over Physical Medium,attack-pattern--e6415f09-df0e-48de-9aba-928c902b7549,False,DET0123,Detection of Data Exfiltration via Removable Media,x-mitre-detection-strategy--7ac4c58e-73de-4da1-8fc3-c2ccc511d884,relationship--c5916728-0360-40c3-84f7-0f47a47f828f,
DC0032,Process Creation,x-mitre-data-component--3d20385b-24ef-40e1-9f56-f39750379077,T1052.001,Exfiltration over USB,attack-pattern--a3e1e6c5-9c74-4fc0-a16c-a9d228c17829,True,DET0220,Detection of USB-Based Data Exfiltration,x-mitre-detection-strategy--f6dd18b4-8534-4883-8d57-80655418bed4,relationship--ac616a6d-dca9-4aec-b9f4-7121c56b271a,
DC0032,Process Creation,x-mitre-data-component--3d20385b-24ef-40e1-9f56-f39750379077,T1053,Scheduled Task/Job,attack-pattern--35dd844a-b219-4e2b-a6bb-efa9a75995a9,False,DET0094,Cross-Platform Behavioral Detection of Scheduled Task/Job Abuse,x-mitre-detection-strategy--df11466a-27a2-4cb1-bf73-2a3a4aaee0d9,relationship--9f9f4610-d586-4dff-bbca-282297fd5526,
DC0032,Process Creation,x-mitre-data-component--3d20385b-24ef-40e1-9f56-f39750379077,T1053.002,At,attack-pattern--f3d95a1f-bba2-44ce-9af7-37866cd63fd0,True,DET0333,Cross-Platform Detection of Scheduled Task/Job Abuse via `at` Utility,x-mitre-detection-strategy--ca20fecb-6b8e-49ae-9ecf-19f4edd812ad,relationship--4928c2f8-a102-4a33-9543-8df8ecb8e806,
DC0032,Process Creation,x-mitre-data-component--3d20385b-24ef-40e1-9f56-f39750379077,T1053.003,Cron,attack-pattern--2acf44aa-542f-4366-b4eb-55ef5747759c,True,DET0290,Cross-Platform Detection of Cron Job Abuse for Persistence and Execution,x-mitre-detection-strategy--6bab4067-9bfc-4e7f-b7fc-e578acd81e6a,relationship--633a820e-8988-410d-a7ff-40b24f381d74,
DC0032,Process Creation,x-mitre-data-component--3d20385b-24ef-40e1-9f56-f39750379077,T1053.005,Scheduled Task,attack-pattern--005a06c6-14bf-4118-afa0-ebcd8aebb0c9,True,DET0441,Detection of Suspicious Scheduled Task Creation and Execution on Windows,x-mitre-detection-strategy--c7bdd7d7-19dc-4042-8565-5e0cf4656102,relationship--44fe6cf4-fdb3-4fa9-9855-14f3b59dc984,
DC0032,Process Creation,x-mitre-data-component--3d20385b-24ef-40e1-9f56-f39750379077,T1053.006,Systemd Timers,attack-pattern--a542bac9-7bc1-4da7-9a09-96f69e23cc21,True,DET0231,Behavioral Detection of Systemd Timer Abuse for Scheduled Execution,x-mitre-detection-strategy--7578b2e3-2b9c-491d-9157-699a4bd6a136,relationship--5d260af9-40a1-45ba-b98f-83abe6d89e42,
DC0032,Process Creation,x-mitre-data-component--3d20385b-24ef-40e1-9f56-f39750379077,T1055,Process Injection,attack-pattern--43e7dc91-05b2-474c-b9ac-2ed4fe101f4d,False,DET0508,Behavioral Detection of Process Injection Across Platforms,x-mitre-detection-strategy--9833b57b-4c83-4f58-b4cf-76f041b29273,relationship--9e795af2-1202-480c-88d1-5013027ede32,
DC0032,Process Creation,x-mitre-data-component--3d20385b-24ef-40e1-9f56-f39750379077,T1055.001,Dynamic-link Library Injection,attack-pattern--f4599aa0-4f85-4a32-80ea-fc39dc965945,True,DET0389,Behavioral Detection of DLL Injection via Windows API,x-mitre-detection-strategy--e9c54806-2d8e-4722-805c-4a1e7f6a1986,relationship--3746842c-52cb-4b8a-88d3-387da906410e,
DC0032,Process Creation,x-mitre-data-component--3d20385b-24ef-40e1-9f56-f39750379077,T1055.002,Portable Executable Injection,attack-pattern--806a49c4-970d-43f9-9acc-ac0ee11e6662,True,DET0106,Behavioral Detection of PE Injection via Remote Memory Mapping,x-mitre-detection-strategy--65c18137-cad3-4fd3-8b24-22a61850c8a1,relationship--791e4c52-5ed6-4c01-be8c-33e264a749f4,
DC0032,Process Creation,x-mitre-data-component--3d20385b-24ef-40e1-9f56-f39750379077,T1055.003,Thread Execution Hijacking,attack-pattern--41d9846c-f6af-4302-a654-24bba2729bc6,True,DET0295,Behavioral Detection of Thread Execution Hijacking via Thread Suspension and Context Switching,x-mitre-detection-strategy--47dd679b-1bd4-4bb7-a946-5d77fd49a939,relationship--bc58f0e2-64f6-4245-8dc0-4875d51c2868,
DC0032,Process Creation,x-mitre-data-component--3d20385b-24ef-40e1-9f56-f39750379077,T1055.004,Asynchronous Procedure Call,attack-pattern--7c0f17c9-1af6-4628-9cbd-9e45482dd605,True,DET0100,Behavioral Detection of Asynchronous Procedure Call (APC) Injection via Remote Thread Queuing,x-mitre-detection-strategy--4554ad15-dc0a-44f8-92b6-b8e7dc64385e,relationship--ae7a893f-f309-426e-9486-56669c6ad7b9,
DC0032,Process Creation,x-mitre-data-component--3d20385b-24ef-40e1-9f56-f39750379077,T1055.008,Ptrace System Calls,attack-pattern--ea016b56-ae0e-47fe-967a-cc0ad51af67f,True,DET0203,Detection Strategy for Ptrace-Based Process Injection on Linux,x-mitre-detection-strategy--c2768ab6-522f-4b88-b3f7-a30230208ceb,relationship--d6140824-52d0-43b8-96ad-cc96366517dd,
DC0032,Process Creation,x-mitre-data-component--3d20385b-24ef-40e1-9f56-f39750379077,T1055.011,Extra Window Memory Injection,attack-pattern--0042a9f5-f053-4769-b3ef-9ad018dfa298,True,DET0217,Detection Strategy for Extra Window Memory (EWM) Injection on Windows,x-mitre-detection-strategy--1a8d87f1-48ca-4929-a5cc-2b2a03983f12,relationship--606a9fa1-9738-4372-b2c7-d0bad6c84854,
DC0032,Process Creation,x-mitre-data-component--3d20385b-24ef-40e1-9f56-f39750379077,T1055.012,Process Hollowing,attack-pattern--b200542e-e877-4395-875b-cf1a44537ca4,True,DET0382,Detection Strategy for Process Hollowing on Windows,x-mitre-detection-strategy--8e003575-5a6f-458d-be35-a8606c9b7dea,relationship--d9f348c1-07b1-4230-ac20-cb91b2944020,
DC0032,Process Creation,x-mitre-data-component--3d20385b-24ef-40e1-9f56-f39750379077,T1055.013,Process Doppelgänging,attack-pattern--7007935a-a8a7-4c0b-bd98-4e85be8ed197,True,DET0544,Detection Strategy for Process Doppelgänging on Windows,x-mitre-detection-strategy--8373cca7-feb8-44e4-94d0-fc39ea3586d7,relationship--ce558b9d-c5ee-4ae3-97d7-4e3e559b1490,
DC0032,Process Creation,x-mitre-data-component--3d20385b-24ef-40e1-9f56-f39750379077,T1055.014,VDSO Hijacking,attack-pattern--98be40f2-c86b-4ade-b6fc-4964932040e5,True,DET0448,Detection Strategy for VDSO Hijacking on Linux,x-mitre-detection-strategy--b511a320-18a6-46ff-9588-85065c44312f,relationship--99274045-04a8-4149-bb9f-6017a78c377c,
DC0032,Process Creation,x-mitre-data-component--3d20385b-24ef-40e1-9f56-f39750379077,T1055.015,ListPlanting,attack-pattern--eb2cb5cb-ae87-4de0-8c35-da2a17aafb99,True,DET0331,Detection Strategy for ListPlanting Injection on Windows,x-mitre-detection-strategy--175b97d9-287e-4ab6-ae95-8652c224f02a,relationship--04b7d6f0-5fdd-40ae-a0b4-08af20e052d8,
DC0032,Process Creation,x-mitre-data-component--3d20385b-24ef-40e1-9f56-f39750379077,T1056,Input Capture,attack-pattern--bb5a00de-e086-4859-a231-fa793f6797e2,False,DET0102,Behavioral Detection of Input Capture Across Platforms,x-mitre-detection-strategy--c922d994-74bd-4847-a870-c0ae216318c9,relationship--66b2b5b7-2947-46b5-a4b5-b98eea8c793c,
DC0032,Process Creation,x-mitre-data-component--3d20385b-24ef-40e1-9f56-f39750379077,T1056.001,Keylogging,attack-pattern--09a60ea3-a8d1-4ae5-976e-5783248b72a4,True,DET0089,Behavioral Detection of Keylogging Activity Across Platforms,x-mitre-detection-strategy--fe0d7d82-1575-4685-9a4f-4bf83e0227a0,relationship--4ebf6dc6-2daf-42e3-8fc3-4f6d5ac4d63d,
DC0032,Process Creation,x-mitre-data-component--3d20385b-24ef-40e1-9f56-f39750379077,T1056.002,GUI Input Capture,attack-pattern--a2029942-0a85-4947-b23c-ca434698171d,True,DET0521,Behavioral Detection of Spoofed GUI Credential Prompts,x-mitre-detection-strategy--909c86ca-ddd0-4e96-8464-39f5f80ef20e,relationship--a6a8076f-c1d4-4b6c-845e-82022cff159c,
DC0032,Process Creation,x-mitre-data-component--3d20385b-24ef-40e1-9f56-f39750379077,T1056.004,Credential API Hooking,attack-pattern--f5946b5e-9408-485f-a7f7-b5efc88909b6,True,DET0139,Detection of Credential Harvesting via API Hooking,x-mitre-detection-strategy--d918611a-9d07-4f8b-b70e-2fe1c2f75faf,relationship--3d9168f6-4a61-45d4-b1d3-1c3cef2cafdc,
DC0032,Process Creation,x-mitre-data-component--3d20385b-24ef-40e1-9f56-f39750379077,T1057,Process Discovery,attack-pattern--8f4a33ec-8b1f-4b80-a2f6-642b2e479580,False,DET0034,Detection of Adversarial Process Discovery Behavior,x-mitre-detection-strategy--309ca3cd-d3f0-4aea-8932-558550aa89f4,relationship--4da44310-3e7c-4d7c-934e-32d83935f5b0,
DC0032,Process Creation,x-mitre-data-component--3d20385b-24ef-40e1-9f56-f39750379077,T1059,Command and Scripting Interpreter,attack-pattern--7385dfaf-6886-4229-9ecd-6fd678040830,False,DET0516,Behavioral Detection of Command and Scripting Interpreter Abuse,x-mitre-detection-strategy--8582f5e6-44a5-4950-b7e8-a3e1b6d58d63,relationship--51b6dafa-da43-4f59-aea4-30caa3a10005,
DC0032,Process Creation,x-mitre-data-component--3d20385b-24ef-40e1-9f56-f39750379077,T1059.001,PowerShell,attack-pattern--970a3432-3237-47ad-bcca-7d8cbb217736,True,DET0455,Abuse of PowerShell for Arbitrary Execution,x-mitre-detection-strategy--72b209e2-8c65-4217-8532-fabd0cb54ae5,relationship--029c6872-0b48-4838-ab3b-3a7c0e637be9,
DC0032,Process Creation,x-mitre-data-component--3d20385b-24ef-40e1-9f56-f39750379077,T1059.002,AppleScript,attack-pattern--37b11151-1776-4f8f-b328-30939fbf2ceb,True,DET0414,Detection of AppleScript-Based Execution on macOS,x-mitre-detection-strategy--af66dc57-77fc-42a7-9e84-7a588c3ab516,relationship--997840ba-8409-44af-9444-a292387518fc,
DC0032,Process Creation,x-mitre-data-component--3d20385b-24ef-40e1-9f56-f39750379077,T1059.003,Windows Command Shell,attack-pattern--d1fcf083-a721-4223-aedf-bf8960798d62,True,DET0202,Behavioral Detection of Windows Command Shell Execution,x-mitre-detection-strategy--1806ad13-6fa8-4cb0-9d91-c8a989a1d9fe,relationship--ebad757b-f342-4ba1-8695-df0c69952904,
DC0032,Process Creation,x-mitre-data-component--3d20385b-24ef-40e1-9f56-f39750379077,T1059.004,Unix Shell,attack-pattern--a9d4b653-6915-42af-98b2-5758c4ceee56,True,DET0384,Behavioral Detection of Unix Shell Execution,x-mitre-detection-strategy--4a89bf52-7be1-405d-8d02-462e52553bc5,relationship--a9b074ff-ade1-47d6-b74b-ed0b14c0a276,
DC0032,Process Creation,x-mitre-data-component--3d20385b-24ef-40e1-9f56-f39750379077,T1059.005,Visual Basic,attack-pattern--dfd7cc1d-e1d8-4394-a198-97c4cab8aa67,True,DET0076,Behavioral Detection of Visual Basic Execution (VBS/VBA/VBScript),x-mitre-detection-strategy--4a7f1bc4-4396-49e1-9c75-caa6ecd64047,relationship--0700bc4e-dc25-46d5-9ad0-4c64c7a46fbc,
DC0032,Process Creation,x-mitre-data-component--3d20385b-24ef-40e1-9f56-f39750379077,T1059.006,Python,attack-pattern--cc3502b5-30cc-4473-ad48-42d51a6ef6d1,True,DET0063,Cross-Platform Behavioral Detection of Python Execution,x-mitre-detection-strategy--195e8d37-dfe6-4dc8-8012-dc80984872aa,relationship--c1456815-e466-4af0-9777-210636bb342f,
DC0032,Process Creation,x-mitre-data-component--3d20385b-24ef-40e1-9f56-f39750379077,T1059.007,JavaScript,attack-pattern--0f4a0c76-ab2d-4cb0-85d3-3f0efb8cba0d,True,DET0264,Cross-Platform Detection of JavaScript Execution Abuse,x-mitre-detection-strategy--6dd441e4-d264-4f7f-b145-9c122955c532,relationship--04ec88c4-d2a0-4d1a-ab06-068dd78fad09,
DC0032,Process Creation,x-mitre-data-component--3d20385b-24ef-40e1-9f56-f39750379077,T1059.010,AutoHotKey & AutoIT,attack-pattern--3a32740a-11b0-4bcf-b0a9-3abd0f6d3cd5,True,DET0332,Detection Strategy for AutoHotKey & AutoIT Abuse,x-mitre-detection-strategy--a948dd3c-a8f3-4bc0-aec3-4c5264e7a012,relationship--2fae0b68-3932-4227-a9d0-b3442b0da6f9,
DC0032,Process Creation,x-mitre-data-component--3d20385b-24ef-40e1-9f56-f39750379077,T1059.011,Lua,attack-pattern--afddee82-3385-4682-ad90-eeced33f2d07,True,DET0101,Detection Strategy for Lua Scripting Abuse,x-mitre-detection-strategy--be7a4dda-a46a-4245-8837-e69946a79d3f,relationship--1561faed-2a13-4416-9cab-06159d35f746,
DC0032,Process Creation,x-mitre-data-component--3d20385b-24ef-40e1-9f56-f39750379077,T1059.013,Container CLI/API,attack-pattern--c283d88f-8c23-4318-9da5-3d50cecad756,True,DET0083,Container CLI and API Abuse via Docker/Kubernetes (T1059.013),x-mitre-detection-strategy--26580351-9bc3-4e03-b5ad-139d38303707,relationship--72997815-8014-4964-861d-a419d77066c9,
DC0032,Process Creation,x-mitre-data-component--3d20385b-24ef-40e1-9f56-f39750379077,T1068,Exploitation for Privilege Escalation,attack-pattern--b21c3b2d-02e6-45b1-980b-e69051040839,False,DET0514,Detection Strategy for Exploitation for Privilege Escalation,x-mitre-detection-strategy--64fc24f5-0428-4956-a328-2e76e0af984e,relationship--d07fb93b-f652-4742-a99b-a4c99ff7b956,
DC0032,Process Creation,x-mitre-data-component--3d20385b-24ef-40e1-9f56-f39750379077,T1069,Permission Groups Discovery,attack-pattern--15dbf668-795c-41e6-8219-f0447c0e64ce,False,DET0179,Behavioral Detection of Permission Groups Discovery,x-mitre-detection-strategy--685546e7-2ec3-4bfa-9109-86df9fb196ee,relationship--35e5628c-ccc8-49c4-87db-2e683920288b,
DC0032,Process Creation,x-mitre-data-component--3d20385b-24ef-40e1-9f56-f39750379077,T1069.001,Local Groups,attack-pattern--a01bf75f-00b2-4568-a58f-565ff9bf202b,True,DET0114,Behavioral Detection of Local Group Enumeration Across OS Platforms,x-mitre-detection-strategy--de120f6a-c19b-4346-b62f-c8cd95fcb291,relationship--63d451c6-d223-4b72-9388-2cade96647e1,
DC0032,Process Creation,x-mitre-data-component--3d20385b-24ef-40e1-9f56-f39750379077,T1069.002,Domain Groups,attack-pattern--2aed01ad-3df3-4410-a8cb-11ea4ded587c,True,DET0360,Behavioral Detection of Domain Group Discovery,x-mitre-detection-strategy--69f22425-2ebb-4f3c-ab4d-fb9c6645f2f7,relationship--cf165471-03e7-4e5f-bcfd-d712b92a9603,
DC0032,Process Creation,x-mitre-data-component--3d20385b-24ef-40e1-9f56-f39750379077,T1070.001,Clear Windows Event Logs,attack-pattern--6495ae23-3ab4-43c5-a94f-5638a2c31fd2,True,DET0532,Detection of Event Log Clearing on Windows via Behavioral Chain,x-mitre-detection-strategy--d340864e-5685-48d5-8a78-3c55a7169207,relationship--89cbb3d5-1229-4d6b-a2f3-9e8918c8eb40,
DC0032,Process Creation,x-mitre-data-component--3d20385b-24ef-40e1-9f56-f39750379077,T1070.002,Clear Linux or Mac System Logs,attack-pattern--2bce5b30-7014-4a5d-ade7-12913fe6ac36,True,DET0520,Behavioral Detection of Log File Clearing on Linux and macOS,x-mitre-detection-strategy--20d79eae-0c09-410a-b99a-f8cb6ec9153c,relationship--4f531187-6cf5-4f54-86c3-9437d594ec7e,
DC0032,Process Creation,x-mitre-data-component--3d20385b-24ef-40e1-9f56-f39750379077,T1070.003,Clear Command History,attack-pattern--3aef9463-9a7a-43ba-8957-a867e07c1e6a,True,DET0165,Behavioral Detection of Command History Clearing,x-mitre-detection-strategy--dcc65927-b113-4f42-b7bd-adb6caebf24a,relationship--eddaad17-65b1-4c89-a274-1a797080933e,
DC0032,Process Creation,x-mitre-data-component--3d20385b-24ef-40e1-9f56-f39750379077,T1070.004,File Deletion,attack-pattern--d63a3fb8-9452-4e9d-a60a-54be68d5998c,True,DET0140,Behavioral Detection of Malicious File Deletion,x-mitre-detection-strategy--b96fce76-6b29-4e1c-b8b1-741f45a89fdc,relationship--835140e8-6e8f-4a51-a555-5b602d7b3390,
DC0032,Process Creation,x-mitre-data-component--3d20385b-24ef-40e1-9f56-f39750379077,T1070.005,Network Share Connection Removal,attack-pattern--a750a9f6-0bde-4bb3-9aae-1e2786e9780c,True,DET0103,Behavioral Detection of Network Share Connection Removal via CLI and SMB Disconnects,x-mitre-detection-strategy--00060b87-7f99-45aa-9553-a4d94139195c,relationship--b414a54d-8cd1-42e7-92b8-4b4f1460ec6a,
DC0032,Process Creation,x-mitre-data-component--3d20385b-24ef-40e1-9f56-f39750379077,T1070.006,Timestomp,attack-pattern--47f2d673-ca62-47e9-929b-1b0be9657611,True,DET0591,Cross-Platform Behavioral Detection of File Timestomping via Metadata Tampering,x-mitre-detection-strategy--f9d25557-f87b-4920-a98b-8a3c9df4bfce,relationship--b146edce-c62f-45b3-950e-cc428f8cd7ef,
DC0032,Process Creation,x-mitre-data-component--3d20385b-24ef-40e1-9f56-f39750379077,T1070.007,Clear Network Connection History and Configurations,attack-pattern--3975dbb5-0e1e-4f5b-bae1-cf2ab84b46dc,True,DET0049,Behavioral Detection of Network History and Configuration Tampering,x-mitre-detection-strategy--45ac24cf-b8f4-44d5-97e1-3efe2bf28abc,relationship--2c374f4d-e32c-4676-be99-2265d60bced7,
DC0032,Process Creation,x-mitre-data-component--3d20385b-24ef-40e1-9f56-f39750379077,T1070.008,Clear Mailbox Data,attack-pattern--438c967d-3996-4870-bfc2-3954752a1927,True,DET0266,Behavioral Detection of Mailbox Data and Log Deletion for Anti-Forensics,x-mitre-detection-strategy--08633541-0006-480a-a2d9-e1c81952cc71,relationship--36707c40-9a27-4d62-8bcb-2ad419b3fa2d,
DC0032,Process Creation,x-mitre-data-component--3d20385b-24ef-40e1-9f56-f39750379077,T1070.009,Clear Persistence,attack-pattern--d2c4e5ea-dbdf-4113-805a-b1e2a337fb33,True,DET0040,Detection of Persistence Artifact Removal Across Host Platforms,x-mitre-detection-strategy--80eb76bc-6599-4adf-8d8c-8126e7e63d12,relationship--b1a5df9f-7a6e-48f4-b779-cc11e9db0e24,
DC0032,Process Creation,x-mitre-data-component--3d20385b-24ef-40e1-9f56-f39750379077,T1071,Application Layer Protocol,attack-pattern--355be19c-ffc9-46d5-8d50-d6a036c675b6,False,DET0444,Detection of Command and Control Over Application Layer Protocols,x-mitre-detection-strategy--155cab5b-c70b-4cfb-ba52-f62a21836b19,relationship--2e32bb11-7263-46e8-b96c-c8769e7001df,
DC0032,Process Creation,x-mitre-data-component--3d20385b-24ef-40e1-9f56-f39750379077,T1071.001,Web Protocols,attack-pattern--df8b2a25-8bdf-4856-953c-a04372b1c161,True,DET0027,"Detection of Web Protocol-Based C2 Over HTTP, HTTPS, or WebSockets",x-mitre-detection-strategy--e6496b9b-2458-4616-9712-a7c0da7fd3bc,relationship--c392a03d-b4d0-4b2c-aeaa-1b010d916922,
DC0032,Process Creation,x-mitre-data-component--3d20385b-24ef-40e1-9f56-f39750379077,T1071.002,File Transfer Protocols,attack-pattern--9a60a291-8960-4387-8a4a-2ab5c18bb50b,True,DET0416,"Detection of File Transfer Protocol-Based C2 (FTP, FTPS, SMB, TFTP)",x-mitre-detection-strategy--1fba9af9-8087-4958-90c0-ecdd8c887f6f,relationship--62ad3c77-cf52-4892-b241-9f1d1b44ad5c,
DC0032,Process Creation,x-mitre-data-component--3d20385b-24ef-40e1-9f56-f39750379077,T1071.003,Mail Protocols,attack-pattern--54b4c251-1f0e-4eba-ba6b-dbc7a6f6f06b,True,DET0135,"Detection of Mail Protocol-Based C2 Activity (SMTP, IMAP, POP3)",x-mitre-detection-strategy--bcb3772f-25d7-4e41-8e37-ec0dc759f44d,relationship--ae96c6fa-4ea2-4cc3-bae0-68f4e43a6110,
DC0032,Process Creation,x-mitre-data-component--3d20385b-24ef-40e1-9f56-f39750379077,T1071.004,DNS,attack-pattern--1996eef1-ced3-4d7f-bf94-33298cabbf72,True,DET0400,Behavioral Detection of DNS Tunneling and Application Layer Abuse,x-mitre-detection-strategy--c2721658-fa76-4b6f-9f84-50618de81ae0,relationship--d0253b71-3eef-4c9a-bc0a-b936fbec1ea7,
DC0032,Process Creation,x-mitre-data-component--3d20385b-24ef-40e1-9f56-f39750379077,T1071.005,Publish/Subscribe Protocols,attack-pattern--241f9ea8-f6ae-4f38-92f5-cef5b7e539dd,True,DET0002,Behavioral Detection of Publish/Subscribe Protocol Misuse for C2,x-mitre-detection-strategy--16495e17-03ec-4e11-ab80-f76ed6386329,relationship--116eaf8e-1aed-4455-b28c-4b8c74acd21d,
DC0032,Process Creation,x-mitre-data-component--3d20385b-24ef-40e1-9f56-f39750379077,T1072,Software Deployment Tools,attack-pattern--92a78814-b191-47ca-909c-1ccfe3777414,False,DET0223,Detection of Adversary Abuse of Software Deployment Tools,x-mitre-detection-strategy--ea1f5423-64b9-44eb-824f-251aa0faccd2,relationship--9704367c-1ca3-4b41-b7b7-b3041f6fabbd,
DC0032,Process Creation,x-mitre-data-component--3d20385b-24ef-40e1-9f56-f39750379077,T1074,Data Staged,attack-pattern--7dd95ff6-712e-4056-9626-312ea4ab4c5e,False,DET0014,Detection of Data Staging Prior to Exfiltration,x-mitre-detection-strategy--11f7fa69-2da4-4280-90d2-abc2f0722683,relationship--f67ae035-646d-4152-aeed-b3b62009e0b2,
DC0032,Process Creation,x-mitre-data-component--3d20385b-24ef-40e1-9f56-f39750379077,T1074.001,Local Data Staging,attack-pattern--1c34f7aa-9341-4a48-bfab-af22e51aca6c,True,DET0261,Detection of Local Data Staging Prior to Exfiltration,x-mitre-detection-strategy--e91165c5-e850-465e-9042-6ba82478b522,relationship--2d994d7b-b354-4824-bee6-7d3161fe0e8d,
DC0032,Process Creation,x-mitre-data-component--3d20385b-24ef-40e1-9f56-f39750379077,T1074.002,Remote Data Staging,attack-pattern--359b00ad-9425-420b-bba5-6de8d600cbc0,True,DET0071,Detection of Remote Data Staging Prior to Exfiltration,x-mitre-detection-strategy--20f11806-1639-49c5-ae0b-84633a142870,relationship--a5138396-d20a-4980-8316-ab57d5fb0478,
DC0032,Process Creation,x-mitre-data-component--3d20385b-24ef-40e1-9f56-f39750379077,T1078,Valid Accounts,attack-pattern--b17a1a56-e99c-403c-8948-561df0cffe81,False,DET0560,Detection of Valid Account Abuse Across Platforms,x-mitre-detection-strategy--a6245075-b59f-46cf-8b76-e8d95c378a22,relationship--1b5cdb10-15a7-48ac-ab23-33edf7ef5602,
DC0032,Process Creation,x-mitre-data-component--3d20385b-24ef-40e1-9f56-f39750379077,T1078.002,Domain Accounts,attack-pattern--c3d4bdd9-2cfe-4a80-9d0c-07a29ecdce8f,True,DET0210,Abuse of Domain Accounts,x-mitre-detection-strategy--ba7a75c6-fcf5-4f36-8908-1fe1c30f690f,relationship--cdb2c6c0-057a-4865-bcd2-8bbaa39e5d55,
DC0032,Process Creation,x-mitre-data-component--3d20385b-24ef-40e1-9f56-f39750379077,T1082,System Information Discovery,attack-pattern--354a7f88-63fb-41b5-a801-ce3b377b36f1,False,DET0525,System Discovery via Native and Remote Utilities,x-mitre-detection-strategy--75161d5e-2b6d-4112-ab4d-338f70ea97f0,relationship--baaaccfe-3c16-4d6b-8b67-279d74ee8da4,
DC0032,Process Creation,x-mitre-data-component--3d20385b-24ef-40e1-9f56-f39750379077,T1083,File and Directory Discovery,attack-pattern--7bc57495-ea59-4380-be31-a64af124ef18,False,DET0370,Recursive Enumeration of Files and Directories Across Privilege Contexts,x-mitre-detection-strategy--33ab9d0c-5671-48e6-8465-f80560909c65,relationship--a6822af7-4da4-42c4-8649-2789a4127950,
DC0032,Process Creation,x-mitre-data-component--3d20385b-24ef-40e1-9f56-f39750379077,T1087,Account Discovery,attack-pattern--72b74d71-8169-42aa-92e0-e7b04b9f5a08,False,DET0587,Enumeration of User or Account Information Across Platforms,x-mitre-detection-strategy--fdda430c-e4f6-43ce-95d6-0f97253ff6a2,relationship--6977ce04-33d6-4080-8e9c-ac61a4a48dfa,
DC0032,Process Creation,x-mitre-data-component--3d20385b-24ef-40e1-9f56-f39750379077,T1087.001,Local Account,attack-pattern--25659dd6-ea12-45c4-97e6-381e3e4b593e,True,DET0303,Local Account Enumeration Across Host Platforms,x-mitre-detection-strategy--21ad7ddc-77f6-422b-8e0c-c82e184e0ad0,relationship--560a5271-afb1-483f-b45d-ecb5245d44ba,
DC0032,Process Creation,x-mitre-data-component--3d20385b-24ef-40e1-9f56-f39750379077,T1087.002,Domain Account,attack-pattern--21875073-b0ee-49e3-9077-1e2a885359af,True,DET0129,Domain Account Enumeration Across Platforms,x-mitre-detection-strategy--50569af3-7910-4591-977e-cbf4caa12cfd,relationship--0e8bdd63-70d5-43c8-a56d-b66d54e7b043,
DC0032,Process Creation,x-mitre-data-component--3d20385b-24ef-40e1-9f56-f39750379077,T1087.003,Email Account,attack-pattern--4bc31b94-045b-4752-8920-aebaebdb6470,True,DET0229,Enumeration of Global Address Lists via Email Account Discovery,x-mitre-detection-strategy--e2f961bd-ddc5-4940-bc62-e2b0bd3405f8,relationship--5b441a2e-73b1-4397-9f56-66f642dd26e7,
DC0032,Process Creation,x-mitre-data-component--3d20385b-24ef-40e1-9f56-f39750379077,T1090,Proxy,attack-pattern--731f4f55-b6d0-41d1-a7a9-072a66389aea,False,DET0445,Detection of Proxy Infrastructure Setup and Traffic Bridging,x-mitre-detection-strategy--5c44619a-da36-4bbd-9730-efceacf2409f,relationship--20b8b8ac-5c86-4dc3-a0e7-394f0e1ed7a9,
DC0032,Process Creation,x-mitre-data-component--3d20385b-24ef-40e1-9f56-f39750379077,T1090.001,Internal Proxy,attack-pattern--f6dacc85-b37d-458e-b58d-74fc4bbf5755,True,DET0075,Internal Proxy Behavior via Lateral Host-to-Host C2 Relay,x-mitre-detection-strategy--28630b41-d28f-4414-afc8-23cc9ce8696c,relationship--58aa13ea-1fc5-4b98-ba7a-721585eec425,
DC0032,Process Creation,x-mitre-data-component--3d20385b-24ef-40e1-9f56-f39750379077,T1090.002,External Proxy,attack-pattern--69b8fd78-40e8-4600-ae4d-662c9d7afdb3,True,DET0325,External Proxy Behavior via Outbound Relay to Intermediate Infrastructure,x-mitre-detection-strategy--bfb5cb12-7025-44c3-9a2d-79cfe42ecf54,relationship--872ebb9f-131c-47e0-a8c3-15b4764d3594,
DC0032,Process Creation,x-mitre-data-component--3d20385b-24ef-40e1-9f56-f39750379077,T1090.003,Multi-hop Proxy,attack-pattern--a782ebe2-daba-42c7-bc82-e8e9d923162d,True,DET0359,"Multi-hop Proxy Behavior via Relay Node Chaining, Onion Routing, and Network Tunneling",x-mitre-detection-strategy--407286ed-c904-412a-9f2d-7426ea7304a4,relationship--393a41c9-3c31-4325-9af0-c7601db3cc77,
DC0032,Process Creation,x-mitre-data-component--3d20385b-24ef-40e1-9f56-f39750379077,T1090.004,Domain Fronting,attack-pattern--ca9d3402-ada3-484d-876a-d717bd6e05f2,True,DET0196,Domain Fronting Behavior via Mismatched TLS SNI and HTTP Host Headers,x-mitre-detection-strategy--92203cb2-b7bd-4bc3-ab6f-9859a9856efc,relationship--1034ed90-685b-412d-baa0-6aef007d52c1,
DC0032,Process Creation,x-mitre-data-component--3d20385b-24ef-40e1-9f56-f39750379077,T1091,Replication Through Removable Media,attack-pattern--3b744087-9945-4a6f-91e8-9dbceda417a4,False,DET0301,Removable Media Execution Chain Detection via File and Process Activity,x-mitre-detection-strategy--8225c396-cbf9-499a-b94d-bdc7a1f07458,relationship--9421f9f1-c10a-49bf-991f-1df07b8953f0,
DC0032,Process Creation,x-mitre-data-component--3d20385b-24ef-40e1-9f56-f39750379077,T1092,Communication Through Removable Media,attack-pattern--64196062-5210-42c3-9a02-563a0d1797ef,False,DET0090,Cross-host C2 via Removable Media Relay,x-mitre-detection-strategy--2cbbc0b5-2c4b-4861-91d3-1f64a47ef191,relationship--2a15d658-c99d-4291-a5d1-4c27ade7b697,
DC0032,Process Creation,x-mitre-data-component--3d20385b-24ef-40e1-9f56-f39750379077,T1098,Account Manipulation,attack-pattern--a10641f4-87b4-45a3-a906-92a149cb2c27,False,DET0096,Account Manipulation Behavior Chain Detection,x-mitre-detection-strategy--d6c4cc3b-6875-4288-8193-bf4c864560ab,relationship--94a27c31-1cda-4987-b42b-ed1868631177,
DC0032,Process Creation,x-mitre-data-component--3d20385b-24ef-40e1-9f56-f39750379077,T1098.002,Additional Email Delegate Permissions,attack-pattern--e74de37c-a829-446c-937d-56a44f0e9306,True,DET0373,Detection Strategy for Addition of Email Delegate Permissions,x-mitre-detection-strategy--679edb0f-4fa0-4929-9ffd-881d9f82263d,relationship--9520178c-83f2-495e-84ef-d1f6205d34b0,
DC0032,Process Creation,x-mitre-data-component--3d20385b-24ef-40e1-9f56-f39750379077,T1098.004,SSH Authorized Keys,attack-pattern--6b57dc31-b814-4a03-8706-28bc20d739c4,True,DET0126,Detection Strategy for SSH Key Injection in Authorized Keys,x-mitre-detection-strategy--cf33849d-67f4-418e-9a41-6a6c082e576a,relationship--ace534ca-793e-4d09-8ed1-5d941ac89285,
DC0032,Process Creation,x-mitre-data-component--3d20385b-24ef-40e1-9f56-f39750379077,T1102.002,Bidirectional Communication,attack-pattern--be055942-6e63-49d7-9fa1-9cb7d8a8f3f4,True,DET0035,Detect Bidirectional Web Service C2 Channels via Process & Network Correlation,x-mitre-detection-strategy--dcf2474e-0774-40da-b7e6-f4b60d0ea62f,relationship--835d55ac-48f3-407e-a4a3-7cfd1437b0d7,
DC0032,Process Creation,x-mitre-data-component--3d20385b-24ef-40e1-9f56-f39750379077,T1102.003,One-Way Communication,attack-pattern--9c99724c-a483-4d60-ad9d-7f004e42e8e8,True,DET0581,Detect One-Way Web Service Command Channels,x-mitre-detection-strategy--e3718a7a-77b3-4790-99ba-aba7703815fd,relationship--3c6d32c7-532c-48bf-bca0-f78c66167a0c,
DC0032,Process Creation,x-mitre-data-component--3d20385b-24ef-40e1-9f56-f39750379077,T1104,Multi-Stage Channels,attack-pattern--84e02621-8fdf-470f-bd58-993bb6a89d91,False,DET0228,Detect Multi-Stage Command and Control Channels,x-mitre-detection-strategy--6368178a-04c5-490b-96d5-f12dcccd0497,relationship--4bb22cca-ded9-422e-8df8-fb1e387c8448,
DC0032,Process Creation,x-mitre-data-component--3d20385b-24ef-40e1-9f56-f39750379077,T1105,Ingress Tool Transfer,attack-pattern--e6919abc-99f9-4c6c-95a5-14761e7b2add,False,DET0060,Detect Ingress Tool Transfers via Behavioral Chain,x-mitre-detection-strategy--67677c4c-5778-49eb-ae74-1920645b8554,relationship--280c13b6-71c5-4e78-9cef-057528d42589,
DC0032,Process Creation,x-mitre-data-component--3d20385b-24ef-40e1-9f56-f39750379077,T1106,Native API,attack-pattern--391d824f-0ef1-47a0-b0ee-c59a75e27670,False,DET0529,Behavioral Detection of Native API Invocation via Unusual DLL Loads and Direct Syscalls,x-mitre-detection-strategy--36654ec6-5019-4e79-b299-1fbf3a03e064,relationship--dc9d1fc2-471b-49c3-b372-9703fd5125f4,
DC0032,Process Creation,x-mitre-data-component--3d20385b-24ef-40e1-9f56-f39750379077,T1110.002,Password Cracking,attack-pattern--1d24cdee-9ea2-4189-b08e-af110bf2435d,True,DET0105,Post-Credential Dump Password Cracking Detection via Suspicious File Access and Hash Analysis Tools,x-mitre-detection-strategy--ee07e9eb-8438-4c7c-8260-88a09fbe98de,relationship--4656281a-1d49-4b06-9470-dc81d50dc5fc,
DC0032,Process Creation,x-mitre-data-component--3d20385b-24ef-40e1-9f56-f39750379077,T1111,Multi-Factor Authentication Interception,attack-pattern--dd43c543-bb85-4a6f-aa6e-160d90d06a49,False,DET0246,Detection Strategy for MFA Interception via Input Capture and Smart Card Proxying,x-mitre-detection-strategy--6df13a5a-7d2b-4c9d-8c6e-d57ca850fe15,relationship--16857a1a-a782-4c5e-952d-bf00b8f0d782,
DC0032,Process Creation,x-mitre-data-component--3d20385b-24ef-40e1-9f56-f39750379077,T1112,Modify Registry,attack-pattern--57340c81-c025-4189-8fa0-fc7ede51bae4,False,DET0280,Behavior-Based Registry Modification Detection on Windows,x-mitre-detection-strategy--cf6a38ec-4c16-4c7f-8730-6e04f6dd6e67,relationship--964280e0-838f-4d22-a1e6-70a853be314a,
DC0032,Process Creation,x-mitre-data-component--3d20385b-24ef-40e1-9f56-f39750379077,T1113,Screen Capture,attack-pattern--0259baeb-9f63-4c69-bf10-eb038c390688,False,DET0346,Detect Screen Capture via Commands and API Calls,x-mitre-detection-strategy--a9de0990-69e9-4b1a-9754-1c7fb4102ac9,relationship--2e10339a-3af5-45b5-b48c-9642e4bc7665,
DC0032,Process Creation,x-mitre-data-component--3d20385b-24ef-40e1-9f56-f39750379077,T1114,Email Collection,attack-pattern--1608f3e1-598a-42f4-a01a-2e252e81728f,False,DET0476,Email Collection via Local Email Access and Auto-Forwarding Behavior,x-mitre-detection-strategy--2470975e-6748-42a5-9a48-74dc7b687fe9,relationship--48fe7200-61ea-4d8a-89a9-ddcedf2f3313,
DC0032,Process Creation,x-mitre-data-component--3d20385b-24ef-40e1-9f56-f39750379077,T1114.001,Local Email Collection,attack-pattern--1e9eb839-294b-48cc-b0d3-c45555a2a004,True,DET0047,Detect Local Email Collection via Outlook Data File Access and Command Line Tooling,x-mitre-detection-strategy--8fb1967e-478f-4a83-9fb9-3da1015b8a26,relationship--8397947f-ea47-40e3-8a0d-8e20365d022f,
DC0032,Process Creation,x-mitre-data-component--3d20385b-24ef-40e1-9f56-f39750379077,T1114.003,Email Forwarding Rule,attack-pattern--7d77a07d-02fe-4e88-8bd9-e9c008c01bf0,True,DET0576,Email Forwarding Rule Abuse Detection Across Platforms,x-mitre-detection-strategy--f66a9e86-49fb-4de6-963d-0e357a77f679,relationship--097ad539-3af8-45a7-9804-7f8925c693a3,
DC0032,Process Creation,x-mitre-data-component--3d20385b-24ef-40e1-9f56-f39750379077,T1115,Clipboard Data,attack-pattern--30973a08-aed9-4edf-8604-9084ce1b5c4f,False,DET0341,Clipboard Data Access with Anomalous Context,x-mitre-detection-strategy--461e3a2b-2315-4550-abb4-0bd73b0ceaa6,relationship--120b3e62-84c4-4bf4-884a-97393654e17b,
DC0032,Process Creation,x-mitre-data-component--3d20385b-24ef-40e1-9f56-f39750379077,T1119,Automated Collection,attack-pattern--30208d3e-0d6b-43c8-883e-44462a514619,False,DET0186,Automated File and API Collection Detection Across Platforms,x-mitre-detection-strategy--5e9a51b5-7e4a-4e78-a1ba-215ce937c877,relationship--e2b97df1-c2d4-4c7d-a96a-907aa01c855f,
DC0032,Process Creation,x-mitre-data-component--3d20385b-24ef-40e1-9f56-f39750379077,T1120,Peripheral Device Discovery,attack-pattern--348f1eef-964b-4eb6-bb53-69b3dcb0c643,False,DET0491,Peripheral Device Enumeration via System Utilities and API Calls,x-mitre-detection-strategy--f273ee4a-e468-4a01-bb1a-f3a687518ded,relationship--c1e95758-4497-406e-a9a7-a5476bacc6f1,
DC0032,Process Creation,x-mitre-data-component--3d20385b-24ef-40e1-9f56-f39750379077,T1123,Audio Capture,attack-pattern--1035cdf2-3e5f-446f-a7a7-e8f6d7925967,False,DET0221,"Behavioral Detection Strategy for T1123 Audio Capture Across Windows, Linux, macOS",x-mitre-detection-strategy--c7471b0b-ac10-4eac-aae6-cfa821e707dd,relationship--a98091ed-435e-4359-913c-c1a86e4113af,
DC0032,Process Creation,x-mitre-data-component--3d20385b-24ef-40e1-9f56-f39750379077,T1124,System Time Discovery,attack-pattern--f3c544dc-673c-4ef3-accb-53229f1ae077,False,DET0151,"Behavior-chain, platform-aware detection strategy for T1124 System Time Discovery",x-mitre-detection-strategy--98ae5e06-7ea5-49b9-b793-7f97b1d306b2,relationship--a471c195-dbf1-4c84-a314-393189769d31,
DC0032,Process Creation,x-mitre-data-component--3d20385b-24ef-40e1-9f56-f39750379077,T1125,Video Capture,attack-pattern--6faf650d-bf31-4eb4-802d-1000cf38efaf,False,DET0197,"Behavior-chain, platform-aware detection strategy for T1125 Video Capture",x-mitre-detection-strategy--e9ee6ab5-333b-4cea-8637-23360d904472,relationship--2b034b90-9a02-4e29-b943-73b1b49459cb,
DC0032,Process Creation,x-mitre-data-component--3d20385b-24ef-40e1-9f56-f39750379077,T1127,Trusted Developer Utilities Proxy Execution,attack-pattern--ff25900d-76d5-449b-a351-8824e62fc81b,False,DET0172,"Behavior-chain, platform-aware detection strategy for T1127 Trusted Developer Utilities Proxy Execution (Windows)",x-mitre-detection-strategy--f47cb8dc-2120-4541-9306-95053218ba8a,relationship--e9ff67a4-4136-46d0-b91e-d354c84215a1,
DC0032,Process Creation,x-mitre-data-component--3d20385b-24ef-40e1-9f56-f39750379077,T1127.001,MSBuild,attack-pattern--c92e3d68-2349-49e4-a341-7edca2deff96,True,DET0556,Behavior-chain detection strategy for T1127.001 Trusted Developer Utilities Proxy Execution: MSBuild (Windows),x-mitre-detection-strategy--5fb0bb0d-cc9c-47aa-86f2-567b4ee642ff,relationship--9ce197cf-1ef3-4fa2-ac91-57ae0064c3a6,
DC0032,Process Creation,x-mitre-data-component--3d20385b-24ef-40e1-9f56-f39750379077,T1127.002,ClickOnce,attack-pattern--cc279e50-df85-4c8e-be80-6dc2eda8849c,True,DET0191,Behavior-chain detection strategy for T1127.002 Trusted Developer Utilities Proxy Execution: ClickOnce (Windows),x-mitre-detection-strategy--ec75b064-d8f1-40a7-832c-0ef0bb40214d,relationship--a06bc62f-b3e7-468b-8697-1e00367bc28b,
DC0032,Process Creation,x-mitre-data-component--3d20385b-24ef-40e1-9f56-f39750379077,T1127.003,JamPlus,attack-pattern--7d356151-a69d-404e-896b-71618952702a,True,DET0585,Behavior-chain detection strategy for T1127.003 Trusted Developer Utilities Proxy Execution: JamPlus (Windows),x-mitre-detection-strategy--680956cb-d8c6-447c-99b4-82865fb89255,relationship--cf8ed394-7e83-4637-9cd3-82cccd529d78,
DC0032,Process Creation,x-mitre-data-component--3d20385b-24ef-40e1-9f56-f39750379077,T1129,Shared Modules,attack-pattern--0a5231ec-41af-4a35-83d0-6bdf11f28c65,False,DET0018,"Behavior-chain, platform-aware detection strategy for T1129 Shared Modules",x-mitre-detection-strategy--928a6ce6-fca0-4d66-aba3-1121431b953e,relationship--20d31ad8-56fd-4268-b650-6106617cc9bc,
DC0032,Process Creation,x-mitre-data-component--3d20385b-24ef-40e1-9f56-f39750379077,T1132,Data Encoding,attack-pattern--cc7b8c4e-9be0-47ca-b0bb-83915ec3ee2f,False,DET0108,Detection Strategy for Data Encoding in C2 Channels,x-mitre-detection-strategy--d7106707-eee8-443f-b106-e7eff58a739e,relationship--ebab4fe1-721f-40f5-9d24-cd8744bdc151,
DC0032,Process Creation,x-mitre-data-component--3d20385b-24ef-40e1-9f56-f39750379077,T1132.001,Standard Encoding,attack-pattern--04fd5427-79c7-44ea-ae13-11b24778ff1c,True,DET0124,"Behavior-chain detection for T1132.001 Data Encoding: Standard Encoding (Base64/Hex/MIME) across Windows, Linux, macOS, ESXi",x-mitre-detection-strategy--1f6a450a-fd29-4e5c-9708-1ae4616c28c3,relationship--0509ff0b-2095-466f-a6a4-72640f9a77fb,
DC0032,Process Creation,x-mitre-data-component--3d20385b-24ef-40e1-9f56-f39750379077,T1132.002,Non-Standard Encoding,attack-pattern--d467bc38-284b-4a00-96ac-125f447799fc,True,DET0326,"Behavior-chain detection for T1132.002 Data Encoding: Non-Standard Encoding across Windows, Linux, macOS, ESXi",x-mitre-detection-strategy--8bcafe59-0a4b-4314-988b-085bf5cdf7a9,relationship--488d1ba3-25ca-4a0c-b0b6-1d8053ce5cd3,
DC0032,Process Creation,x-mitre-data-component--3d20385b-24ef-40e1-9f56-f39750379077,T1134,Access Token Manipulation,attack-pattern--dcaa092b-7de9-4a21-977f-7fcb77e89c48,False,DET0283,Behavior-chain detection for T1134 Access Token Manipulation on Windows,x-mitre-detection-strategy--774bbba8-45c2-403d-a445-3a64b3679faf,relationship--d4efc88e-7544-42f4-ae47-a73acc22885a,
DC0032,Process Creation,x-mitre-data-component--3d20385b-24ef-40e1-9f56-f39750379077,T1134.001,Token Impersonation/Theft,attack-pattern--86850eff-2729-40c3-b85e-c4af26da4a2d,True,DET0482,Behavior-chain detection for T1134.001 Access Token Manipulation: Token Impersonation/Theft on Windows,x-mitre-detection-strategy--0b06e42c-ab1c-4fb7-834b-10293e904173,relationship--0ec457d8-ffb0-459f-aac2-571e7b6111e7,
DC0032,Process Creation,x-mitre-data-component--3d20385b-24ef-40e1-9f56-f39750379077,T1134.002,Create Process with Token,attack-pattern--677569f9-a8b0-459e-ab24-7f18091fa7bf,True,DET0456,Behavior-chain detection for T1134.002 Create Process with Token (Windows),x-mitre-detection-strategy--78aa8d17-c96f-4ba9-b431-f91157f38553,relationship--76d197d3-8ed8-4e40-9245-a30a29229131,
DC0032,Process Creation,x-mitre-data-component--3d20385b-24ef-40e1-9f56-f39750379077,T1134.003,Make and Impersonate Token,attack-pattern--8cdeb020-e31e-4f88-a582-f53dcfbda819,True,DET0498,Behavior‑chain detection for T1134.003 Make and Impersonate Token (Windows),x-mitre-detection-strategy--d9cf8032-7b53-4251-8519-a7ccbf6a027a,relationship--662c3c81-4b00-47d1-8110-50e7cb3e03f6,
DC0032,Process Creation,x-mitre-data-component--3d20385b-24ef-40e1-9f56-f39750379077,T1134.004,Parent PID Spoofing,attack-pattern--93591901-3172-4e94-abf8-6034ab26f44a,True,DET0489,Behavior-chain detection for T1134.004 Access Token Manipulation: Parent PID Spoofing (Windows),x-mitre-detection-strategy--eb751740-80cd-4ec1-a989-8691bf7f2039,relationship--b950ec4c-7d64-4184-9161-bcc199117ed2,
DC0032,Process Creation,x-mitre-data-component--3d20385b-24ef-40e1-9f56-f39750379077,T1135,Network Share Discovery,attack-pattern--3489cfc5-640f-4bb3-a103-9137b97de79f,False,DET0182,"Behavior-chain detection for T1135 Network Share Discovery across Windows, Linux, and macOS",x-mitre-detection-strategy--e7870b55-7420-444a-9751-99fb5fbf4cd9,relationship--1170753c-b8d9-4bd8-a3d7-e09882b53897,
DC0032,Process Creation,x-mitre-data-component--3d20385b-24ef-40e1-9f56-f39750379077,T1136,Create Account,attack-pattern--e01be9c5-e763-4caf-aeb7-000b416aef67,False,DET0583,Detection Strategy for T1136 - Create Account across platforms,x-mitre-detection-strategy--552bacaa-9df5-4c95-83de-a7d1948003b5,relationship--bd9b60eb-dc7a-4806-b882-040b17e4f5b4,
DC0032,Process Creation,x-mitre-data-component--3d20385b-24ef-40e1-9f56-f39750379077,T1136.001,Local Account,attack-pattern--635cbe30-392d-4e27-978e-66774357c762,True,DET0447,T1136.001 Detection Strategy - Local Account Creation Across Platforms,x-mitre-detection-strategy--2250ba04-1b95-4c72-9373-d87e8c1d7869,relationship--5e84ad25-7f2e-406e-943e-06ff9b53d3a6,
DC0032,Process Creation,x-mitre-data-component--3d20385b-24ef-40e1-9f56-f39750379077,T1136.002,Domain Account,attack-pattern--7610cada-1499-41a4-b3dd-46467b68d177,True,DET0003,T1136.002 Detection Strategy - Domain Account Creation Across Platforms,x-mitre-detection-strategy--aae40136-73f7-45e8-a37f-104ae7155bbe,relationship--140e6844-f9bb-4e31-bb57-370d1fd830f3,
DC0032,Process Creation,x-mitre-data-component--3d20385b-24ef-40e1-9f56-f39750379077,T1137,Office Application Startup,attack-pattern--2c4d4e92-0ccf-4a97-b54c-86d662988a53,False,DET0398,"Detect Office Startup-Based Persistence via Macros, Forms, and Registry Hooks",x-mitre-detection-strategy--71a8576b-c9ef-4485-b461-d706fd757a67,relationship--0feff064-74a2-4323-bce0-7b67d0002b39,
DC0032,Process Creation,x-mitre-data-component--3d20385b-24ef-40e1-9f56-f39750379077,T1137.001,Office Template Macros,attack-pattern--79a47ad0-fc3b-4821-9f01-a026b1ddba21,True,DET0519,Detect Persistence via Office Template Macro Injection or Registry Hijack,x-mitre-detection-strategy--e04f7ddf-6a1e-4731-afd6-5edb74f4c624,relationship--0411dd33-93d8-4709-816d-c05b31a0b721,
DC0032,Process Creation,x-mitre-data-component--3d20385b-24ef-40e1-9f56-f39750379077,T1137.002,Office Test,attack-pattern--ed7efd4d-ce28-4a19-a8e6-c58011eb2c7a,True,DET0315,Detect Persistence via Office Test Registry DLL Injection,x-mitre-detection-strategy--cb0a01e5-d88a-4ac8-a70a-1472c5dccd10,relationship--579ccb1f-91d2-4933-9067-6f07af17446d,
DC0032,Process Creation,x-mitre-data-component--3d20385b-24ef-40e1-9f56-f39750379077,T1137.003,Outlook Forms,attack-pattern--a9e2cea0-c805-4bf8-9e31-f5f0513a3634,True,DET0029,Detect Persistence via Outlook Custom Forms Triggered by Malicious Email,x-mitre-detection-strategy--75281b94-735d-4051-b400-a42205783af9,relationship--d6c34c5f-2c37-4bb3-8efa-b9797a1eef2b,
DC0032,Process Creation,x-mitre-data-component--3d20385b-24ef-40e1-9f56-f39750379077,T1137.004,Outlook Home Page,attack-pattern--bf147104-abf9-4221-95d1-e81585859441,True,DET0177,Detect Persistence via Outlook Home Page Exploitation,x-mitre-detection-strategy--e55f4e4b-80c0-4a2b-8202-659d29bbba33,relationship--48d0a0ac-28e4-43b6-824f-a7626cfc1798,
DC0032,Process Creation,x-mitre-data-component--3d20385b-24ef-40e1-9f56-f39750379077,T1137.005,Outlook Rules,attack-pattern--3d1b9d7e-3921-4d25-845a-7d9f15c0da44,True,DET0095,Detect Persistence via Malicious Outlook Rules,x-mitre-detection-strategy--83a814c2-73ac-4942-84ad-704a272cd864,relationship--4e14e9ea-2620-4efe-8c8a-594fe8a8dfdc,
DC0032,Process Creation,x-mitre-data-component--3d20385b-24ef-40e1-9f56-f39750379077,T1137.006,Add-ins,attack-pattern--34f1d81d-fe88-4f97-bd3b-a3164536255d,True,DET0050,Detect Persistence via Malicious Office Add-ins,x-mitre-detection-strategy--53144b02-d6b1-42de-b5cf-e785a59c43bd,relationship--ce52ceb4-fced-4ec9-8e0a-8c1a1f871a64,
DC0032,Process Creation,x-mitre-data-component--3d20385b-24ef-40e1-9f56-f39750379077,T1140,Deobfuscate/Decode Files or Information,attack-pattern--3ccef7ae-cb5e-48f6-8302-897105fbf55c,False,DET0275,Detect Adversary Deobfuscation or Decoding of Files and Payloads,x-mitre-detection-strategy--5b3bf2de-d91e-4272-97a8-5df6f4071e45,relationship--9c92cb61-d6a7-4dc3-9bf8-1ebcc1b2cc73,
DC0032,Process Creation,x-mitre-data-component--3d20385b-24ef-40e1-9f56-f39750379077,T1176,Software Extensions,attack-pattern--389735f1-f21c-4208-b8f0-f8031e7169b8,False,DET0092,Detection of Malicious or Unauthorized Software Extensions,x-mitre-detection-strategy--eaa0f0da-bee7-4ce3-97e5-46d5ac2a9257,relationship--fcd8e924-69a3-4c53-b9c0-e30738e54c61,
DC0032,Process Creation,x-mitre-data-component--3d20385b-24ef-40e1-9f56-f39750379077,T1176.001,Browser Extensions,attack-pattern--278716b1-61ce-4a74-8d17-891d0c494101,True,DET0044,Detecting Malicious Browser Extensions Across Platforms,x-mitre-detection-strategy--101e19ca-f902-4c2d-8ceb-ddd07a43f1a7,relationship--427c5505-813e-488c-92b3-2e3c15170605,
DC0032,Process Creation,x-mitre-data-component--3d20385b-24ef-40e1-9f56-f39750379077,T1176.002,IDE Extensions,attack-pattern--66b34be7-6915-4b83-8d5a-b0f0592b5e41,True,DET0561,Detect malicious IDE extension install/usage and IDE tunneling,x-mitre-detection-strategy--434d1a09-6a53-43ae-8f8c-e0eb853c4a25,relationship--c7726ac6-c1de-46d6-9bad-a8f2343af867,
DC0032,Process Creation,x-mitre-data-component--3d20385b-24ef-40e1-9f56-f39750379077,T1189,Drive-by Compromise,attack-pattern--d742a578-d70e-4d0e-96a6-02a9c30204e6,False,DET0176,"Drive-by Compromise — Behavior-based, Multi-platform Detection Strategy (T1189)",x-mitre-detection-strategy--a070f9d2-3480-4362-99b3-8b36f5be0189,relationship--65f2dd08-9e93-4599-ad36-0a8d6ef742e3,
DC0032,Process Creation,x-mitre-data-component--3d20385b-24ef-40e1-9f56-f39750379077,T1190,Exploit Public-Facing Application,attack-pattern--3f886f2a-874f-4333-b794-aa6075009b1c,False,DET0080,Exploit Public-Facing Application – multi-signal correlation (request → error → post-exploit process/egress),x-mitre-detection-strategy--dd8477c8-2aad-4db3-b810-fe0d2f605fa8,relationship--69e8d620-b9a1-4bfd-9bf0-62d2915f08ad,
DC0032,Process Creation,x-mitre-data-component--3d20385b-24ef-40e1-9f56-f39750379077,T1195,Supply Chain Compromise,attack-pattern--3f18edba-28f4-4bb9-82c3-8aa60dcac5f7,False,DET0537,Behavioral detection for Supply Chain Compromise (package/update tamper → install → first-run),x-mitre-detection-strategy--18c9199f-d6b6-4efe-ac90-9a1b7b8c6f36,relationship--5f50e76f-fc9b-4f3f-948f-408f58ab2894,
DC0032,Process Creation,x-mitre-data-component--3d20385b-24ef-40e1-9f56-f39750379077,T1195.001,Compromise Software Dependencies and Development Tools,attack-pattern--191cc6af-1bb2-4344-ab5f-28e496638720,True,DET0009,Supply-chain tamper in dependencies/dev-tools (manager→write/install→first-run→egress),x-mitre-detection-strategy--ec870f2d-bba3-43f9-95b8-c2f85678dba4,relationship--f21676c2-dc39-4d2e-b551-5ed654dddef3,
DC0032,Process Creation,x-mitre-data-component--3d20385b-24ef-40e1-9f56-f39750379077,T1195.002,Compromise Software Supply Chain,attack-pattern--bd369cd9-abb8-41ce-b5bb-fff23ee86c00,True,DET0309,Compromised software/update chain (installer/write → first-run/child → egress/signature anomaly),x-mitre-detection-strategy--77d3b532-9c4f-4f9f-9581-3009b201435d,relationship--91cd8b1f-5c87-41be-b7e7-310d4c6b6c3e,
DC0032,Process Creation,x-mitre-data-component--3d20385b-24ef-40e1-9f56-f39750379077,T1197,BITS Jobs,attack-pattern--c8e87b83-edbb-48d4-9295-4974897525b7,False,DET0098,"Detect abuse of Windows BITS Jobs for download, execution and persistence",x-mitre-detection-strategy--de9fde27-426b-4cb1-afcd-dbe1f7d4273f,relationship--0967546e-b205-4de2-92eb-2847cb4ad94e,
DC0032,Process Creation,x-mitre-data-component--3d20385b-24ef-40e1-9f56-f39750379077,T1200,Hardware Additions,attack-pattern--d40239b3-05ff-46d8-9bdd-b46d13463ef9,False,DET0069,Detect unauthorized or suspicious Hardware Additions (USB/Thunderbolt/Network),x-mitre-detection-strategy--e8d186eb-5450-4dc9-8458-89bbaed45643,relationship--a9a213e9-8227-4154-83af-2ab640f63efa,
DC0032,Process Creation,x-mitre-data-component--3d20385b-24ef-40e1-9f56-f39750379077,T1201,Password Policy Discovery,attack-pattern--b6075259-dba3-44e9-87c7-e954f37ec0d5,False,DET0161,Password Policy Discovery – cross-platform behavior-chain analytics,x-mitre-detection-strategy--72742281-7457-4124-a277-7f3cf5e23f4e,relationship--61c33856-75d9-403c-a31c-e7ef853f0796,
DC0032,Process Creation,x-mitre-data-component--3d20385b-24ef-40e1-9f56-f39750379077,T1202,Indirect Command Execution,attack-pattern--3b0e52ce-517a-4614-a523-1bd5deef6c5e,False,DET0200,Indirect Command Execution – Windows utility abuse behavior chain,x-mitre-detection-strategy--f3cc2f0f-c657-4453-90a8-d7c9a59d6e37,relationship--8bb1b5ae-824e-41f2-b3a3-f852e8c9bffe,
DC0032,Process Creation,x-mitre-data-component--3d20385b-24ef-40e1-9f56-f39750379077,T1203,Exploitation for Client Execution,attack-pattern--be2dcee9-a7a7-4e38-afd6-21b31ecc3d63,False,DET0287,Exploitation for Client Execution – cross-platform behavior chain (browser/Office/3rd-party apps),x-mitre-detection-strategy--1894c2d7-ce4f-4cfd-8644-decb1e14f0c5,relationship--f094c21c-9872-4e82-88c1-c759979c4f10,
DC0032,Process Creation,x-mitre-data-component--3d20385b-24ef-40e1-9f56-f39750379077,T1204,User Execution,attack-pattern--8c32eb4d-805f-4fc5-bf60-c4d476c131b5,False,DET0478,User Execution – multi-surface behavior chain (documents/links → helper/unpacker → LOLBIN/child → egress),x-mitre-detection-strategy--70c9f174-2e96-4086-b59c-d2358e434f8e,relationship--7a3c280c-1116-4197-812a-e233eb1d5a17,
DC0032,Process Creation,x-mitre-data-component--3d20385b-24ef-40e1-9f56-f39750379077,T1204.001,Malicious Link,attack-pattern--ef67e13e-5598-4adc-bdb2-998225874fa9,True,DET0066,User Execution – Malicious Link (click → suspicious egress → download/write → follow-on activity),x-mitre-detection-strategy--b977bf63-8fe2-4538-b4f2-0098fe26d67b,relationship--8f834d41-f4f4-4662-88a2-bfe298515b91,
DC0032,Process Creation,x-mitre-data-component--3d20385b-24ef-40e1-9f56-f39750379077,T1204.002,Malicious File,attack-pattern--232b7f21-adf9-4b42-b936-b9d6f7df856e,True,DET0294,User Execution – Malicious File via download/open → spawn chain (T1204.002),x-mitre-detection-strategy--e2023eb5-d813-4a08-985e-e8c998672037,relationship--407375dd-0cc3-4eb4-9dd5-f92a9040b349,
DC0032,Process Creation,x-mitre-data-component--3d20385b-24ef-40e1-9f56-f39750379077,T1204.003,Malicious Image,attack-pattern--b0c74ef9-c61e-4986-88cb-78da98a355ec,True,DET0248,User Execution – Malicious Image (containers & IaaS) – pull/run → start → anomalous behavior (T1204.003),x-mitre-detection-strategy--ee7bd8ff-fbfd-4bb2-9d23-cf3f6ed342c7,relationship--3ce513f0-6c41-477f-a35d-42d0ec2f8171,
DC0032,Process Creation,x-mitre-data-component--3d20385b-24ef-40e1-9f56-f39750379077,T1204.004,Malicious Copy and Paste,attack-pattern--e261a979-f354-41a8-963e-6cadac27c4bf,True,DET0340,User Execution – Malicious Copy & Paste (browser/email → shell with obfuscated one-liner) – T1204.004,x-mitre-detection-strategy--0dabfa5e-9c35-48ec-b825-ff1cce7a3d00,relationship--733c50f9-bc54-4eb0-9cd7-7fa341a4613d,
DC0032,Process Creation,x-mitre-data-component--3d20385b-24ef-40e1-9f56-f39750379077,T1204.005,Malicious Library,attack-pattern--73b24a10-6bf4-4af1-a81e-67b8bcb6c4e6,True,DET0252,User-Initiated Malicious Library Installation via Package Manager (T1204.005),x-mitre-detection-strategy--09caebdc-2ce4-4698-a40c-d91cb65f9720,relationship--b3e3de71-b34f-4c75-a8ad-5204ed38fc81,
DC0032,Process Creation,x-mitre-data-component--3d20385b-24ef-40e1-9f56-f39750379077,T1205,Traffic Signaling,attack-pattern--451a9977-d255-43c9-b431-66de80130c8c,False,DET0524,Traffic Signaling (Port-knock / magic-packet → firewall or service activation) – T1205,x-mitre-detection-strategy--1e601759-c5d1-45cc-97a1-972967426794,relationship--b014be93-7f58-428b-9612-069d50c1a9e8,
DC0032,Process Creation,x-mitre-data-component--3d20385b-24ef-40e1-9f56-f39750379077,T1205.001,Port Knocking,attack-pattern--8868cb5b-d575-4a60-acb2-07d37389a2fd,True,DET0302,Port-knock → rule/daemon change → first successful connect (T1205.001),x-mitre-detection-strategy--68b7c978-74e4-4f87-a953-2a4e752f56c2,relationship--e09ca94c-f233-4062-8a1c-ede510af845a,
DC0032,Process Creation,x-mitre-data-component--3d20385b-24ef-40e1-9f56-f39750379077,T1205.002,Socket Filters,attack-pattern--005cc321-08ce-4d17-b1ea-cb5275926520,True,DET0162,Socket-filter trigger → on-host raw-socket activity → reverse connection (T1205.002),x-mitre-detection-strategy--b4cdf164-9cb7-4cad-bdc3-81b5574f364a,relationship--829a3356-ec45-4101-8eb0-f0c168ff8f03,
DC0032,Process Creation,x-mitre-data-component--3d20385b-24ef-40e1-9f56-f39750379077,T1210,Exploitation of Remote Services,attack-pattern--9db0cf3a-a3c9-4012-8268-123b9db6fd82,False,DET0118,Exploitation of Remote Services – multi-platform lateral movement detection,x-mitre-detection-strategy--ee73dd97-cf1a-4220-a7cf-52d864811bb4,relationship--0730d238-c81d-415c-9db5-bff7368114d6,
DC0032,Process Creation,x-mitre-data-component--3d20385b-24ef-40e1-9f56-f39750379077,T1211,Exploitation for Defense Evasion,attack-pattern--fe926152-f431-4baf-956c-4ad3cb0bf23b,False,DET0595,Detection Strategy for Exploitation for Defense Evasion,x-mitre-detection-strategy--da1e3af8-d79b-44ff-a907-ae107c110671,relationship--ef12e912-df4b-4359-b38a-24071b74414a,
DC0032,Process Creation,x-mitre-data-component--3d20385b-24ef-40e1-9f56-f39750379077,T1212,Exploitation for Credential Access,attack-pattern--9c306d8d-cde7-4b4c-b6e8-d0bb16caca36,False,DET0174,Detection Strategy for Exploitation for Credential Access,x-mitre-detection-strategy--13a856f3-66b2-4ab7-b73f-2a26e712e77f,relationship--dd04f99b-5d2b-4e1c-a4e5-3f48aaea895d,
DC0032,Process Creation,x-mitre-data-component--3d20385b-24ef-40e1-9f56-f39750379077,T1213,Data from Information Repositories,attack-pattern--d28ef391-8ed4-45dc-bc4a-2f43abf54416,False,DET0413,Abuse of Information Repositories for Data Collection,x-mitre-detection-strategy--48e8d8b1-0117-48bd-a32d-f4e43b665bf3,relationship--9f605e91-c94f-48b0-ab9f-1d692649eca5,
DC0032,Process Creation,x-mitre-data-component--3d20385b-24ef-40e1-9f56-f39750379077,T1213.006,Databases,attack-pattern--248d3fe1-7fe1-4d71-91c7-8bb7ef35cad3,True,DET0242,Suspicious Database Access and Dump Activity Across Environments (T1213.006),x-mitre-detection-strategy--18fe3660-c079-4522-b1d7-7ce7f65f9686,relationship--0425a702-10d7-4033-9af3-7c2b76f4576b,
DC0032,Process Creation,x-mitre-data-component--3d20385b-24ef-40e1-9f56-f39750379077,T1216,System Script Proxy Execution,attack-pattern--f6fe9070-7a65-49ea-ae72-76292f42cebe,False,DET0466,Detection of Script-Based Proxy Execution via Signed Microsoft Utilities,x-mitre-detection-strategy--8ac2b0d0-a589-4c72-9287-a7d9e47065a9,relationship--68bf73c0-0448-4931-852b-36bdb10afb64,
DC0032,Process Creation,x-mitre-data-component--3d20385b-24ef-40e1-9f56-f39750379077,T1216.001,PubPrn,attack-pattern--09cd431f-eaf4-4d2a-acaf-2a7acfe7ed58,True,DET0528,Detecting Remote Script Proxy Execution via PubPrn.vbs,x-mitre-detection-strategy--4e2e06c5-a7bd-40d9-af9b-99fdfe725360,relationship--6132ea93-9152-432c-897c-cb3d36b599d2,
DC0032,Process Creation,x-mitre-data-component--3d20385b-24ef-40e1-9f56-f39750379077,T1216.002,SyncAppvPublishingServer,attack-pattern--e6f19759-dde3-47fc-99cc-d9f5fa4ade60,True,DET0440,Detecting PowerShell Execution via SyncAppvPublishingServer.vbs Proxy Abuse,x-mitre-detection-strategy--ba3578d1-5913-4ed1-ab83-473a39b63f7d,relationship--c71a06a1-1259-42de-b8d7-4599a228c7af,
DC0032,Process Creation,x-mitre-data-component--3d20385b-24ef-40e1-9f56-f39750379077,T1217,Browser Information Discovery,attack-pattern--5e4a2073-9643-44cb-a0b5-e7f4048446c7,False,DET0013,Detection of Local Browser Artifact Access for Reconnaissance,x-mitre-detection-strategy--3e5e2bda-40c0-4aea-90f1-8fc52096ad5e,relationship--48832f2d-d088-4d32-b41d-b15030559f96,
DC0032,Process Creation,x-mitre-data-component--3d20385b-24ef-40e1-9f56-f39750379077,T1218,System Binary Proxy Execution,attack-pattern--457c7820-d331-465a-915e-42f85500ccc4,False,DET0081,Detection of Proxy Execution via Trusted Signed Binaries Across Platforms,x-mitre-detection-strategy--ce0b969a-1411-4b6f-a6aa-c31ef6fe6727,relationship--e9264dc5-3daa-4e0b-9021-1df1fdd58b67,
DC0032,Process Creation,x-mitre-data-component--3d20385b-24ef-40e1-9f56-f39750379077,T1218.001,Compiled HTML File,attack-pattern--a6937325-9321-4e2e-bb2b-3ed2d40b2a9d,True,DET0342,Detection of Suspicious Compiled HTML File Execution via hh.exe,x-mitre-detection-strategy--fafb9522-c185-48e0-b0a5-e65887f5deb4,relationship--f6a621a4-6a66-492d-82ed-848cc0bcaa76,
DC0032,Process Creation,x-mitre-data-component--3d20385b-24ef-40e1-9f56-f39750379077,T1218.002,Control Panel,attack-pattern--4ff5d6a8-c062-4c68-a778-36fc5edd564f,True,DET0194,Detection of Malicious Control Panel Item Execution via control.exe or Rundll32,x-mitre-detection-strategy--012e526a-dacd-4019-a019-bc68733395d2,relationship--82a7ec61-7aa6-426e-b469-342388735ee2,
DC0032,Process Creation,x-mitre-data-component--3d20385b-24ef-40e1-9f56-f39750379077,T1218.003,CMSTP,attack-pattern--4cbc6a62-9e34-4f94-8a19-5c1a11392a49,True,DET0328,Detection of Malicious Profile Installation via CMSTP.exe,x-mitre-detection-strategy--c254ecff-c728-4de8-a0f8-e5ad5015aa32,relationship--92a59f27-7dbc-4da9-b17e-816cb90fca1d,
DC0032,Process Creation,x-mitre-data-component--3d20385b-24ef-40e1-9f56-f39750379077,T1218.004,InstallUtil,attack-pattern--2cd950a6-16c4-404a-aa01-044322395107,True,DET0138,Detection of Malicious Code Execution via InstallUtil.exe,x-mitre-detection-strategy--7f7679d8-c2eb-4fcc-be46-27055ef491a6,relationship--a78534d4-b98e-4acd-8e51-337d5bb7877c,
DC0032,Process Creation,x-mitre-data-component--3d20385b-24ef-40e1-9f56-f39750379077,T1218.005,Mshta,attack-pattern--840a987a-99bd-4a80-a5c9-0cb2baa6cade,True,DET0506,Detecting Mshta-based Proxy Execution via Suspicious HTA or Script Invocation,x-mitre-detection-strategy--8d06728f-5b50-4925-a05c-4d56b17ba5d2,relationship--8f29d6eb-f347-4e12-a318-14ee84974f85,
DC0032,Process Creation,x-mitre-data-component--3d20385b-24ef-40e1-9f56-f39750379077,T1218.007,Msiexec,attack-pattern--365be77f-fc0e-42ee-bac8-4faf806d9336,True,DET0158,"Detection of Msiexec Abuse for Local, Network, and DLL Execution",x-mitre-detection-strategy--0602b47a-d37c-4eee-ac4b-b464060945ab,relationship--1d94bde6-737e-4e6f-8521-fcb315057931,
DC0032,Process Creation,x-mitre-data-component--3d20385b-24ef-40e1-9f56-f39750379077,T1218.008,Odbcconf,attack-pattern--6e3bd510-6b33-41a4-af80-2d80f3ee0071,True,DET0486,Detecting Odbcconf Proxy Execution of Malicious DLLs,x-mitre-detection-strategy--9407410b-7f35-4d32-be3c-e48ea36573d9,relationship--2fe2e0ee-7e1f-45f8-902f-d1011985158d,
DC0032,Process Creation,x-mitre-data-component--3d20385b-24ef-40e1-9f56-f39750379077,T1218.009,Regsvcs/Regasm,attack-pattern--c48a67ee-b657-45c1-91bf-6cdbe27205f8,True,DET0361,Detecting .NET COM Registration Abuse via Regsvcs/Regasm,x-mitre-detection-strategy--9c03f003-b859-42c6-b16d-c0979dfc202b,relationship--23d3f30e-9f30-4411-abba-04d31573205a,
DC0032,Process Creation,x-mitre-data-component--3d20385b-24ef-40e1-9f56-f39750379077,T1218.010,Regsvr32,attack-pattern--b97f1d35-4249-4486-a6b5-ee60ccf24fab,True,DET0282,Detection Strategy for System Binary Proxy Execution: Regsvr32,x-mitre-detection-strategy--0a931f22-4820-48aa-8051-056da15a6183,relationship--6a5e3a15-ba2a-4836-ab40-8f5d8a3175bf,
DC0032,Process Creation,x-mitre-data-component--3d20385b-24ef-40e1-9f56-f39750379077,T1218.011,Rundll32,attack-pattern--045d0922-2310-4e60-b5e4-3302302cb3c5,True,DET0475,Detection Strategy for T1218.011 Rundll32 Abuse,x-mitre-detection-strategy--a51d4d34-78fc-49b7-9071-348905dd33c2,relationship--3b6dd089-2818-4717-9956-8829fe08f252,
DC0032,Process Creation,x-mitre-data-component--3d20385b-24ef-40e1-9f56-f39750379077,T1218.012,Verclsid,attack-pattern--808e6329-ca91-4b87-ac2d-8eadc5f8f327,True,DET0042,Detection Strategy for T1218.012 Verclsid Abuse,x-mitre-detection-strategy--1d738832-3de4-45f0-98e5-ac37642619e8,relationship--fb84562a-e701-4a0f-a204-d0a6234efdd7,
DC0032,Process Creation,x-mitre-data-component--3d20385b-24ef-40e1-9f56-f39750379077,T1218.013,Mavinject,attack-pattern--1bae753e-8e52-4055-a66d-2ead90303ca9,True,DET0433,Detecting Code Injection via mavinject.exe (App-V Injector),x-mitre-detection-strategy--621ecbd0-a183-4dbd-913c-656436e62c1d,relationship--c313a043-5713-49d7-a13a-56af37ce46dd,
DC0032,Process Creation,x-mitre-data-component--3d20385b-24ef-40e1-9f56-f39750379077,T1218.014,MMC,attack-pattern--ffbcfdb0-de22-4106-9ed3-fc23c8a01407,True,DET0222,Detecting MMC (.msc) Proxy Execution and Malicious COM Activation,x-mitre-detection-strategy--f4560945-d62f-48b6-ae94-dcd93c471c45,relationship--e79ec747-79ad-4467-ae3b-724da019de1d,
DC0032,Process Creation,x-mitre-data-component--3d20385b-24ef-40e1-9f56-f39750379077,T1218.015,Electron Applications,attack-pattern--561ae9aa-c28a-4144-9eec-e7027a14c8c3,True,DET0025,Detecting Electron Application Abuse for Proxy Execution,x-mitre-detection-strategy--d41df11d-b2cd-4afc-89a5-9c77e7f31985,relationship--2d9779a5-5d91-40ba-8475-4264b261a8f8,
DC0032,Process Creation,x-mitre-data-component--3d20385b-24ef-40e1-9f56-f39750379077,T1219,Remote Access Tools,attack-pattern--4061e78c-1284-44b4-9116-73e4ac3912f7,False,DET0496,Behavior-Chain Detection for Remote Access Tools (Tool-Agnostic),x-mitre-detection-strategy--ec412019-109f-4f84-aa2f-d623f40254e0,relationship--153e37f3-37a6-439d-a7a1-888dc45673f0,
DC0032,Process Creation,x-mitre-data-component--3d20385b-24ef-40e1-9f56-f39750379077,T1219.001,IDE Tunneling,attack-pattern--77e29a47-e263-4f11-8692-e5012f44dbac,True,DET0133,"IDE Tunneling Detection via Process, File, and Network Behaviors",x-mitre-detection-strategy--3efcd3e4-9238-4686-990b-27ac110dccfd,relationship--1c74bb94-725b-430e-a4f4-166fc9bcee7f,
DC0032,Process Creation,x-mitre-data-component--3d20385b-24ef-40e1-9f56-f39750379077,T1219.002,Remote Desktop Software,attack-pattern--d4287702-e2f7-4946-bdfa-2c7f5aaa5032,True,DET0259,Remote Desktop Software Execution and Beaconing Detection,x-mitre-detection-strategy--834e853c-479d-4ddd-a1a3-349b09466b8d,relationship--c0b7b010-0199-4fc0-8ac4-f95bb26169ce,
DC0032,Process Creation,x-mitre-data-component--3d20385b-24ef-40e1-9f56-f39750379077,T1220,XSL Script Processing,attack-pattern--ebbe170d-aa74-4946-8511-9921243415a3,False,DET0205,Detect XSL Script Abuse via msxsl and wmic,x-mitre-detection-strategy--4994627c-216b-4832-90cf-074d3e9013e4,relationship--f6da3b26-449a-4b87-b2be-f203dadb6302,
DC0032,Process Creation,x-mitre-data-component--3d20385b-24ef-40e1-9f56-f39750379077,T1221,Template Injection,attack-pattern--dc31fe1e-d722-49da-8f5f-92c7b5aff534,False,DET0566,Template Injection Detection - Windows,x-mitre-detection-strategy--481a55d3-5f23-4428-9438-0220eab78678,relationship--efe009c7-a61c-4b9e-8ea2-f7db37de2080,
DC0032,Process Creation,x-mitre-data-component--3d20385b-24ef-40e1-9f56-f39750379077,T1222,File and Directory Permissions Modification,attack-pattern--65917ae0-b854-4139-83fe-bf2441cf0196,False,DET0299,Multi-Platform File and Directory Permissions Modification Detection Strategy,x-mitre-detection-strategy--682ddf59-6de3-4765-a1c0-09b539fa5d4f,relationship--3f78696b-0ec4-4d0c-9e65-5bb26ee3ebe7,
DC0032,Process Creation,x-mitre-data-component--3d20385b-24ef-40e1-9f56-f39750379077,T1222.001,Windows File and Directory Permissions Modification,attack-pattern--34e793de-0274-4982-9c1a-246ed1c19dee,True,DET0418,Windows DACL Manipulation Behavioral Chain Detection Strategy,x-mitre-detection-strategy--a1b25828-57bf-470c-8f47-8ad4e1f6bbdb,relationship--6f2a1b10-44ce-4ce5-bf9a-7af20837ff10,
DC0032,Process Creation,x-mitre-data-component--3d20385b-24ef-40e1-9f56-f39750379077,T1222.002,Linux and Mac File and Directory Permissions Modification,attack-pattern--09b130a2-a77e-4af0-a361-f46f9aad1345,True,DET0351,Unix-like File Permission Manipulation Behavioral Chain Detection Strategy,x-mitre-detection-strategy--3243e976-0cf8-4f18-8b50-38b9ee5bfc4c,relationship--5189c69d-5296-4ed3-8d69-f5a7c732070c,
DC0032,Process Creation,x-mitre-data-component--3d20385b-24ef-40e1-9f56-f39750379077,T1480,Execution Guardrails,attack-pattern--853c4192-4311-43e1-bfbb-b11b14911852,False,DET0562,Multi-Platform Execution Guardrails Environmental Validation Detection Strategy,x-mitre-detection-strategy--99bdd6d6-ebef-40e2-83d2-2f39408c82e3,relationship--d1b82c9a-003e-4eb2-b34d-d2b2dbbebe19,
DC0032,Process Creation,x-mitre-data-component--3d20385b-24ef-40e1-9f56-f39750379077,T1480.001,Environmental Keying,attack-pattern--f244b8dd-af6c-4391-a497-fc03627ce995,True,DET0474,Environmental Keying Discovery-to-Decryption Behavioral Chain Detection Strategy,x-mitre-detection-strategy--a59f4a44-d581-4026-802d-5dc5c0c9f7d5,relationship--a7c4fd3b-02cd-496d-a633-a9cd23eb8115,
DC0032,Process Creation,x-mitre-data-component--3d20385b-24ef-40e1-9f56-f39750379077,T1480.002,Mutual Exclusion,attack-pattern--49fca0d2-685d-41eb-8bd4-05451cc3a742,True,DET0132,Detection of Mutex-Based Execution Guardrails Across Platforms,x-mitre-detection-strategy--d22f1848-fc32-4fdb-999b-9c0845fb6552,relationship--fe03f09f-ee1e-40ce-a413-a06b023e80f6,
DC0032,Process Creation,x-mitre-data-component--3d20385b-24ef-40e1-9f56-f39750379077,T1482,Domain Trust Discovery,attack-pattern--767dbf9e-df3f-45cb-8998-4903ab5f80c0,False,DET0007,"Detection of Domain Trust Discovery via API, Script, and CLI Enumeration",x-mitre-detection-strategy--3414f3b8-17a2-438c-8bbc-a261a04da8bc,relationship--fee2c7b4-9246-4abb-af00-64175d16fc8d,
DC0032,Process Creation,x-mitre-data-component--3d20385b-24ef-40e1-9f56-f39750379077,T1484,Domain or Tenant Policy Modification,attack-pattern--ebb42bbe-62d7-47d7-a55f-3b08b61d792d,False,DET0270,Detection of Domain or Tenant Policy Modifications via AD and Identity Provider,x-mitre-detection-strategy--3eb428c7-5192-4ae2-a5a3-022ca9695ec8,relationship--e92bcd91-5617-4283-ba1e-bc100d897064,
DC0032,Process Creation,x-mitre-data-component--3d20385b-24ef-40e1-9f56-f39750379077,T1484.001,Group Policy Modification,attack-pattern--5d2be8b9-d24c-4e98-83bf-2f5f79477163,True,DET0305,Detection of Group Policy Modifications via AD Object Changes and File Activity,x-mitre-detection-strategy--7aa7d45f-64da-4f16-a905-b4881da82c62,relationship--a2e44357-a86a-4fe6-8f7f-d06558c6930e,
DC0032,Process Creation,x-mitre-data-component--3d20385b-24ef-40e1-9f56-f39750379077,T1484.002,Trust Modification,attack-pattern--24769ab5-14bd-4f4e-a752-cfb185da53ee,True,DET0458,Detection of Trust Relationship Modifications in Domain or Tenant Policies,x-mitre-detection-strategy--9e93c9d8-3e37-45ae-88d5-12914d98ba5a,relationship--9bf2d865-47fe-447d-b49f-1cfbcb92feca,
DC0032,Process Creation,x-mitre-data-component--3d20385b-24ef-40e1-9f56-f39750379077,T1485,Data Destruction,attack-pattern--d45a3d09-b3cf-48f4-9f0f-f521ee5cb05c,False,DET0146,Detection of Data Destruction Across Platforms via Mass Overwrite and Deletion Patterns,x-mitre-detection-strategy--c54fdf95-c7ac-4ca4-bd99-273e56da20a5,relationship--31ece083-4856-4057-bfca-5dd17221b34b,
DC0032,Process Creation,x-mitre-data-component--3d20385b-24ef-40e1-9f56-f39750379077,T1486,Data Encrypted for Impact,attack-pattern--b80d107d-fa0d-4b60-9684-b0433e8bdba0,False,DET0215,Detection of Multi-Platform File Encryption for Impact,x-mitre-detection-strategy--d080a1b1-5ad1-45a1-8f7b-b736986c20d9,relationship--245046a7-adc8-4a5a-84b4-e0af6c3b8dc7,
DC0032,Process Creation,x-mitre-data-component--3d20385b-24ef-40e1-9f56-f39750379077,T1489,Service Stop,attack-pattern--20fb2507-d71c-455d-9b6d-6104461cf26b,False,DET0021,Behavioral Detection for Service Stop across Platforms,x-mitre-detection-strategy--ae37afa8-87d5-4091-ac33-010e78eefe97,relationship--091187a1-a960-4731-829d-de865e7d49a1,
DC0032,Process Creation,x-mitre-data-component--3d20385b-24ef-40e1-9f56-f39750379077,T1490,Inhibit System Recovery,attack-pattern--f5d8eed6-48a9-4cdf-a3d7-d1ffa99c3d2a,False,DET0329,Behavioral Detection for T1490 - Inhibit System Recovery,x-mitre-detection-strategy--b13116ed-e9c0-4cd5-81f6-676074078477,relationship--e34bd177-1fb3-46fe-adc1-d40f6538aae7,
DC0032,Process Creation,x-mitre-data-component--3d20385b-24ef-40e1-9f56-f39750379077,T1491,Defacement,attack-pattern--5909f20f-3c39-4795-be06-ef1ea40d350b,False,DET0238,Defacement via File and Web Content Modification Across Platforms,x-mitre-detection-strategy--2d5f2445-a395-4012-b378-c953f2df7353,relationship--84ae8dca-13f2-420f-b473-0d28480e2002,
DC0032,Process Creation,x-mitre-data-component--3d20385b-24ef-40e1-9f56-f39750379077,T1491.001,Internal Defacement,attack-pattern--8c41090b-aa47-4331-986b-8c9a51a91103,True,DET0082,Internal Website and System Content Defacement via UI or Messaging Modifications,x-mitre-detection-strategy--c8b4a2e4-386f-45b3-b32a-8ca4113e5592,relationship--0222a8bd-9f8c-45f0-9d1b-cb0a2bd3c408,
DC0032,Process Creation,x-mitre-data-component--3d20385b-24ef-40e1-9f56-f39750379077,T1491.002,External Defacement,attack-pattern--0cfe31a7-81fc-472c-bc45-e2808d1066a3,True,DET0590,Behavioral Detection of External Website Defacement across Platforms,x-mitre-detection-strategy--33bbfada-99c8-4cac-8b21-fa013959001d,relationship--d52b008d-870a-488e-b872-3485409845f3,
DC0032,Process Creation,x-mitre-data-component--3d20385b-24ef-40e1-9f56-f39750379077,T1495,Firmware Corruption,attack-pattern--f5bb433e-bdf6-4781-84bc-35e97e43be89,False,DET0167,Firmware Modification via Flash Tool or Corrupted Firmware Upload,x-mitre-detection-strategy--ab9027fb-3499-474b-845c-50ee113c3be5,relationship--6279c298-4e08-4cef-89e1-5f90acb2e78e,
DC0032,Process Creation,x-mitre-data-component--3d20385b-24ef-40e1-9f56-f39750379077,T1496,Resource Hijacking,attack-pattern--cd25c1b4-935c-4f0e-ba8d-552f28bc4783,False,DET0267,Resource Hijacking Detection Strategy,x-mitre-detection-strategy--440ddaf2-4e80-4699-90d7-0bdccdfeece6,relationship--c267dfc4-92f8-41f5-a101-177153e674c3,
DC0032,Process Creation,x-mitre-data-component--3d20385b-24ef-40e1-9f56-f39750379077,T1496.001,Compute Hijacking,attack-pattern--a718a0c8-5768-41a1-9958-a1cc3f995e99,True,DET0540,Multi-Platform Behavioral Detection for Compute Hijacking,x-mitre-detection-strategy--be288974-9b74-41c1-8c43-66aef169255a,relationship--9176ca84-16bf-4a60-bce5-ffa6093c8145,
DC0032,Process Creation,x-mitre-data-component--3d20385b-24ef-40e1-9f56-f39750379077,T1496.002,Bandwidth Hijacking,attack-pattern--718cb208-6446-4572-a2f0-9c799c60091e,True,DET0028,"Detect Excessive or Unauthorized Bandwidth Usage for Botnet, Proxyjacking, or Scanning Purposes",x-mitre-detection-strategy--c0a23061-c4f3-4003-9e81-e81d50b6d1e2,relationship--56fb97ac-7a90-43df-9cab-826cbc835626,
DC0032,Process Creation,x-mitre-data-component--3d20385b-24ef-40e1-9f56-f39750379077,T1497,Virtualization/Sandbox Evasion,attack-pattern--82caa33e-d11a-433a-94ea-9b5a5fbef81d,False,DET0046,Detection Strategy for T1497 Virtualization/Sandbox Evasion,x-mitre-detection-strategy--7f5dde79-7872-48dd-8718-cd2e10d7cbfc,relationship--3a1c35eb-615c-4c4a-98ee-ca2b9d25fb01,
DC0032,Process Creation,x-mitre-data-component--3d20385b-24ef-40e1-9f56-f39750379077,T1497.001,System Checks,attack-pattern--29be378d-262d-4e99-b00d-852d573628e6,True,DET0168,"Virtualization/Sandbox Evasion via System Checks across Windows, Linux, macOS",x-mitre-detection-strategy--5b998fb4-fb3f-4207-ae00-cdf0e1a22b76,relationship--327decec-03ad-41da-a251-fcbd1f485c24,
DC0032,Process Creation,x-mitre-data-component--3d20385b-24ef-40e1-9f56-f39750379077,T1497.002,User Activity Based Checks,attack-pattern--91541e7e-b969-40c6-bbd8-1b5352ec2938,True,DET0420,Detect User Activity Based Sandbox Evasion via Input & Artifact Probing,x-mitre-detection-strategy--5463d676-c300-4ab8-9980-d3ed37ac4723,relationship--0e9828c1-9cf3-44a2-b079-41bb6fa79656,
DC0032,Process Creation,x-mitre-data-component--3d20385b-24ef-40e1-9f56-f39750379077,T1497.003,Time Based Checks,attack-pattern--4bed873f-0b7d-41d4-b93a-b6905d1f90b0,True,DET0141,"Detect Time-Based Evasion via Sleep, Timer Loops, and Delayed Execution",x-mitre-detection-strategy--90b6ef43-3f63-47c5-af59-ed4f95cc9c87,relationship--77e5d090-d1f4-43aa-a068-b1c040875e48,
DC0032,Process Creation,x-mitre-data-component--3d20385b-24ef-40e1-9f56-f39750379077,T1498,Network Denial of Service,attack-pattern--d74c4a7e-ffbf-432f-9365-7ebf1f787cab,False,DET0518,Behavioral Detection of T1498 – Network Denial of Service Across Platforms,x-mitre-detection-strategy--8103189e-83c8-4246-a56c-193e19c98182,relationship--372cdf67-89a5-4214-a4c4-d2eadc753fa1,
DC0032,Process Creation,x-mitre-data-component--3d20385b-24ef-40e1-9f56-f39750379077,T1498.001,Direct Network Flood,attack-pattern--0bda01d5-4c1d-4062-8ee2-6872334383c3,True,DET0343,"Direct Network Flood Detection across IaaS, Linux, Windows, and macOS",x-mitre-detection-strategy--6e1ea095-9f21-4544-8e9b-4fab2668033e,relationship--fcf5a880-eee6-45b7-8d2b-10b640b0fa62,
DC0032,Process Creation,x-mitre-data-component--3d20385b-24ef-40e1-9f56-f39750379077,T1498.002,Reflection Amplification,attack-pattern--36b2a1d7-e09e-49bf-b45e-477076c2ec01,True,DET0408,Detection Strategy for Reflection Amplification DoS (T1498.002),x-mitre-detection-strategy--20f5a44b-e9bb-48e9-9bea-e7a3d757005f,relationship--dc306a42-ed88-4bd8-9c12-7cceabe67490,
DC0032,Process Creation,x-mitre-data-component--3d20385b-24ef-40e1-9f56-f39750379077,T1499,Endpoint Denial of Service,attack-pattern--c675646d-e204-4aa8-978d-e3d6d65885c4,False,DET0208,Endpoint Resource Saturation and Crash Pattern Detection Across Platforms,x-mitre-detection-strategy--253b632e-c4cb-4207-9b6a-58a35a07d2ea,relationship--cbf233dc-3732-45d3-b89a-b7df7dc1d2ff,
DC0032,Process Creation,x-mitre-data-component--3d20385b-24ef-40e1-9f56-f39750379077,T1499.001,OS Exhaustion Flood,attack-pattern--0df05477-c572-4ed6-88a9-47c581f548f7,True,DET0356,Endpoint DoS via OS Exhaustion Flood Detection Strategy,x-mitre-detection-strategy--bdf67026-8adb-41da-9a58-c9acba4da1f3,relationship--2027adf0-d101-4183-865b-f377ea9df209,
DC0032,Process Creation,x-mitre-data-component--3d20385b-24ef-40e1-9f56-f39750379077,T1499.003,Application Exhaustion Flood,attack-pattern--18cffc21-3260-437e-80e4-4ab8bf2ba5e9,True,DET0415,Application Exhaustion Flood Detection Across Platforms,x-mitre-detection-strategy--430abda8-2a2c-4ab8-bbd6-eb205a189362,relationship--c0da39f7-4127-4627-b098-822e3a1a61a9,
DC0032,Process Creation,x-mitre-data-component--3d20385b-24ef-40e1-9f56-f39750379077,T1499.004,Application or System Exploitation,attack-pattern--2bee5ffb-7a7a-4119-b1f2-158151b19ac0,True,DET0304,Detection Strategy for Endpoint DoS via Application or System Exploitation,x-mitre-detection-strategy--28d6ebc3-3b01-45e1-b48e-6491364d23e9,relationship--9ce6810d-6c9e-4bcf-acd9-f93996267414,
DC0032,Process Creation,x-mitre-data-component--3d20385b-24ef-40e1-9f56-f39750379077,T1505,Server Software Component,attack-pattern--d456de47-a16f-4e46-8980-e67478a12dcb,False,DET0547,Detection Strategy for T1505 - Server Software Component,x-mitre-detection-strategy--27b606f9-dde4-456c-8d90-51289313994f,relationship--18790331-6ac1-4274-b7ef-129b7c4b1c7c,
DC0032,Process Creation,x-mitre-data-component--3d20385b-24ef-40e1-9f56-f39750379077,T1505.001,SQL Stored Procedures,attack-pattern--f9e9365a-9ca2-4d9c-8e7c-050d73d1101a,True,DET0181,Detection Strategy for SQL Stored Procedures Abuse via T1505.001,x-mitre-detection-strategy--101bde37-6150-45c6-bf88-3a8cda39b2f0,relationship--d124d653-63e4-4f79-a45e-f96b8bfdb63f,
DC0032,Process Creation,x-mitre-data-component--3d20385b-24ef-40e1-9f56-f39750379077,T1505.002,Transport Agent,attack-pattern--35187df2-31ed-43b6-a1f5-2f1d3d58d3f1,True,DET0166,Detection Strategy for T1505.002 - Transport Agent Abuse (Windows/Linux),x-mitre-detection-strategy--90ee8005-5476-422f-abe0-6c231f004cd6,relationship--91401670-9f34-4ba3-8e54-690c2d700021,
DC0032,Process Creation,x-mitre-data-component--3d20385b-24ef-40e1-9f56-f39750379077,T1505.003,Web Shell,attack-pattern--5d0d3609-d06d-49e1-b9c9-b544e0c618cb,True,DET0394,Web Shell Detection via Server Behavior and File Execution Chains,x-mitre-detection-strategy--abb052c6-4edd-4592-9b9b-e53a55ac53b8,relationship--6b31d2da-bc19-4d4e-9da4-b61688d0bd39,
DC0032,Process Creation,x-mitre-data-component--3d20385b-24ef-40e1-9f56-f39750379077,T1505.004,IIS Components,attack-pattern--b46a801b-fd98-491c-a25a-bca25d6e3001,True,DET0068,Detection Strategy for T1505.004 - Malicious IIS Components,x-mitre-detection-strategy--32af4177-8c33-43d8-8e2c-9e11ac6dd451,relationship--53537327-ef81-4b1d-ae90-710954832d4b,
DC0032,Process Creation,x-mitre-data-component--3d20385b-24ef-40e1-9f56-f39750379077,T1505.005,Terminal Services DLL,attack-pattern--379809f6-2fac-42c1-bd2e-e9dee70b27f8,True,DET0212,Detection Strategy for T1505.005 – Terminal Services DLL Modification (Windows),x-mitre-detection-strategy--d9073646-f875-4c38-9b37-e9ac11c40188,relationship--1b08f84f-6a97-4f3c-a5e6-4b99e09d9575,
DC0032,Process Creation,x-mitre-data-component--3d20385b-24ef-40e1-9f56-f39750379077,T1518,Software Discovery,attack-pattern--e3b6daca-e963-4a69-aee6-ed4fd653ad58,False,DET0392,Multi-Platform Software Discovery Behavior Chain,x-mitre-detection-strategy--f18dee58-43be-41e4-85a3-c6820033ac0d,relationship--c4196ba6-3955-4c94-8224-a8d12708e248,
DC0032,Process Creation,x-mitre-data-component--3d20385b-24ef-40e1-9f56-f39750379077,T1518.001,Security Software Discovery,attack-pattern--cba37adb-d6fb-4610-b069-dd04c0643384,True,DET0016,Security Software Discovery Across Platforms,x-mitre-detection-strategy--e2409f82-e24c-4bb9-ad44-b20d97fb7a5a,relationship--9657d3dc-1528-4b7b-99a6-1eae73783d8e,
DC0032,Process Creation,x-mitre-data-component--3d20385b-24ef-40e1-9f56-f39750379077,T1518.002,Backup Software Discovery,attack-pattern--4a6cfdae-1417-40c7-a84e-f59d21c58266,True,DET0088,"Backup Software Discovery via CLI, Registry, and Process Inspection (T1518.002)",x-mitre-detection-strategy--a3bdd6e2-92d3-45db-a486-9f051c68672b,relationship--143dc28d-6b45-4a97-833f-e47469216e0b,
DC0032,Process Creation,x-mitre-data-component--3d20385b-24ef-40e1-9f56-f39750379077,T1529,System Shutdown/Reboot,attack-pattern--ff73aa03-0090-4464-83ac-f89e233c02bc,False,DET0559,Multi-Platform Shutdown or Reboot Detection via Execution and Host Status Events,x-mitre-detection-strategy--2a464ecb-46ef-41f0-8ab6-a97a99ad0559,relationship--a50b52d6-3634-4b87-8169-673ec219ce0b,
DC0032,Process Creation,x-mitre-data-component--3d20385b-24ef-40e1-9f56-f39750379077,T1531,Account Access Removal,attack-pattern--b24e2a20-3b3d-4bf0-823b-1ed765398fb0,False,DET0120,Account Access Removal via Multi-Platform Audit Correlation,x-mitre-detection-strategy--655a8556-c82d-4148-b52a-7bc48fe7ce20,relationship--5f0be570-0bb8-4d1a-913c-9fe95e22ea9b,
DC0032,Process Creation,x-mitre-data-component--3d20385b-24ef-40e1-9f56-f39750379077,T1534,Internal Spearphishing,attack-pattern--9e7452df-5144-4b6e-b04a-b66dd4016747,False,DET0054,Internal Spearphishing via Trusted Accounts,x-mitre-detection-strategy--acc27d20-8aad-42ce-b928-6cda3c22e51b,relationship--6e565457-f873-40b8-aa6a-b1b59f31a47a,
DC0032,Process Creation,x-mitre-data-component--3d20385b-24ef-40e1-9f56-f39750379077,T1539,Steal Web Session Cookie,attack-pattern--10ffac09-e42d-4f56-ab20-db94c67d76ff,False,DET0509,"Detection of Web Session Cookie Theft via File, Memory, and Network Artifacts",x-mitre-detection-strategy--26fdbcb2-abc1-4844-8e5d-2c6039336cb7,relationship--e664a59e-9529-43cd-bac0-0ff1ced6a41f,
DC0032,Process Creation,x-mitre-data-component--3d20385b-24ef-40e1-9f56-f39750379077,T1542,Pre-OS Boot,attack-pattern--7f0ca133-88c4-40c6-a62f-b3083a7fbc2e,False,DET0278,Detection Strategy for T1542 Pre-OS Boot,x-mitre-detection-strategy--abf6c96c-09f3-4bea-a5b7-1177f99881bc,relationship--31295488-09cd-4a34-a7e1-88f47fdef79e,
DC0032,Process Creation,x-mitre-data-component--3d20385b-24ef-40e1-9f56-f39750379077,T1542.001,System Firmware,attack-pattern--16ab6452-c3c1-497c-a47d-206018ca1ada,True,DET0099,Detection Strategy for T1542.001 Pre-OS Boot: System Firmware,x-mitre-detection-strategy--e90ab093-47a3-4c05-80b1-1919d2362ea9,relationship--46511214-e1d1-416e-b480-64c32350994b,
DC0032,Process Creation,x-mitre-data-component--3d20385b-24ef-40e1-9f56-f39750379077,T1543,Create or Modify System Process,attack-pattern--106c0cf6-bf73-4601-9aa8-0945c2715ec5,False,DET0571,Detection of System Process Creation or Modification Across Platforms,x-mitre-detection-strategy--dab6c58b-2f44-4539-93e1-b03990fc1649,relationship--f2f4bc4a-1f7a-4cb8-8635-d8461de4480c,
DC0032,Process Creation,x-mitre-data-component--3d20385b-24ef-40e1-9f56-f39750379077,T1543.002,Systemd Service,attack-pattern--dfefe2ed-4389-4318-8762-f0272b350a1b,True,DET0253,Detection of Systemd Service Creation or Modification on Linux,x-mitre-detection-strategy--3c335443-c161-4149-9c85-d7a014550099,relationship--03591820-bd88-4ad5-8d1b-11e8f28d495e,
DC0032,Process Creation,x-mitre-data-component--3d20385b-24ef-40e1-9f56-f39750379077,T1543.003,Windows Service,attack-pattern--2959d63f-73fd-46a1-abd2-109d7dcede32,True,DET0552,Detection of Windows Service Creation or Modification,x-mitre-detection-strategy--c7d19c6f-a7f8-4323-af57-c626ccb74d88,relationship--67c2ad46-15c3-45d1-b209-4921f21eb8c3,
DC0032,Process Creation,x-mitre-data-component--3d20385b-24ef-40e1-9f56-f39750379077,T1543.004,Launch Daemon,attack-pattern--573ad264-1371-4ae0-8482-d2673b719dba,True,DET0401,Detection Strategy for Launch Daemon Creation or Modification (macOS),x-mitre-detection-strategy--dcbcea6d-e822-4fe3-b9df-86d4d9cd5667,relationship--d4902b04-2ad3-4c4e-9c05-8c2cf45fe38d,
DC0032,Process Creation,x-mitre-data-component--3d20385b-24ef-40e1-9f56-f39750379077,T1543.005,Container Service,attack-pattern--b0e54bf7-835e-4f44-bd8e-62f431b9b76a,True,DET0473,Detect persistent or elevated container services via container runtime or cluster manipulation,x-mitre-detection-strategy--81ac26e4-c4f6-4368-842f-50033ca8522b,relationship--a0a7fa79-fe0a-4f2c-aa23-5bc18c1c4891,
DC0032,Process Creation,x-mitre-data-component--3d20385b-24ef-40e1-9f56-f39750379077,T1546,Event Triggered Execution,attack-pattern--b6301b64-ef57-4cce-bb0b-77026f14a8db,False,DET0010,Behavioral Detection of Event Triggered Execution Across Platforms,x-mitre-detection-strategy--c5e3823f-5ee0-43db-b6fa-b63d6587b24c,relationship--e6a8c456-3c2e-44a6-8614-b5c3e7cb4d98,
DC0032,Process Creation,x-mitre-data-component--3d20385b-24ef-40e1-9f56-f39750379077,T1546.001,Change Default File Association,attack-pattern--98034fef-d9fb-4667-8dc4-2eab6231724c,True,DET0061,Detect Default File Association Hijack via Registry & Execution Correlation on Windows,x-mitre-detection-strategy--61585647-dcc0-4c46-9333-c59796997826,relationship--f9cdbd39-2d59-4376-aaa4-65fa974cb30b,
DC0032,Process Creation,x-mitre-data-component--3d20385b-24ef-40e1-9f56-f39750379077,T1546.002,Screensaver,attack-pattern--ce4b7013-640e-48a9-b501-d0025a95f4bf,True,DET0154,Detect Screensaver-Based Persistence via Registry and Execution Chains,x-mitre-detection-strategy--d3a3919f-2f04-49f4-808e-1f88538ee02b,relationship--52ea1e49-b2e7-4da7-ae57-3ad02bf63d35,
DC0032,Process Creation,x-mitre-data-component--3d20385b-24ef-40e1-9f56-f39750379077,T1546.003,Windows Management Instrumentation Event Subscription,attack-pattern--910906dd-8c0a-475a-9cc1-5e029e2fad58,True,DET0086,Detect WMI Event Subscription for Persistence via WmiPrvSE Process and MOF Compilation,x-mitre-detection-strategy--99e60eb7-f2fa-4423-8c51-29832cd6e7ef,relationship--93e031d7-4097-4f3e-8a4e-357c2bfc0e23,
DC0032,Process Creation,x-mitre-data-component--3d20385b-24ef-40e1-9f56-f39750379077,T1546.004,Unix Shell Configuration Modification,attack-pattern--b63a34e8-0a61-4c97-a23b-bf8a2ed812e2,True,DET0020,Detect Shell Configuration Modification for Persistence via Event-Triggered Execution,x-mitre-detection-strategy--f09870f8-77d4-4b58-8bda-2b3f2e29c897,relationship--666b59c9-ba59-4f22-b4d3-5186a624bae7,
DC0032,Process Creation,x-mitre-data-component--3d20385b-24ef-40e1-9f56-f39750379077,T1546.005,Trap,attack-pattern--63220765-d418-44de-8fae-694b3912317d,True,DET0369,Detection Strategy for Event Triggered Execution via Trap (T1546.005),x-mitre-detection-strategy--07fb6847-efcb-426e-9344-bfc9dfcdebd4,relationship--2bc6f48f-6580-46d3-aefc-666ef4029233,
DC0032,Process Creation,x-mitre-data-component--3d20385b-24ef-40e1-9f56-f39750379077,T1546.007,Netsh Helper DLL,attack-pattern--f63fe421-b1d1-45c0-b8a7-02cd16ff2bed,True,DET0575,Detection Strategy for Netsh Helper DLL Persistence via Registry and Child Process Monitoring (Windows),x-mitre-detection-strategy--8d407bff-f721-4b74-a593-1e55c14c5263,relationship--82657836-1b90-4d18-9828-1e4337fdaf37,
DC0032,Process Creation,x-mitre-data-component--3d20385b-24ef-40e1-9f56-f39750379077,T1546.008,Accessibility Features,attack-pattern--70e52b04-2a0c-4cea-9d18-7149f1df9dc5,True,DET0033,Detection Strategy for Accessibility Feature Hijacking via Binary Replacement or Registry Modification,x-mitre-detection-strategy--05cb564b-df98-44d8-8982-176136eef26d,relationship--4d6a7211-acfc-449b-bad9-8984c86cb45a,
DC0032,Process Creation,x-mitre-data-component--3d20385b-24ef-40e1-9f56-f39750379077,T1546.009,AppCert DLLs,attack-pattern--7d57b371-10c2-45e5-b3cc-83a8fb380e4c,True,DET0362,Detection Strategy for AppCert DLLs Persistence via Registry Injection,x-mitre-detection-strategy--3de93376-739e-4842-875d-d6e9948db8d4,relationship--e4e45e24-c4de-45b9-bf54-762269aec2eb,
DC0032,Process Creation,x-mitre-data-component--3d20385b-24ef-40e1-9f56-f39750379077,T1546.010,AppInit DLLs,attack-pattern--cc89ecbd-3d33-4a41-bcca-001e702d18fd,True,DET0557,Detection Strategy for Event Triggered Execution: AppInit DLLs (Windows),x-mitre-detection-strategy--6f59bdfc-8352-4e6f-bef1-cc59b4e9b04d,relationship--c1e7f701-1a6e-4f87-89fb-f929a0034b88,
DC0032,Process Creation,x-mitre-data-component--3d20385b-24ef-40e1-9f56-f39750379077,T1546.011,Application Shimming,attack-pattern--42fe883a-21ea-4cfb-b94a-78b6476dcc83,True,DET0017,Detection Strategy for Application Shimming via sdbinst.exe and Registry Artifacts (Windows),x-mitre-detection-strategy--22fe898e-3b53-468c-b2b2-dd59abc83297,relationship--d2ad0b63-ab0e-48a3-a8bc-2793f3897358,
DC0032,Process Creation,x-mitre-data-component--3d20385b-24ef-40e1-9f56-f39750379077,T1546.012,Image File Execution Options Injection,attack-pattern--6d4a7fb3-5a24-42be-ae61-6728a2b581f6,True,DET0422,Detection Strategy for IFEO Injection on Windows,x-mitre-detection-strategy--d65ea5cc-52c6-4ec6-98a8-eef0be23ee72,relationship--aaed46cd-1490-4050-a035-257ec2ab3bc5,
DC0032,Process Creation,x-mitre-data-component--3d20385b-24ef-40e1-9f56-f39750379077,T1546.013,PowerShell Profile,attack-pattern--0f2c410d-d740-4ed9-abb1-b8f4a7faf6c3,True,DET0451,Detection Strategy for PowerShell Profile Persistence via profile.ps1 Modification,x-mitre-detection-strategy--f31ad178-1f54-41a6-b286-8040e7eb7158,relationship--bfe24cb5-f0d2-44e8-b576-b0550df5e75f,
DC0032,Process Creation,x-mitre-data-component--3d20385b-24ef-40e1-9f56-f39750379077,T1546.014,Emond,attack-pattern--9c45eaa3-8604-4780-8988-b5074dbb9ecd,True,DET0555,Detection Strategy for Event Triggered Execution via emond on macOS,x-mitre-detection-strategy--f0ef3932-5f60-4dfc-9725-8639d67349cc,relationship--a8e4b20c-1909-4e84-ac37-1132d6ddc178,
DC0032,Process Creation,x-mitre-data-component--3d20385b-24ef-40e1-9f56-f39750379077,T1546.015,Component Object Model Hijacking,attack-pattern--bc0f5e80-91c0-4e04-9fbb-e4e332c85dae,True,DET0481,Windows COM Hijacking Detection via Registry and DLL Load Correlation,x-mitre-detection-strategy--78340b60-535e-4f2e-a376-c6fcc53a3c4a,relationship--f779a804-fdd3-4bf3-a0bb-2e1c4d2ab31f,
DC0032,Process Creation,x-mitre-data-component--3d20385b-24ef-40e1-9f56-f39750379077,T1546.016,Installer Packages,attack-pattern--da051493-ae9c-4b1b-9760-c009c46c9b56,True,DET0330,Detection Strategy for T1546.016 - Event Triggered Execution via Installer Packages,x-mitre-detection-strategy--04f3b20d-e208-4ca3-b1e5-9e996013bc8a,relationship--62cf94f4-0a7c-465d-adfa-e982e43e84e2,
DC0032,Process Creation,x-mitre-data-component--3d20385b-24ef-40e1-9f56-f39750379077,T1546.017,Udev Rules,attack-pattern--f4c3f644-ab33-433d-8648-75cc03a95792,True,DET0375,Detection Strategy for T1546.017 - Udev Rules (Linux),x-mitre-detection-strategy--408fb023-a9d7-473c-8db8-a7d3c66eded7,relationship--ead170a2-4988-4931-a899-0ff26cd815a0,
DC0032,Process Creation,x-mitre-data-component--3d20385b-24ef-40e1-9f56-f39750379077,T1546.018,Python Startup Hooks,attack-pattern--c5087385-9b7c-4488-9923-d9e370bf08df,True,DET0258,Linux Python Startup Hook Persistence via .pth and Customize Files (T1546.018),x-mitre-detection-strategy--6034b1c9-84df-4349-b34f-957ad8ec34d3,relationship--59dfed9e-1e28-4f56-80e2-b56931e84ac7,
DC0032,Process Creation,x-mitre-data-component--3d20385b-24ef-40e1-9f56-f39750379077,T1547,Boot or Logon Autostart Execution,attack-pattern--1ecb2399-e8ba-4f6b-8ba7-5c27d49405cf,False,DET0274,Boot or Logon Autostart Execution Detection Strategy,x-mitre-detection-strategy--a9796458-df5d-467f-b037-acad6c261f25,relationship--5a1625a0-a01c-41ca-8601-89faa103e31d,
DC0032,Process Creation,x-mitre-data-component--3d20385b-24ef-40e1-9f56-f39750379077,T1547.001,Registry Run Keys / Startup Folder,attack-pattern--9efb1ea7-c37b-4595-9640-b7680cd84279,True,DET0365,Detect Registry and Startup Folder Persistence (Windows),x-mitre-detection-strategy--8febbfe8-91ae-4625-8fc7-656639b90a11,relationship--78cd373e-443f-46e5-bde8-b05b15ca3d1e,
DC0032,Process Creation,x-mitre-data-component--3d20385b-24ef-40e1-9f56-f39750379077,T1547.003,Time Providers,attack-pattern--61afc315-860c-4364-825d-0d62b2e91edc,True,DET0122,Detect Abuse of Windows Time Providers for Persistence,x-mitre-detection-strategy--9c4b0b07-df7f-4697-8cd1-0b95ff6a6361,relationship--0b8b7d52-f626-4477-917c-74138035e5db,
DC0032,Process Creation,x-mitre-data-component--3d20385b-24ef-40e1-9f56-f39750379077,T1547.004,Winlogon Helper DLL,attack-pattern--6836813e-8ec8-4375-b459-abb388cb1a35,True,DET0404,Detect Winlogon Helper DLL Abuse via Registry and Process Artifacts on Windows,x-mitre-detection-strategy--63135c50-7c7a-4a44-a053-28abd2388f21,relationship--1da61cf7-c299-443f-8987-b6a25b805915,
DC0032,Process Creation,x-mitre-data-component--3d20385b-24ef-40e1-9f56-f39750379077,T1547.005,Security Support Provider,attack-pattern--5095a853-299c-4876-abd7-ac0050fb5462,True,DET0542,Registry and LSASS Monitoring for Security Support Provider Abuse,x-mitre-detection-strategy--6b47bf45-a3f2-4d4b-884a-3cec3ef3f994,relationship--4020a93b-55d4-417d-bafd-8304062dcbca,
DC0032,Process Creation,x-mitre-data-component--3d20385b-24ef-40e1-9f56-f39750379077,T1547.006,Kernel Modules and Extensions,attack-pattern--a1b52199-c8c5-438a-9ded-656f1d0888c6,True,DET0450,Detection Strategy for Kernel Modules and Extensions Autostart Execution,x-mitre-detection-strategy--df1da8e4-cabf-42f0-8f5f-2fa8086b1423,relationship--0fd967ee-9c2d-45ef-acfb-61ac5a909eaa,
DC0032,Process Creation,x-mitre-data-component--3d20385b-24ef-40e1-9f56-f39750379077,T1547.007,Re-opened Applications,attack-pattern--e5cc9e7a-e61a-46a1-b869-55fb6eab058e,True,DET0125,Detect persistence via reopened application plist modification (macOS),x-mitre-detection-strategy--5ac0e527-2ebd-44a1-8d87-4de8463b761c,relationship--8ec064e5-c9d4-49ec-a87e-ab164a6281db,
DC0032,Process Creation,x-mitre-data-component--3d20385b-24ef-40e1-9f56-f39750379077,T1547.009,Shortcut Modification,attack-pattern--4ab929c6-ee2d-4fb5-aab4-b14be2ed7179,True,DET0180,Detection Strategy for T1547.009 – Shortcut Modification (Windows),x-mitre-detection-strategy--300931b1-bd28-4e91-ba6e-585f3563e8e4,relationship--29c78663-6f07-4ef3-a2be-8d43813d8880,
DC0032,Process Creation,x-mitre-data-component--3d20385b-24ef-40e1-9f56-f39750379077,T1547.010,Port Monitors,attack-pattern--43881e51-ac74-445b-b4c6-f9f9e9bf23fe,True,DET0204,Detection Strategy for T1547.010 – Port Monitor DLL Persistence via spoolsv.exe (Windows),x-mitre-detection-strategy--a62dbd10-5b61-489c-a465-8f792792778e,relationship--c30dfb12-041c-49d3-bce4-a7de82917d1e,
DC0032,Process Creation,x-mitre-data-component--3d20385b-24ef-40e1-9f56-f39750379077,T1547.013,XDG Autostart Entries,attack-pattern--e0232cb0-ded5-4c2e-9dc7-2893142a5c11,True,DET0390,Linux Detection Strategy for T1547.013 - XDG Autostart Entries,x-mitre-detection-strategy--c265ea42-9c5a-41f0-9627-d7ac0063ec98,relationship--9130b83f-5494-4289-9034-e90a2175f2e6,
DC0032,Process Creation,x-mitre-data-component--3d20385b-24ef-40e1-9f56-f39750379077,T1547.014,Active Setup,attack-pattern--22522668-ddf6-470b-a027-9d6866679f67,True,DET0312,Detect Active Setup Persistence via StubPath Execution,x-mitre-detection-strategy--ba8d3a5d-9ddc-4301-b021-84ca2c6854de,relationship--afb6aa42-751c-47fe-b955-0733344a444f,
DC0032,Process Creation,x-mitre-data-component--3d20385b-24ef-40e1-9f56-f39750379077,T1547.015,Login Items,attack-pattern--84601337-6a55-4ad7-9c35-79e0d1ea2ab3,True,DET0121,Detection Strategy for T1547.015 – Login Items on macOS,x-mitre-detection-strategy--f3cd8bda-d509-4452-a119-3feebb8f05b6,relationship--9dcb8e93-1c4b-41c0-ae2d-6466f46a4d90,
DC0032,Process Creation,x-mitre-data-component--3d20385b-24ef-40e1-9f56-f39750379077,T1548,Abuse Elevation Control Mechanism,attack-pattern--67720091-eee3-4d2d-ae16-8264567f6f5b,False,DET0345,Detection Strategy for Abuse Elevation Control Mechanism (T1548),x-mitre-detection-strategy--9646aa18-4ebf-43c8-bf4c-670063bc5ef8,relationship--6c4a90f8-082b-4b90-9e8a-e0e900f94923,
DC0032,Process Creation,x-mitre-data-component--3d20385b-24ef-40e1-9f56-f39750379077,T1548.001,Setuid and Setgid,attack-pattern--6831414d-bb70-42b7-8030-d4e06b2660c9,True,DET0110,Setuid/Setgid Privilege Abuse Detection (Linux/macOS),x-mitre-detection-strategy--bc8cd246-1521-4643-a07e-428d45093b38,relationship--94c7fefd-f7f1-4984-b0af-12c6cf9cdbf5,
DC0032,Process Creation,x-mitre-data-component--3d20385b-24ef-40e1-9f56-f39750379077,T1548.002,Bypass User Account Control,attack-pattern--120d5519-3098-4e1c-9191-2aa61232f073,True,DET0388,Detection Strategy for T1548.002 – Bypass User Account Control (UAC),x-mitre-detection-strategy--d6619253-10cd-4b90-84b5-364c418d2484,relationship--f05583ec-3ed9-42f7-8779-05399318616e,
DC0032,Process Creation,x-mitre-data-component--3d20385b-24ef-40e1-9f56-f39750379077,T1548.004,Elevated Execution with Prompt,attack-pattern--b84903f0-c7d5-435d-a69e-de47cc3578c0,True,DET0395,macOS AuthorizationExecuteWithPrivileges Elevation Prompt Detection,x-mitre-detection-strategy--2dd0f2ef-2c31-4b11-a507-91067bb61787,relationship--2d0b8891-2763-4370-bb63-6f41dfcdd965,
DC0032,Process Creation,x-mitre-data-component--3d20385b-24ef-40e1-9f56-f39750379077,T1548.006,TCC Manipulation,attack-pattern--e8a0a025-3601-4755-abfb-8d08283329fb,True,DET0534,TCC Database Manipulation via Launchctl and Unprotected SIP,x-mitre-detection-strategy--f1fdcaa2-7040-4cea-a934-7397566a312b,relationship--114f8e08-4e45-4e20-aad7-d7b265a9f5f2,
DC0032,Process Creation,x-mitre-data-component--3d20385b-24ef-40e1-9f56-f39750379077,T1550,Use Alternate Authentication Material,attack-pattern--51a14c76-dd3b-440b-9c20-2bf91d25a814,False,DET0338,Behavioral Detection Strategy for Use Alternate Authentication Material (T1550),x-mitre-detection-strategy--2b666abc-e642-4f40-abec-36bd48f1f15c,relationship--a152e0f1-2588-4c93-aeb8-78a596e153e0,
DC0032,Process Creation,x-mitre-data-component--3d20385b-24ef-40e1-9f56-f39750379077,T1550.002,Pass the Hash,attack-pattern--e624264c-033a-424d-9fd7-fc9c3bbdb03e,True,DET0409,Detection Strategy for T1550.002 - Pass the Hash (Windows),x-mitre-detection-strategy--5692084b-878d-44f7-8b38-a3d125894845,relationship--fa64735f-0ea6-482b-859a-5cb4b9f6f95b,
DC0032,Process Creation,x-mitre-data-component--3d20385b-24ef-40e1-9f56-f39750379077,T1552,Unsecured Credentials,attack-pattern--435dfb86-2697-4867-85b5-2fef496c0517,False,DET0412,Detect Access or Search for Unsecured Credentials Across Platforms,x-mitre-detection-strategy--d1912fbc-aaac-4bb1-82f1-0713280ca9a1,relationship--9a673d77-b594-4115-9ffa-b1b38cf6de18,
DC0032,Process Creation,x-mitre-data-component--3d20385b-24ef-40e1-9f56-f39750379077,T1552.001,Credentials In Files,attack-pattern--837f9164-50af-4ac0-8219-379d8a74cefc,True,DET0307,Detect Access to Unsecured Credential Files Across Platforms,x-mitre-detection-strategy--b34a9911-8261-45b4-af09-3885f9b82cc6,relationship--eb816beb-0df8-4b41-840b-891bd1cf0ffa,
DC0032,Process Creation,x-mitre-data-component--3d20385b-24ef-40e1-9f56-f39750379077,T1552.002,Credentials in Registry,attack-pattern--341e222a-a6e3-4f6f-b69c-831d792b1580,True,DET0250,Detect Credential Discovery via Windows Registry Enumeration,x-mitre-detection-strategy--6c9e1f65-7d75-4091-b97d-e5f88ed12812,relationship--bf037bec-0676-4fd3-ba2f-e2c32dc4239e,
DC0032,Process Creation,x-mitre-data-component--3d20385b-24ef-40e1-9f56-f39750379077,T1552.003,Shell History,attack-pattern--8187bd2a-866f-4457-9009-86b0ddedffa3,True,DET0385,Detect Access and Parsing of .bash_history Files for Credential Harvesting,x-mitre-detection-strategy--653b555a-590f-40e4-9400-f14d0ed92252,relationship--e34c3bf9-4bb9-4afb-87f4-ba83818f7ee8,
DC0032,Process Creation,x-mitre-data-component--3d20385b-24ef-40e1-9f56-f39750379077,T1552.004,Private Keys,attack-pattern--60b508a1-6a5e-46b1-821a-9f7b78752abf,True,DET0549,Detect Suspicious Access to Private Key Files and Export Attempts Across Platforms,x-mitre-detection-strategy--84b5d372-eedb-4b69-bf78-9d4815e2b2b7,relationship--8895c536-acb4-4c5c-b6dd-d4b9fe2f95b9,
DC0032,Process Creation,x-mitre-data-component--3d20385b-24ef-40e1-9f56-f39750379077,T1552.006,Group Policy Preferences,attack-pattern--8d7bd4f5-3a89-4453-9c82-2c8894d5655e,True,DET0381,Detect Access and Decryption of Group Policy Preference (GPP) Credentials in SYSVOL,x-mitre-detection-strategy--69b08c7a-c2ab-4e56-935d-ec28143372de,relationship--d2a5aaa1-4faf-4b37-be23-bd1fcc7cd58a,
DC0032,Process Creation,x-mitre-data-component--3d20385b-24ef-40e1-9f56-f39750379077,T1552.007,Container API,attack-pattern--f8ef3a62-3f44-40a4-abca-761ab235c436,True,DET0198,Detect Abuse of Container APIs for Credential Access,x-mitre-detection-strategy--8ca072de-1c09-4e19-acd2-e4228681030c,relationship--5f89a15d-ac8b-49ab-9410-dbc9f5931f05,
DC0032,Process Creation,x-mitre-data-component--3d20385b-24ef-40e1-9f56-f39750379077,T1553,Subvert Trust Controls,attack-pattern--b83e166d-13d7-4b52-8677-dff90c548fd7,False,DET0452,"Detect Subversion of Trust Controls via Certificate, Registry, and Attribute Manipulation",x-mitre-detection-strategy--73cde34a-247f-4ebc-87a5-ab6a9c400f40,relationship--9e91959a-a90f-4523-8ad3-8b713a919656,
DC0032,Process Creation,x-mitre-data-component--3d20385b-24ef-40e1-9f56-f39750379077,T1553.001,Gatekeeper Bypass,attack-pattern--31a0a2ac-c67c-4a7e-b9ed-6a96477d4e8e,True,DET0288,Detect Gatekeeper Bypass via Quarantine Flag and Trust Control Manipulation,x-mitre-detection-strategy--62d7a748-dee5-46c7-b61c-77f57f371b4f,relationship--28c76ea2-9274-4291-b452-6c25bedbb4e4,
DC0032,Process Creation,x-mitre-data-component--3d20385b-24ef-40e1-9f56-f39750379077,T1553.002,Code Signing,attack-pattern--32901740-b42c-4fdd-bc02-345b5dc57082,True,DET0230,Detect Suspicious or Malicious Code Signing Abuse,x-mitre-detection-strategy--01cc085c-7d7d-49fc-9d15-bc5b2226026a,relationship--e938af0c-04ae-43d6-bd23-5ee204c8e306,
DC0032,Process Creation,x-mitre-data-component--3d20385b-24ef-40e1-9f56-f39750379077,T1553.004,Install Root Certificate,attack-pattern--c615231b-f253-4f58-9d47-d5b4cbdb6839,True,DET0056,Detection Strategy for Subvert Trust Controls via Install Root Certificate.,x-mitre-detection-strategy--d9e95391-5ea4-49af-a525-31655a72e470,relationship--ac19130e-d247-49e4-8aca-2837984906dc,
DC0032,Process Creation,x-mitre-data-component--3d20385b-24ef-40e1-9f56-f39750379077,T1553.006,Code Signing Policy Modification,attack-pattern--565275d5-fcc3-4b66-b4e7-928e4cac6b8c,True,DET0523,Detect Code Signing Policy Modification (Windows & macOS),x-mitre-detection-strategy--eec6a137-c506-4654-8780-8e3028f3fd28,relationship--cfb6fe1a-05c5-4b7a-86c7-4ae65c9f37a1,
DC0032,Process Creation,x-mitre-data-component--3d20385b-24ef-40e1-9f56-f39750379077,T1554,Compromise Host Software Binary,attack-pattern--960c3c86-1480-4d72-b4e0-8c242e84a5c5,False,DET0336,Detect Compromise of Host Software Binaries,x-mitre-detection-strategy--110a934e-881a-4e42-9619-b6de30f4a39e,relationship--3e8f14c9-f336-4f2a-ad91-5d82669d1d90,
DC0032,Process Creation,x-mitre-data-component--3d20385b-24ef-40e1-9f56-f39750379077,T1555,Credentials from Password Stores,attack-pattern--3fc9b85a-2862-4363-a64d-d692e3ffbee0,False,DET0430,Detect Credentials Access from Password Stores,x-mitre-detection-strategy--1a273fde-f4fc-4ca0-94d4-7df285167b5e,relationship--d682a414-3dc3-4bf0-b6de-cdb3d91d375c,
DC0032,Process Creation,x-mitre-data-component--3d20385b-24ef-40e1-9f56-f39750379077,T1555.001,Keychain,attack-pattern--1eaebf46-e361-4437-bc23-d5d65a3b92e3,True,DET0396,Detect Access to macOS Keychain for Credential Theft,x-mitre-detection-strategy--cc6c18b5-1fa6-4e27-8c78-e479428bef44,relationship--2be99b50-1b1d-4188-adcb-9a5ad1da1026,
DC0032,Process Creation,x-mitre-data-component--3d20385b-24ef-40e1-9f56-f39750379077,T1555.002,Securityd Memory,attack-pattern--1a80d097-54df-41d8-9d33-34e755ec5e72,True,DET0057,Detect Suspicious Access to securityd Memory for Credential Extraction,x-mitre-detection-strategy--f07cfa67-8a83-4a62-ae18-bee29bfc7569,relationship--c762f33f-8337-4d4a-b48c-6f1a4dc90bf6,
DC0032,Process Creation,x-mitre-data-component--3d20385b-24ef-40e1-9f56-f39750379077,T1555.003,Credentials from Web Browsers,attack-pattern--58a3e6aa-4453-4cc8-a51f-4befe80b31a8,True,DET0037,Detect Suspicious Access to Browser Credential Stores,x-mitre-detection-strategy--90123c20-ff3d-4034-9a5f-905444bb0311,relationship--3bd41627-e68e-455a-ae00-ee7a07b3d539,
DC0032,Process Creation,x-mitre-data-component--3d20385b-24ef-40e1-9f56-f39750379077,T1555.004,Windows Credential Manager,attack-pattern--d336b553-5da9-46ca-98a8-0b23f49fb447,True,DET0134,Detect Suspicious Access to Windows Credential Manager,x-mitre-detection-strategy--119f2b00-82ac-41fb-96ac-728bf56a8a29,relationship--cf8d5818-49bb-4b33-a2af-77f1fa5ff5cc,
DC0032,Process Creation,x-mitre-data-component--3d20385b-24ef-40e1-9f56-f39750379077,T1555.005,Password Managers,attack-pattern--315f51f0-6b03-4c1e-bfb2-84740afb8e21,True,DET0597,Detect Unauthorized Access to Password Managers,x-mitre-detection-strategy--a5600691-be46-424a-b8ef-a2c9159da49a,relationship--6a8c842f-73a3-4620-be9c-827895df25f0,
DC0032,Process Creation,x-mitre-data-component--3d20385b-24ef-40e1-9f56-f39750379077,T1556,Modify Authentication Process,attack-pattern--f4c1826f-a322-41cd-9557-562100848c84,False,DET0104,Detect Modification of Authentication Processes Across Platforms,x-mitre-detection-strategy--d51dd574-9171-4c46-89bc-0e3bb1178dfe,relationship--d071af46-206b-4ad4-994a-a4ffb350676e,
DC0032,Process Creation,x-mitre-data-component--3d20385b-24ef-40e1-9f56-f39750379077,T1556.003,Pluggable Authentication Modules,attack-pattern--06c00069-771a-4d57-8ef5-d3718c1a8771,True,DET0454,Detect Malicious Modification of Pluggable Authentication Modules (PAM),x-mitre-detection-strategy--9af47d08-fbb3-4122-8af4-74105cc23b62,relationship--78b03594-f1a5-43d7-bba0-dc55d074956b,
DC0032,Process Creation,x-mitre-data-component--3d20385b-24ef-40e1-9f56-f39750379077,T1556.005,Reversible Encryption,attack-pattern--d50955c2-272d-4ac8-95da-10c29dda1c48,True,DET0589,Detect Modification of Authentication Process via Reversible Encryption,x-mitre-detection-strategy--b865c4e8-f3de-471e-846c-2290b6d52da9,relationship--7445726a-955f-4e46-a377-7783c6fd8065,
DC0032,Process Creation,x-mitre-data-component--3d20385b-24ef-40e1-9f56-f39750379077,T1558.004,AS-REP Roasting,attack-pattern--3986e7fd-a8e9-4ecb-bfc6-55920855912b,True,DET0113,Detect AS-REP Roasting Attempts (T1558.004),x-mitre-detection-strategy--d881e35b-5401-46c0-b966-8880c64681ab,relationship--7be88280-2aa7-4661-9ee1-b9f74e58a49c,
DC0032,Process Creation,x-mitre-data-component--3d20385b-24ef-40e1-9f56-f39750379077,T1558.005,Ccache Files,attack-pattern--394220d9-8efc-4252-9040-664f7b115be6,True,DET0024,Detect Kerberos Ccache File Theft or Abuse (T1558.005),x-mitre-detection-strategy--5c4334d0-cda0-4372-8572-fe2a109d39cb,relationship--4fd70bfe-cbf3-4f11-8a28-4ccbcce12446,
DC0032,Process Creation,x-mitre-data-component--3d20385b-24ef-40e1-9f56-f39750379077,T1559,Inter-Process Communication,attack-pattern--acd0ba37-7ba9-4cc5-ac61-796586cd856d,False,DET0493,Detect Abuse of Inter-Process Communication (T1559),x-mitre-detection-strategy--b38e114c-f00f-4c70-9623-267da801625a,relationship--1b2aecdf-2085-4488-9519-dabeb9402622,
DC0032,Process Creation,x-mitre-data-component--3d20385b-24ef-40e1-9f56-f39750379077,T1559.001,Component Object Model,attack-pattern--2f6b4ed7-fef1-44ba-bcb8-1b4beb610b64,True,DET0224,Detect Abuse of Component Object Model (T1559.001),x-mitre-detection-strategy--96c3e267-9dde-45cb-b700-e27c1a672cf8,relationship--d0ddea1d-b83d-4514-95f8-95f6d6909717,
DC0032,Process Creation,x-mitre-data-component--3d20385b-24ef-40e1-9f56-f39750379077,T1559.002,Dynamic Data Exchange,attack-pattern--232a7e42-cd6e-4902-8fe9-2960f529dd4d,True,DET0504,Detect Abuse of Dynamic Data Exchange (T1559.002),x-mitre-detection-strategy--3f3ebc58-fff0-4083-bc5c-ee7308026a20,relationship--1e59c2f0-d933-478b-ba5c-f1518a467465,
DC0032,Process Creation,x-mitre-data-component--3d20385b-24ef-40e1-9f56-f39750379077,T1559.003,XPC Services,attack-pattern--8252f135-ed26-4ce1-ae61-f26e94429a19,True,DET0335,Detect Abuse of XPC Services (T1559.003),x-mitre-detection-strategy--a92f4b5f-9d0d-461f-8581-a50975f5e07a,relationship--7cc39b6e-1b98-41d6-b57f-12f6b66f93a0,
DC0032,Process Creation,x-mitre-data-component--3d20385b-24ef-40e1-9f56-f39750379077,T1560,Archive Collected Data,attack-pattern--53ac20cd-aca3-406e-9aa0-9fc7fdc60a5a,False,DET0526,Detect Archiving and Encryption of Collected Data (T1560),x-mitre-detection-strategy--043bc738-1f07-4d28-9f5c-1b1f81525e7c,relationship--162725e0-fc79-42ea-95a3-436b1f772d5b,
DC0032,Process Creation,x-mitre-data-component--3d20385b-24ef-40e1-9f56-f39750379077,T1560.001,Archive via Utility,attack-pattern--00f90846-cbd1-4fc5-9233-df5c2bf2a662,True,DET0298,Detect Archiving via Utility (T1560.001),x-mitre-detection-strategy--e8528ab8-3467-423b-92b6-115f8ecc266d,relationship--c7013933-c677-45a7-9e5d-b3e76d2cd089,
DC0032,Process Creation,x-mitre-data-component--3d20385b-24ef-40e1-9f56-f39750379077,T1560.002,Archive via Library,attack-pattern--41868330-6ee2-4d0f-b743-9f2294c3c9b6,True,DET0268,Detect Archiving via Library (T1560.002),x-mitre-detection-strategy--a3dcb195-d1b5-4bce-b62b-ba9bdaed56d5,relationship--61d0daa0-1566-445b-b9ef-1fc5152ab8f7,
DC0032,Process Creation,x-mitre-data-component--3d20385b-24ef-40e1-9f56-f39750379077,T1560.003,Archive via Custom Method,attack-pattern--143c0cbb-a297-4142-9624-87ffc778980b,True,DET0438,Detect Archiving via Custom Method (T1560.003),x-mitre-detection-strategy--edf894b7-052a-4baf-8984-f01ec773c80c,relationship--faac8263-f700-42c5-a7a7-302c7ea07848,
DC0032,Process Creation,x-mitre-data-component--3d20385b-24ef-40e1-9f56-f39750379077,T1561,Disk Wipe,attack-pattern--1988cc35-ced8-4dad-b2d1-7628488fa967,False,DET0137,Detection Strategy for Disk Wipe via Direct Disk Access and Destructive Commands,x-mitre-detection-strategy--da01afef-b769-4d31-964d-901fabaf6a8f,relationship--30219ee2-161b-4e3d-8190-b79069b8764f,
DC0032,Process Creation,x-mitre-data-component--3d20385b-24ef-40e1-9f56-f39750379077,T1561.001,Disk Content Wipe,attack-pattern--fb640c43-aa6b-431e-a961-a279010424ac,True,DET0316,Detection Strategy for Disk Content Wipe via Direct Access and Overwrite,x-mitre-detection-strategy--3a016ed2-47e0-414b-b90e-a44d1437354e,relationship--bd2a2912-3948-4c1e-aeb6-cee23227a6ca,
DC0032,Process Creation,x-mitre-data-component--3d20385b-24ef-40e1-9f56-f39750379077,T1561.002,Disk Structure Wipe,attack-pattern--0af0ca99-357d-4ba1-805f-674fdfb7bef9,True,DET0297,Detection Strategy for Disk Structure Wipe via Boot/Partition Overwrite,x-mitre-detection-strategy--1dd8a02b-b447-48ed-a146-ad955c9b2dc1,relationship--c70c05f4-d7bc-47a1-b077-f6f11fca564b,
DC0032,Process Creation,x-mitre-data-component--3d20385b-24ef-40e1-9f56-f39750379077,T1562,Impair Defenses,attack-pattern--3d333250-30e4-4a82-9edc-756c68afc529,False,DET0317,Detection Strategy for Impair Defenses Across Platforms,x-mitre-detection-strategy--e8e88bcd-0294-48d2-bd3c-0408814f4a69,relationship--d959e68e-9ed8-4e86-814a-4a0df15c0448,
DC0032,Process Creation,x-mitre-data-component--3d20385b-24ef-40e1-9f56-f39750379077,T1562.001,Disable or Modify Tools,attack-pattern--ac08589e-ee59-4935-8667-d845e38fe579,True,DET0497,Detection of Impair Defenses through Disabled or Modified Tools across OS Platforms.,x-mitre-detection-strategy--a21019ad-f6d2-4806-be7b-01ba27c63147,relationship--325b752a-0c12-42ec-9dfb-112a83c73518,
DC0032,Process Creation,x-mitre-data-component--3d20385b-24ef-40e1-9f56-f39750379077,T1562.002,Disable Windows Event Logging,attack-pattern--4eb28bed-d11a-4641-9863-c2ac017d910a,True,DET0187,Detect disabled Windows event logging,x-mitre-detection-strategy--cfedfc6c-6e31-481b-be1e-e23a760fec44,relationship--3e567c4c-4248-4219-b51c-749618197c71,
DC0032,Process Creation,x-mitre-data-component--3d20385b-24ef-40e1-9f56-f39750379077,T1562.003,Impair Command History Logging,attack-pattern--8f504411-cb96-4dac-a537-8d2bb7679c59,True,DET0563,Detection Strategy for Impair Defenses via Impair Command History Logging across OS platforms.,x-mitre-detection-strategy--8577b89d-01e2-4423-8657-caff7ed22737,relationship--97dc5c0d-8ae2-4507-bcea-11eb60a2d95b,
DC0032,Process Creation,x-mitre-data-component--3d20385b-24ef-40e1-9f56-f39750379077,T1562.004,Disable or Modify System Firewall,attack-pattern--5372c5fe-f424-4def-bcd5-d3a8e770f07b,True,DET0145,Detection of Disabled or Modified System Firewalls across OS Platforms.,x-mitre-detection-strategy--acb9a314-aa08-4a0f-b3ba-201d87fa4cc8,relationship--8b6fce49-bb7b-4645-a0d1-ee2a69df72e2,
DC0032,Process Creation,x-mitre-data-component--3d20385b-24ef-40e1-9f56-f39750379077,T1562.009,Safe Mode Boot,attack-pattern--28170e17-8384-415c-8486-2e6b294cb803,True,DET0116,Detection Strategy for Safe Mode Boot Abuse,x-mitre-detection-strategy--8c92a33f-ac2f-4ae9-9258-7a6a67922ad4,relationship--3a7df8ad-46da-4597-be00-e6ea6401fcc0,
DC0032,Process Creation,x-mitre-data-component--3d20385b-24ef-40e1-9f56-f39750379077,T1562.010,Downgrade Attack,attack-pattern--824add00-99a1-4b15-9a2d-6c5683b7b497,True,DET0350,Detecting Downgrade Attacks,x-mitre-detection-strategy--63d80d1b-ca5b-427d-b603-cf65e6e245b9,relationship--2547138d-1e52-4455-9dea-4954184427e8,
DC0032,Process Creation,x-mitre-data-component--3d20385b-24ef-40e1-9f56-f39750379077,T1562.011,Spoof Security Alerting,attack-pattern--bef8aaee-961d-4359-a308-4c2182bcedff,True,DET0311,Detection for Spoofing Security Alerting across OS Platforms,x-mitre-detection-strategy--fecfb9f9-645e-4e09-ba21-05bc60722688,relationship--ee5beba3-88c2-4152-a39f-17d1376f3d41,
DC0032,Process Creation,x-mitre-data-component--3d20385b-24ef-40e1-9f56-f39750379077,T1563,Remote Service Session Hijacking,attack-pattern--5b0ad6f8-6a16-4966-a4ef-d09ea6e2a9f5,False,DET0079,Detection of Remote Service Session Hijacking,x-mitre-detection-strategy--5d244477-26e2-4b3a-b882-fd74e366e07d,relationship--91aad2e7-a865-4f83-88c8-c844822f3d81,
DC0032,Process Creation,x-mitre-data-component--3d20385b-24ef-40e1-9f56-f39750379077,T1563.001,SSH Hijacking,attack-pattern--4d2a5b3e-340d-4600-9123-309dd63c9bf8,True,DET0256,Detection Strategy for SSH Session Hijacking,x-mitre-detection-strategy--bdbd724e-b3e2-44d7-a9d6-ba2a4915762c,relationship--d9456903-054e-4281-b9f3-b95c5bf42f6e,
DC0032,Process Creation,x-mitre-data-component--3d20385b-24ef-40e1-9f56-f39750379077,T1563.002,RDP Hijacking,attack-pattern--e0033c16-a07e-48aa-8204-7c3ca669998c,True,DET0588,Detection fo Remote Service Session Hijacking for RDP.,x-mitre-detection-strategy--2729a43c-3f8d-4fee-b2bd-f773436d051b,relationship--29016afa-0769-41ea-ba47-9f4aecf6228d,
DC0032,Process Creation,x-mitre-data-component--3d20385b-24ef-40e1-9f56-f39750379077,T1564,Hide Artifacts,attack-pattern--22905430-4901-4c2a-84f6-98243cb173f8,False,DET0502,Detection Strategy for Hidden Artifacts Across Platforms,x-mitre-detection-strategy--bd2348f8-acef-4310-bd03-cf7b866d2592,relationship--cd3ee69c-01d3-41a0-9e5e-caebaf1776c7,
DC0032,Process Creation,x-mitre-data-component--3d20385b-24ef-40e1-9f56-f39750379077,T1564.001,Hidden Files and Directories,attack-pattern--ec8fc7e2-b356-455c-8db5-2e37be158e7d,True,DET0032,Detection Strategy for Hidden Files and Directories,x-mitre-detection-strategy--3f59957a-2e55-4378-bbe7-090fb1e4f067,relationship--1c135a0c-a6dc-404e-8a38-d4db97d5eb4b,
DC0032,Process Creation,x-mitre-data-component--3d20385b-24ef-40e1-9f56-f39750379077,T1564.003,Hidden Window,attack-pattern--cbb66055-0325-4111-aca0-40547b6ad5b0,True,DET0128,Detection Strategy for Hidden Windows,x-mitre-detection-strategy--1167a6c8-d735-4d5d-81f5-d81c6eafe239,relationship--d08a8b58-a5eb-4e4d-b6e7-017015a498dc,
DC0032,Process Creation,x-mitre-data-component--3d20385b-24ef-40e1-9f56-f39750379077,T1564.004,NTFS File Attributes,attack-pattern--f2857333-11d4-45bf-b064-2c28d8525be5,True,DET0432,Detection Strategy for NTFS File Attribute Abuse (ADS/EAs),x-mitre-detection-strategy--08f7fa2b-13f3-4348-83b8-023c2a68493f,relationship--1c22fcf1-cfeb-4318-8573-c035b04680df,
DC0032,Process Creation,x-mitre-data-component--3d20385b-24ef-40e1-9f56-f39750379077,T1564.005,Hidden File System,attack-pattern--dfebc3b7-d19d-450b-81c7-6dafe4184c04,True,DET0461,Detection Strategy for Hidden File System Abuse,x-mitre-detection-strategy--82c31276-f916-4d67-be83-f09534c0c77e,relationship--d311635f-0633-404f-9535-51ee87662507,
DC0032,Process Creation,x-mitre-data-component--3d20385b-24ef-40e1-9f56-f39750379077,T1564.006,Run Virtual Instance,attack-pattern--b5327dd1-6bf9-4785-a199-25bcbd1f4a9d,True,DET0321,Detection Strategy for Hidden Virtual Instance Execution,x-mitre-detection-strategy--55321f9d-1646-45b9-b23e-e3c0fe105400,relationship--3ef5c5df-8e91-49c0-bdf8-e2d826c5e7b3,
DC0032,Process Creation,x-mitre-data-component--3d20385b-24ef-40e1-9f56-f39750379077,T1564.007,VBA Stomping,attack-pattern--c898c4b5-bf36-4e6e-a4ad-5b8c4c13e35b,True,DET0012,Detection Strategy for VBA Stomping,x-mitre-detection-strategy--6d2e2f19-f5ae-4ba0-aea7-52cc257169e5,relationship--15d4e0ff-17f8-44f1-8f01-167dcad0e288,
DC0032,Process Creation,x-mitre-data-component--3d20385b-24ef-40e1-9f56-f39750379077,T1564.008,Email Hiding Rules,attack-pattern--0cf55441-b176-4332-89e7-2c4c7799d0ff,True,DET0192,Detection Strategy for Email Hiding Rules,x-mitre-detection-strategy--54aaab69-62fb-4d40-b2e0-0d07594353ed,relationship--2f7af5f4-4ab7-48df-b228-5169033ae194,
DC0032,Process Creation,x-mitre-data-component--3d20385b-24ef-40e1-9f56-f39750379077,T1564.009,Resource Forking,attack-pattern--b22e5153-ac28-4cc6-865c-2054e36285cb,True,DET0584,Detection Strategy for Resource Forking on macOS,x-mitre-detection-strategy--0f320fd9-cf15-4fd6-bcb3-c3a52760fe88,relationship--6aac8916-7bcf-4c99-b60c-260a2ea83e6e,
DC0032,Process Creation,x-mitre-data-component--3d20385b-24ef-40e1-9f56-f39750379077,T1564.010,Process Argument Spoofing,attack-pattern--ffe59ad3-ad9b-4b9f-b74f-5beb3c309dc1,True,DET0045,Detection Strategy for Process Argument Spoofing on Windows,x-mitre-detection-strategy--276ac500-e134-4852-96cd-8aa899ad0c7c,relationship--f62b8be5-93f7-4b69-a581-e0a991db0f87,
DC0032,Process Creation,x-mitre-data-component--3d20385b-24ef-40e1-9f56-f39750379077,T1564.011,Ignore Process Interrupts,attack-pattern--4a2975db-414e-4c0c-bd92-775987514b4b,True,DET0067,Detection Strategy for Ignore Process Interrupts,x-mitre-detection-strategy--29d1e77a-a05e-4ead-8272-b254992cd2ba,relationship--3e72be77-01a0-4fd7-b404-6e8b7b090034,
DC0032,Process Creation,x-mitre-data-component--3d20385b-24ef-40e1-9f56-f39750379077,T1564.012,File/Path Exclusions,attack-pattern--09b008a9-b4eb-462a-a751-a0eb58050cd9,True,DET0051,Detection Strategy for File/Path Exclusions,x-mitre-detection-strategy--f9175415-59ba-497c-b96f-639e01f4cf4e,relationship--34cc64f1-eeb5-49cd-8077-5986c332fe06,
DC0032,Process Creation,x-mitre-data-component--3d20385b-24ef-40e1-9f56-f39750379077,T1566,Phishing,attack-pattern--a62a8db3-f23a-4d8f-afd6-9dbc77e7813b,False,DET0070,Detection Strategy for Phishing across platforms.,x-mitre-detection-strategy--7ee73f2e-76b2-4f00-bcc0-7fb79d31d344,relationship--90a84c7a-e685-4ec1-8195-69eea3fc1507,
DC0032,Process Creation,x-mitre-data-component--3d20385b-24ef-40e1-9f56-f39750379077,T1566.001,Spearphishing Attachment,attack-pattern--2e34237d-8574-43f6-aace-ae2915de8597,True,DET0236,Detection Strategy for Spearphishing Attachment across OS Platforms,x-mitre-detection-strategy--8d904004-e492-4f76-9f84-be75fc61e5c5,relationship--1b5a88b4-27e1-4a35-9c47-c2a25182ce1d,
DC0032,Process Creation,x-mitre-data-component--3d20385b-24ef-40e1-9f56-f39750379077,T1566.002,Spearphishing Link,attack-pattern--2b742742-28c3-4e1b-bab7-8350d6300fa7,True,DET0107,Detection Strategy for Spearphishing Links,x-mitre-detection-strategy--ed58a144-2554-495c-9c60-18e6f817aa75,relationship--32007100-9b8d-440a-9f74-44b4cb339997,
DC0032,Process Creation,x-mitre-data-component--3d20385b-24ef-40e1-9f56-f39750379077,T1566.003,Spearphishing via Service,attack-pattern--f6ad61ee-65f3-4bd0-a3f5-2f0accb36317,True,DET0115,Detection Strategy for Spearphishing via a Service across OS Platforms,x-mitre-detection-strategy--dd232215-bb7f-461f-ac3f-e7cf5612e396,relationship--3309fc34-0c04-4b0a-8bbc-9beb546ea78e,
DC0032,Process Creation,x-mitre-data-component--3d20385b-24ef-40e1-9f56-f39750379077,T1567,Exfiltration Over Web Service,attack-pattern--40597f16-0963-4249-bf4c-ac93b7fb9807,False,DET0548,Detection Strategy for Exfiltration Over Web Service,x-mitre-detection-strategy--1753ab98-4530-4284-9bc3-5d4813abfb9e,relationship--2d284ff6-5204-4bde-b4f5-c172dd4c4ca3,
DC0032,Process Creation,x-mitre-data-component--3d20385b-24ef-40e1-9f56-f39750379077,T1567.001,Exfiltration to Code Repository,attack-pattern--86a96bf6-cf8b-411c-aaeb-8959944d64f7,True,DET0318,Detection Strategy for Exfiltration to Code Repository,x-mitre-detection-strategy--ac9c6b7c-bf94-4eeb-926c-f576673c0a14,relationship--c97fce35-747a-489f-9421-808a69e950a4,
DC0032,Process Creation,x-mitre-data-component--3d20385b-24ef-40e1-9f56-f39750379077,T1567.002,Exfiltration to Cloud Storage,attack-pattern--bf1b6176-597c-4600-bfcd-ac989670f96b,True,DET0570,Detection Strategy for Exfiltration to Cloud Storage,x-mitre-detection-strategy--c8895822-a3d1-41eb-952f-c67b4673eee2,relationship--6d01d586-c518-45db-96f3-5b718324c9da,
DC0032,Process Creation,x-mitre-data-component--3d20385b-24ef-40e1-9f56-f39750379077,T1567.003,Exfiltration to Text Storage Sites,attack-pattern--ba04e672-da86-4e69-aa15-0eca5db25f43,True,DET0284,Detection Strategy for Exfiltration to Text Storage Sites,x-mitre-detection-strategy--6ab41bc0-2d89-4173-8149-728fbc2698b6,relationship--7478c9f5-d7a9-4423-9c1f-228bac8eb739,
DC0032,Process Creation,x-mitre-data-component--3d20385b-24ef-40e1-9f56-f39750379077,T1567.004,Exfiltration Over Webhook,attack-pattern--43f2776f-b4bd-4118-94b8-fee47e69676d,True,DET0153,Detection Strategy for Exfiltration Over Webhook,x-mitre-detection-strategy--dcc26ef4-3ecd-4b37-b4b4-66faee084352,relationship--820a1ffe-27dd-4c0f-a791-f721d5662f5f,
DC0032,Process Creation,x-mitre-data-component--3d20385b-24ef-40e1-9f56-f39750379077,T1568,Dynamic Resolution,attack-pattern--7bd9c723-2f78-4309-82c5-47cad406572b,False,DET0039,Detection Strategy for Dynamic Resolution across OS Platforms,x-mitre-detection-strategy--98d6523f-54c5-4a24-a758-333caa833967,relationship--d3731f00-2f45-4dc4-9906-7c0f90bf4f06,
DC0032,Process Creation,x-mitre-data-component--3d20385b-24ef-40e1-9f56-f39750379077,T1568.001,Fast Flux DNS,attack-pattern--29ba5a15-3b7b-4732-b817-65ea8f6468e6,True,DET0485,Detection Strategy for Dynamic Resolution using Fast Flux DNS,x-mitre-detection-strategy--4556646a-39df-48bf-9df3-623d4da7a859,relationship--0b412564-79d1-4393-988a-90fbb17e1a6f,
DC0032,Process Creation,x-mitre-data-component--3d20385b-24ef-40e1-9f56-f39750379077,T1568.002,Domain Generation Algorithms,attack-pattern--118f61a5-eb3e-4fb6-931f-2096647f4ecd,True,DET0419,Detection Strategy for Dynamic Resolution using Domain Generation Algorithms.,x-mitre-detection-strategy--263a0357-5f6d-4066-bfda-afeb883e51d7,relationship--0b0874ca-7eb4-430e-911a-b87a523f75ea,
DC0032,Process Creation,x-mitre-data-component--3d20385b-24ef-40e1-9f56-f39750379077,T1568.003,DNS Calculation,attack-pattern--83a766f8-1501-4b3a-a2de-2e2849e8dfc1,True,DET0262,Detection Strategy for Dynamic Resolution through DNS Calculation,x-mitre-detection-strategy--510a02c8-4341-40ab-8b57-bd678c411ac0,relationship--fd54e7fd-a426-4628-8e8e-be2e8fb366d4,
DC0032,Process Creation,x-mitre-data-component--3d20385b-24ef-40e1-9f56-f39750379077,T1569,System Services,attack-pattern--d157f9d2-d09a-4efa-bb2a-64963f94e253,False,DET0279,Detection Strategy for System Services across OS platforms.,x-mitre-detection-strategy--38364d2d-7b25-4f75-9679-eca4dd18b213,relationship--20cd9b34-087b-42ab-9819-fe330c06c89d,
DC0032,Process Creation,x-mitre-data-component--3d20385b-24ef-40e1-9f56-f39750379077,T1569.001,Launchctl,attack-pattern--810aa4ad-61c9-49cb-993f-daa06199421d,True,DET0265,Detection Strategy for System Services: Launchctl,x-mitre-detection-strategy--77078baf-96f1-413a-bf5b-96b42486e26c,relationship--b7172625-94ca-4f14-8bde-7e195b8b7aae,
DC0032,Process Creation,x-mitre-data-component--3d20385b-24ef-40e1-9f56-f39750379077,T1569.002,Service Execution,attack-pattern--f1951e8a-500e-4a26-8803-76d95c4554b4,True,DET0421,Detection Strategy for System Services Service Execution,x-mitre-detection-strategy--ef1996dc-b6e9-4d8b-a216-77d14323b3e5,relationship--9b8e4d42-e77f-42c5-905f-2090c5859aaa,
DC0032,Process Creation,x-mitre-data-component--3d20385b-24ef-40e1-9f56-f39750379077,T1569.003,Systemctl,attack-pattern--4b46767d-4a61-4f30-995e-c19a75c2e536,True,DET0073,Detection Strategy for System Services: Systemctl,x-mitre-detection-strategy--8a9b730a-b290-40ce-b182-dbcb06fbad3d,relationship--27de0912-04bc-456c-b0bb-33d102067007,
DC0032,Process Creation,x-mitre-data-component--3d20385b-24ef-40e1-9f56-f39750379077,T1570,Lateral Tool Transfer,attack-pattern--bf90d72c-c00b-45e3-b3aa-68560560d4c5,False,DET0183,Detection Strategy for Lateral Tool Transfer across OS platforms,x-mitre-detection-strategy--156ddd81-b3ae-4a79-8c4e-7a75b6fd994c,relationship--f66b9063-a4c3-4f41-8fb3-4a7ea1eeb34c,
DC0032,Process Creation,x-mitre-data-component--3d20385b-24ef-40e1-9f56-f39750379077,T1571,Non-Standard Port,attack-pattern--b18eae87-b469-4e14-b454-b171b416bc18,False,DET0227,Detection Strategy for Non-Standard Ports,x-mitre-detection-strategy--cc8324a7-03d0-47d1-8e2b-3caec44fc129,relationship--db753357-bf72-4dfc-ad38-701dab07e7fa,
DC0032,Process Creation,x-mitre-data-component--3d20385b-24ef-40e1-9f56-f39750379077,T1572,Protocol Tunneling,attack-pattern--4fe28b27-b13c-453e-a386-c2ef362a573b,False,DET0538,Detection Strategy for Protocol Tunneling accross OS platforms.,x-mitre-detection-strategy--fff8e15e-f7eb-4c07-8b77-8e7ef2eb01b6,relationship--fab7fca5-a36a-481c-a110-4c2abc2af359,
DC0032,Process Creation,x-mitre-data-component--3d20385b-24ef-40e1-9f56-f39750379077,T1573,Encrypted Channel,attack-pattern--b8902400-e6c5-4ba2-95aa-2d35b442b118,False,DET0273,Detection Strategy for Encrypted Channel across OS Platforms,x-mitre-detection-strategy--08861418-398c-4972-8850-5e11f2d32944,relationship--2b484619-c72b-457d-b362-ceb882438231,
DC0032,Process Creation,x-mitre-data-component--3d20385b-24ef-40e1-9f56-f39750379077,T1573.001,Symmetric Cryptography,attack-pattern--24bfaeba-cb0d-4525-b3dc-507c77ecec41,True,DET0143,Detection Strategy for Encrypted Channel via Symmetric Cryptography across OS Platforms,x-mitre-detection-strategy--32c549cd-a06b-41f2-8063-8937ba7feab6,relationship--5beb9a05-f114-4a99-802f-c171529ceab1,
DC0032,Process Creation,x-mitre-data-component--3d20385b-24ef-40e1-9f56-f39750379077,T1573.002,Asymmetric Cryptography,attack-pattern--bf176076-b789-408e-8cba-7275e81c0ada,True,DET0543,Detection Strategy for Encrypted Channel via Asymmetric Cryptography across OS Platforms,x-mitre-detection-strategy--e5448ab8-39d6-4364-ae7f-0459687251f7,relationship--9ebeb874-e04d-4fee-9b10-dd6bd829956e,
DC0032,Process Creation,x-mitre-data-component--3d20385b-24ef-40e1-9f56-f39750379077,T1574,Hijack Execution Flow,attack-pattern--aedfca76-3b30-4866-b2aa-0f1d7fd1e4b6,False,DET0218,Detection Strategy for Hijack Execution Flow across OS platforms.,x-mitre-detection-strategy--07669925-383b-455b-a3e2-3a79e18eed27,relationship--978cce2b-4185-4d79-87c9-4754712b5623,
DC0032,Process Creation,x-mitre-data-component--3d20385b-24ef-40e1-9f56-f39750379077,T1574.001,DLL,attack-pattern--2fee9321-3e71-4cf4-af24-d4d40d355b34,True,DET0201,Detection Strategy for Hijack Execution Flow for DLLs,x-mitre-detection-strategy--bd33de0c-1ed7-42ea-b77d-1fd5d33acd3b,relationship--21fcc54f-0e35-4b2f-8c97-294f0f345d3f,
DC0032,Process Creation,x-mitre-data-component--3d20385b-24ef-40e1-9f56-f39750379077,T1574.005,Executable Installer File Permissions Weakness,attack-pattern--70d81154-b187-45f9-8ec5-295d01255979,True,DET0038,Detection Strategy for Hijack Execution Flow using Executable Installer File Permissions Weakness,x-mitre-detection-strategy--07b1eb42-4f7b-4420-972e-2f28f17c0fa0,relationship--3461a5d4-6ab6-4b4b-8c3c-b1a632d09dc2,
DC0032,Process Creation,x-mitre-data-component--3d20385b-24ef-40e1-9f56-f39750379077,T1574.006,Dynamic Linker Hijacking,attack-pattern--633a100c-b2c9-41bf-9be5-905c1b16c825,True,DET0435,Detection Strategy for Hijack Execution Flow: Dynamic Linker Hijacking,x-mitre-detection-strategy--da2107bd-4733-4d0b-a35c-33f7883e9ae9,relationship--7cc0a19d-6627-483b-9de1-a723124fa736,
DC0032,Process Creation,x-mitre-data-component--3d20385b-24ef-40e1-9f56-f39750379077,T1574.007,Path Interception by PATH Environment Variable,attack-pattern--0c2d00da-7742-49e7-9928-4514e5075d32,True,DET0004,Detection Strategy for Hijack Execution Flow using Path Interception by PATH Environment Variable.,x-mitre-detection-strategy--4b2bc278-fc80-4ff8-87a3-a6843a9e683a,relationship--275bda52-48a5-48ee-b578-2298cd7a32d7,
DC0032,Process Creation,x-mitre-data-component--3d20385b-24ef-40e1-9f56-f39750379077,T1574.008,Path Interception by Search Order Hijacking,attack-pattern--58af3705-8740-4c68-9329-ec015a7013c2,True,DET0564,Detection Strategy for Hijack Execution Flow using Path Interception by Search Order Hijacking,x-mitre-detection-strategy--9050bfb8-840d-4464-b4e8-7a0dbdece715,relationship--0e86516c-14bb-4457-8869-aeda2a2b42f5,
DC0032,Process Creation,x-mitre-data-component--3d20385b-24ef-40e1-9f56-f39750379077,T1574.009,Path Interception by Unquoted Path,attack-pattern--bf96a5a3-3bce-43b7-8597-88545984c07b,True,DET0064,Detection Strategy for Hijack Execution Flow through Path Interception by Unquoted Path,x-mitre-detection-strategy--26a281d7-c49e-4e36-ab51-26a757559cf0,relationship--b55f3cb7-c47c-4b8d-91b2-cb91da1ee73d,
DC0032,Process Creation,x-mitre-data-component--3d20385b-24ef-40e1-9f56-f39750379077,T1574.010,Services File Permissions Weakness,attack-pattern--9e8b28c9-35fe-48ac-a14d-e6cc032dcbcd,True,DET0436,Detection Strategy for Hijack Execution Flow through Services File Permissions Weakness.,x-mitre-detection-strategy--7e71997a-80b5-4d0d-807e-472116b46b77,relationship--5346102a-9994-4eb2-ab3e-b430fe4f6c67,
DC0032,Process Creation,x-mitre-data-component--3d20385b-24ef-40e1-9f56-f39750379077,T1574.011,Services Registry Permissions Weakness,attack-pattern--17cc750b-e95b-4d7d-9dde-49e0de24148c,True,DET0427,Detection Strategy for Hijack Execution Flow through Service Registry Premission Weakness.,x-mitre-detection-strategy--a44e6677-25d9-495a-91fd-e2611dac9477,relationship--09844268-99de-4254-99b1-347e7ec29e25,
DC0032,Process Creation,x-mitre-data-component--3d20385b-24ef-40e1-9f56-f39750379077,T1574.012,COR_PROFILER,attack-pattern--ffeb0780-356e-4261-b036-cfb6bd234335,True,DET0479,Detection Strategy for Hijack Execution Flow using the Windows COR_PROFILER.,x-mitre-detection-strategy--8276f61b-0147-4e72-94fb-7cdd47dc60ec,relationship--d6cbd80f-a221-4c61-b859-c54576b15b0e,
DC0032,Process Creation,x-mitre-data-component--3d20385b-24ef-40e1-9f56-f39750379077,T1574.013,KernelCallbackTable,attack-pattern--a4657bc9-d22f-47d2-a7b7-dd6ec33f3dde,True,DET0577,Detection Strategy for Hijack Execution Flow through the KernelCallbackTable on Windows.,x-mitre-detection-strategy--7ee8426e-2b65-44ed-b6d4-3800b92adf2e,relationship--328731d0-4303-4abe-86de-e5d93d6d8623,
DC0032,Process Creation,x-mitre-data-component--3d20385b-24ef-40e1-9f56-f39750379077,T1574.014,AppDomainManager,attack-pattern--356662f7-e315-4759-86c9-6214e2a50ff8,True,DET0517,Detection Strategy for Hijack Execution Flow through the AppDomainManager on Windows.,x-mitre-detection-strategy--387ae9f0-0b8b-49b9-ab85-8f325a583d24,relationship--66f784b0-ff60-4199-ae52-2bc2679bec1e,
DC0032,Process Creation,x-mitre-data-component--3d20385b-24ef-40e1-9f56-f39750379077,T1609,Container Administration Command,attack-pattern--7b50a1d3-4ca7-45d1-989d-a6503f04bfe1,False,DET0065,Detection Strategy for Container Administration Command Abuse,x-mitre-detection-strategy--e9a74ecb-cc65-4c21-ae40-850e3317c248,relationship--643dc681-2238-46b5-8e00-590eecd638af,
DC0032,Process Creation,x-mitre-data-component--3d20385b-24ef-40e1-9f56-f39750379077,T1610,Deploy Container,attack-pattern--56e0d8b8-3e25-49dd-9050-3aa252f5aa92,False,DET0249,Behavior-chain detection for T1610 Deploy Container across Docker & Kubernetes control/node planes,x-mitre-detection-strategy--994c7fc6-ad85-47e6-9079-fb872ec7e541,relationship--51ae0fd9-6c66-4f7f-94ec-734259ba9140,
DC0032,Process Creation,x-mitre-data-component--3d20385b-24ef-40e1-9f56-f39750379077,T1611,Escape to Host,attack-pattern--4a5b7ade-8bb5-4853-84ed-23f262002665,False,DET0219,Detection Strategy for Escape to Host,x-mitre-detection-strategy--8796c5cc-7e5a-402f-8252-f083aafc5cc9,relationship--a7131e1e-1898-403a-b431-099e7c62393c,
DC0032,Process Creation,x-mitre-data-component--3d20385b-24ef-40e1-9f56-f39750379077,T1614,System Location Discovery,attack-pattern--c877e33f-1df6-40d6-b1e7-ce70f16f4979,False,DET0043,Detection Strategy for System Location Discovery,x-mitre-detection-strategy--9daf5067-79c3-477c-bf41-813aada4770d,relationship--2a170a3a-d02a-48ff-a21c-23f373f8951f,
DC0032,Process Creation,x-mitre-data-component--3d20385b-24ef-40e1-9f56-f39750379077,T1614.001,System Language Discovery,attack-pattern--c1b68a96-3c48-49ea-a6c0-9b27359f9c19,True,DET0565,Detection Strategy for System Language Discovery,x-mitre-detection-strategy--9d3a5603-ae0e-41fe-b2f5-7f3e44c903d7,relationship--f5a7f182-3a05-43c4-aa12-b3d0bdbbde38,
DC0032,Process Creation,x-mitre-data-component--3d20385b-24ef-40e1-9f56-f39750379077,T1615,Group Policy Discovery,attack-pattern--1b20efbf-8063-4fc3-a07d-b575318a301b,False,DET0055,Detection strategy for Group Policy Discovery on Windows,x-mitre-detection-strategy--e5eff2eb-4a41-44d1-9c79-4977fb73f569,relationship--0c2b1d8f-3f5b-4b3a-b146-83e54685d6b9,
DC0032,Process Creation,x-mitre-data-component--3d20385b-24ef-40e1-9f56-f39750379077,T1620,Reflective Code Loading,attack-pattern--4933e63b-9b77-476e-ab29-761bc5b7d15a,False,DET0300,Detection Strategy for Reflective Code Loading,x-mitre-detection-strategy--dc415caf-2f8f-4208-8aa8-7db10729cbfb,relationship--f31bc342-0f87-404e-b0b0-bfd810fac18c,
DC0032,Process Creation,x-mitre-data-component--3d20385b-24ef-40e1-9f56-f39750379077,T1622,Debugger Evasion,attack-pattern--e4dc8c01-417f-458d-9ee0-bb0617c1b391,False,DET0371,Detection Strategy for Debugger Evasion (T1622),x-mitre-detection-strategy--22f3a380-389d-44f7-a846-c6223fc06ddd,relationship--e6bda228-b1c4-4fc7-b877-457557628832,
DC0032,Process Creation,x-mitre-data-component--3d20385b-24ef-40e1-9f56-f39750379077,T1647,Plist File Modification,attack-pattern--7d20fff9-8751-404e-badd-ccd71bda0236,False,DET0109,Detection Strategy for Plist File Modification (T1647),x-mitre-detection-strategy--0548423e-c893-4474-9e5d-7fdd7c2a0a71,relationship--6a3d5c63-dcba-4382-8bf3-dca205b80eb2,
DC0032,Process Creation,x-mitre-data-component--3d20385b-24ef-40e1-9f56-f39750379077,T1651,Cloud Administration Command,attack-pattern--d94b3ae9-8059-4989-8e9f-ea0f601f80a7,False,DET0545,Detection Strategy for Cloud Administration Command,x-mitre-detection-strategy--fda20a62-ad83-4d45-8a65-84883b07707b,relationship--fcda9332-023f-4423-8bcc-e47197b8c158,
DC0032,Process Creation,x-mitre-data-component--3d20385b-24ef-40e1-9f56-f39750379077,T1652,Device Driver Discovery,attack-pattern--215d9700-5881-48b8-8265-6449dbb7195d,False,DET0579,Detection Strategy for Device Driver Discovery,x-mitre-detection-strategy--ff6c2db6-cc1b-47e0-89a6-536f83b74906,relationship--0f347765-c631-46f7-8369-5bcdb568345b,
DC0032,Process Creation,x-mitre-data-component--3d20385b-24ef-40e1-9f56-f39750379077,T1653,Power Settings,attack-pattern--ea071aa0-8f17-416f-ab0d-2bab7e79003d,False,DET0417,Detection Strategy for Power Settings Abuse,x-mitre-detection-strategy--40701244-5af5-477f-a9a7-ba661907f318,relationship--1f2b3674-7dfb-4c2f-a314-8202521116fe,
DC0032,Process Creation,x-mitre-data-component--3d20385b-24ef-40e1-9f56-f39750379077,T1654,Log Enumeration,attack-pattern--866d0d6d-02c6-42bd-aa2f-02907fdc0969,False,DET0255,Detection Strategy for Log Enumeration,x-mitre-detection-strategy--170a958d-79a6-433a-8ab0-c8d654e2ca86,relationship--d47d41b9-233e-405c-99ef-e7b5592dabb3,
DC0032,Process Creation,x-mitre-data-component--3d20385b-24ef-40e1-9f56-f39750379077,T1657,Financial Theft,attack-pattern--851e071f-208d-4c79-adc6-5974c85c78f3,False,DET0495,Detection Strategy for Financial Theft,x-mitre-detection-strategy--e767f434-dda3-41fe-a9ea-e7aaae251e61,relationship--9ae66715-6d4e-4fb5-b359-1658c57052b1,
DC0032,Process Creation,x-mitre-data-component--3d20385b-24ef-40e1-9f56-f39750379077,T1659,Content Injection,attack-pattern--43c9bc06-715b-42db-972f-52d25c09a20c,False,DET0349,Detection Strategy for Content Injection,x-mitre-detection-strategy--7a084a47-c4ea-4996-8d23-ffe0b19206fb,relationship--622e1dcc-6185-4559-92bc-ddc6ea3c30e6,
DC0032,Process Creation,x-mitre-data-component--3d20385b-24ef-40e1-9f56-f39750379077,T1665,Hide Infrastructure,attack-pattern--eb897572-8979-4242-a089-56f294f4c91d,False,DET0411,Detection Strategy for Hide Infrastructure,x-mitre-detection-strategy--ba2efedb-2670-4072-b56f-8f12daa31923,relationship--eccb3880-3ab0-4332-b19a-c9b5c180e39c,
DC0032,Process Creation,x-mitre-data-component--3d20385b-24ef-40e1-9f56-f39750379077,T1668,Exclusive Control,attack-pattern--dff263cc-328e-42b4-afbc-1fee8b6a8913,False,DET0015,Detection Strategy for Exclusive Control,x-mitre-detection-strategy--1d8154f6-6890-4441-863f-007600867088,relationship--301352ff-7025-44a2-b4ef-303d75d8f18a,
DC0032,Process Creation,x-mitre-data-component--3d20385b-24ef-40e1-9f56-f39750379077,T1673,Virtual Machine Discovery,attack-pattern--6bc7f9aa-b91f-4b23-84b8-5e756eba68eb,False,DET0199,Detection Strategy for Virtual Machine Discovery,x-mitre-detection-strategy--85849149-b36f-4562-9478-65c4e8f97dec,relationship--e7089b85-2787-4d2f-9411-0ca4f2054855,
DC0032,Process Creation,x-mitre-data-component--3d20385b-24ef-40e1-9f56-f39750379077,T1674,Input Injection,attack-pattern--63e3d25c-d57d-407d-8e6a-2cecd71f90be,False,DET0568,Detection Strategy for Input Injection,x-mitre-detection-strategy--f54b8799-acfd-4df4-a2c4-e83071750bde,relationship--dab158f6-c216-43d6-8c8c-f20d76d6206f,
DC0032,Process Creation,x-mitre-data-component--3d20385b-24ef-40e1-9f56-f39750379077,T1678,Delay Execution,attack-pattern--a1df809c-7d0e-459f-8fe5-25474bab770b,False,DET0372,Multi-Platform Detection Strategy for T1678 - Delay Execution,x-mitre-detection-strategy--e98d37af-727b-44a7-a72b-cdcf8a481a12,relationship--8c893aca-667a-4373-9bfb-365fafa87787,
DC0032,Process Creation,x-mitre-data-component--3d20385b-24ef-40e1-9f56-f39750379077,T1679,Selective Exclusion,attack-pattern--9b00925a-7c4b-4e53-bfc8-9a6a806fde03,False,DET0897,Detection of Selective Exclusion,x-mitre-detection-strategy--7c1262bb-c0d1-4e0c-bab8-a232f7bed9d5,relationship--e7512377-4cb8-4552-97d6-518038b765f7,
DC0032,Process Creation,x-mitre-data-component--3d20385b-24ef-40e1-9f56-f39750379077,T1680,Local Storage Discovery,attack-pattern--f2514ae4-4e9b-4f26-a5ba-c4ae85fe93c3,False,DET0188,Local Storage Discovery via Drive Enumeration and Filesystem Probing,x-mitre-detection-strategy--8c3d7757-f3ab-4c1d-95e1-f712cdecd5a3,relationship--3dc43a6d-8862-4a4f-92c4-b3776539a19b,
DC0033,Process Termination,x-mitre-data-component--61f1d40e-f3d0-4cc6-aa2d-937b6204194f,T1480.002,Mutual Exclusion,attack-pattern--49fca0d2-685d-41eb-8bd4-05451cc3a742,True,DET0132,Detection of Mutex-Based Execution Guardrails Across Platforms,x-mitre-detection-strategy--d22f1848-fc32-4fdb-999b-9c0845fb6552,relationship--fe03f09f-ee1e-40ce-a413-a06b023e80f6,
DC0033,Process Termination,x-mitre-data-component--61f1d40e-f3d0-4cc6-aa2d-937b6204194f,T1485,Data Destruction,attack-pattern--d45a3d09-b3cf-48f4-9f0f-f521ee5cb05c,False,DET0146,Detection of Data Destruction Across Platforms via Mass Overwrite and Deletion Patterns,x-mitre-detection-strategy--c54fdf95-c7ac-4ca4-bd99-273e56da20a5,relationship--31ece083-4856-4057-bfca-5dd17221b34b,
DC0033,Process Termination,x-mitre-data-component--61f1d40e-f3d0-4cc6-aa2d-937b6204194f,T1489,Service Stop,attack-pattern--20fb2507-d71c-455d-9b6d-6104461cf26b,False,DET0021,Behavioral Detection for Service Stop across Platforms,x-mitre-detection-strategy--ae37afa8-87d5-4091-ac33-010e78eefe97,relationship--091187a1-a960-4731-829d-de865e7d49a1,
DC0033,Process Termination,x-mitre-data-component--61f1d40e-f3d0-4cc6-aa2d-937b6204194f,T1499.004,Application or System Exploitation,attack-pattern--2bee5ffb-7a7a-4119-b1f2-158151b19ac0,True,DET0304,Detection Strategy for Endpoint DoS via Application or System Exploitation,x-mitre-detection-strategy--28d6ebc3-3b01-45e1-b48e-6491364d23e9,relationship--9ce6810d-6c9e-4bcf-acd9-f93996267414,
DC0033,Process Termination,x-mitre-data-component--61f1d40e-f3d0-4cc6-aa2d-937b6204194f,T1548.003,Sudo and Sudo Caching,attack-pattern--1365fe3b-0f50-455d-b4da-266ce31c23b0,True,DET0052,Behavioral Detection Strategy for Abuse of Sudo and Sudo Caching,x-mitre-detection-strategy--31f41970-898c-4c64-b018-e03eabb81916,relationship--03a824e7-d39f-4286-9833-525b81bc63d4,
DC0033,Process Termination,x-mitre-data-component--61f1d40e-f3d0-4cc6-aa2d-937b6204194f,T1562,Impair Defenses,attack-pattern--3d333250-30e4-4a82-9edc-756c68afc529,False,DET0317,Detection Strategy for Impair Defenses Across Platforms,x-mitre-detection-strategy--e8e88bcd-0294-48d2-bd3c-0408814f4a69,relationship--d959e68e-9ed8-4e86-814a-4a0df15c0448,
DC0033,Process Termination,x-mitre-data-component--61f1d40e-f3d0-4cc6-aa2d-937b6204194f,T1562.001,Disable or Modify Tools,attack-pattern--ac08589e-ee59-4935-8667-d845e38fe579,True,DET0497,Detection of Impair Defenses through Disabled or Modified Tools across OS Platforms.,x-mitre-detection-strategy--a21019ad-f6d2-4806-be7b-01ba27c63147,relationship--325b752a-0c12-42ec-9dfb-112a83c73518,
DC0033,Process Termination,x-mitre-data-component--61f1d40e-f3d0-4cc6-aa2d-937b6204194f,T1562.006,Indicator Blocking,attack-pattern--74d2a63f-3c7b-4852-92da-02d8fbab16da,True,DET0239,Detection Strategy for Impair Defenses Indicator Blocking,x-mitre-detection-strategy--0596d971-9552-4cd0-a5aa-4385cf707371,relationship--93fc4a2c-22f3-448b-b0c0-3b9282299558,
DC0033,Process Termination,x-mitre-data-component--61f1d40e-f3d0-4cc6-aa2d-937b6204194f,T1668,Exclusive Control,attack-pattern--dff263cc-328e-42b4-afbc-1fee8b6a8913,False,DET0015,Detection Strategy for Exclusive Control,x-mitre-detection-strategy--1d8154f6-6890-4441-863f-007600867088,relationship--301352ff-7025-44a2-b4ef-303d75d8f18a,
DC0034,Process Metadata,x-mitre-data-component--ee575f4a-2d4f-48f6-b18b-89067760adc1,T1001.003,Protocol or Service Impersonation,attack-pattern--c325b232-d5bc-4dde-a3ec-71f3db9e8adc,True,DET0470,"Detecting Protocol or Service Impersonation via Anomalous TLS, HTTP Header, and Port Mismatch Correlation",x-mitre-detection-strategy--776a998c-481d-4193-934e-c0af3968c392,relationship--3f046096-761d-4c75-8174-11e8554eceab,
DC0034,Process Metadata,x-mitre-data-component--ee575f4a-2d4f-48f6-b18b-89067760adc1,T1003,OS Credential Dumping,attack-pattern--0a3ead4e-6d47-4ccb-854c-a6a4f9d96b22,False,DET0234,Credential Dumping via Sensitive Memory and Registry Access Correlation,x-mitre-detection-strategy--8b8cfd0f-bbe2-417b-b1d2-eebf84d3f008,relationship--a9f91861-99e7-4dee-b037-9c6fd56e9892,
DC0034,Process Metadata,x-mitre-data-component--ee575f4a-2d4f-48f6-b18b-89067760adc1,T1027.014,Polymorphic Code,attack-pattern--b577dfc1-0177-4522-8d5a-782127c8592b,True,DET0324,Detection Strategy for Polymorphic Code Mutation and Execution,x-mitre-detection-strategy--380da3b2-d92f-4361-b187-cedc8a118e0f,relationship--471e5702-2a73-4c6d-9ed8-78b037941b6f,
DC0034,Process Metadata,x-mitre-data-component--ee575f4a-2d4f-48f6-b18b-89067760adc1,T1036,Masquerading,attack-pattern--42e8de7b-37b2-4258-905a-6897815e58e0,False,DET0127,Behavioral Detection of Masquerading Across Platforms via Metadata and Execution Discrepancy,x-mitre-detection-strategy--408aedab-4a23-41ad-809d-fe9c3805b7f6,relationship--f6da021e-aaec-4010-baa9-1a02d9e40f9b,
DC0034,Process Metadata,x-mitre-data-component--ee575f4a-2d4f-48f6-b18b-89067760adc1,T1036.003,Rename Legitimate Utilities,attack-pattern--bd5b58a4-a52d-4a29-bc0d-3f1d3968eb6b,True,DET0005,Renamed Legitimate Utility Execution with Metadata Mismatch and Suspicious Path,x-mitre-detection-strategy--c2648552-806d-40ec-8ea7-59f4e44983eb,relationship--33b231d7-a3ef-417e-8cf1-bc10986f1bd1,
DC0034,Process Metadata,x-mitre-data-component--ee575f4a-2d4f-48f6-b18b-89067760adc1,T1036.005,Match Legitimate Resource Name or Location,attack-pattern--1c4e5d32-1fe9-4116-9d9d-59e3925bd6a2,True,DET0347,Detection Strategy for Masquerading via Legitimate Resource Name or Location,x-mitre-detection-strategy--b667390b-a805-401d-9e02-929204825114,relationship--e4659daa-3a14-4873-a1e3-5dc132420257,
DC0034,Process Metadata,x-mitre-data-component--ee575f4a-2d4f-48f6-b18b-89067760adc1,T1036.011,Overwrite Process Arguments,attack-pattern--514dc7b3-0b80-4382-80a9-2e2d294f5019,True,DET0164,Detection Strategy for Overwritten Process Arguments Masquerading,x-mitre-detection-strategy--8f268381-938f-454e-8d19-f266b69958ea,relationship--c8ad2b36-a6ae-4d7b-bbe9-de8bddd3fec6,
DC0034,Process Metadata,x-mitre-data-component--ee575f4a-2d4f-48f6-b18b-89067760adc1,T1055,Process Injection,attack-pattern--43e7dc91-05b2-474c-b9ac-2ed4fe101f4d,False,DET0508,Behavioral Detection of Process Injection Across Platforms,x-mitre-detection-strategy--9833b57b-4c83-4f58-b4cf-76f041b29273,relationship--9e795af2-1202-480c-88d1-5013027ede32,
DC0034,Process Metadata,x-mitre-data-component--ee575f4a-2d4f-48f6-b18b-89067760adc1,T1055.008,Ptrace System Calls,attack-pattern--ea016b56-ae0e-47fe-967a-cc0ad51af67f,True,DET0203,Detection Strategy for Ptrace-Based Process Injection on Linux,x-mitre-detection-strategy--c2768ab6-522f-4b88-b3f7-a30230208ceb,relationship--d6140824-52d0-43b8-96ad-cc96366517dd,
DC0034,Process Metadata,x-mitre-data-component--ee575f4a-2d4f-48f6-b18b-89067760adc1,T1056,Input Capture,attack-pattern--bb5a00de-e086-4859-a231-fa793f6797e2,False,DET0102,Behavioral Detection of Input Capture Across Platforms,x-mitre-detection-strategy--c922d994-74bd-4847-a870-c0ae216318c9,relationship--66b2b5b7-2947-46b5-a4b5-b98eea8c793c,
DC0034,Process Metadata,x-mitre-data-component--ee575f4a-2d4f-48f6-b18b-89067760adc1,T1056.001,Keylogging,attack-pattern--09a60ea3-a8d1-4ae5-976e-5783248b72a4,True,DET0089,Behavioral Detection of Keylogging Activity Across Platforms,x-mitre-detection-strategy--fe0d7d82-1575-4685-9a4f-4bf83e0227a0,relationship--4ebf6dc6-2daf-42e3-8fc3-4f6d5ac4d63d,
DC0034,Process Metadata,x-mitre-data-component--ee575f4a-2d4f-48f6-b18b-89067760adc1,T1057,Process Discovery,attack-pattern--8f4a33ec-8b1f-4b80-a2f6-642b2e479580,False,DET0034,Detection of Adversarial Process Discovery Behavior,x-mitre-detection-strategy--309ca3cd-d3f0-4aea-8932-558550aa89f4,relationship--4da44310-3e7c-4d7c-934e-32d83935f5b0,
DC0034,Process Metadata,x-mitre-data-component--ee575f4a-2d4f-48f6-b18b-89067760adc1,T1059.001,PowerShell,attack-pattern--970a3432-3237-47ad-bcca-7d8cbb217736,True,DET0455,Abuse of PowerShell for Arbitrary Execution,x-mitre-detection-strategy--72b209e2-8c65-4217-8532-fabd0cb54ae5,relationship--029c6872-0b48-4838-ab3b-3a7c0e637be9,
DC0034,Process Metadata,x-mitre-data-component--ee575f4a-2d4f-48f6-b18b-89067760adc1,T1124,System Time Discovery,attack-pattern--f3c544dc-673c-4ef3-accb-53229f1ae077,False,DET0151,"Behavior-chain, platform-aware detection strategy for T1124 System Time Discovery",x-mitre-detection-strategy--98ae5e06-7ea5-49b9-b793-7f97b1d306b2,relationship--a471c195-dbf1-4c84-a314-393189769d31,
DC0034,Process Metadata,x-mitre-data-component--ee575f4a-2d4f-48f6-b18b-89067760adc1,T1125,Video Capture,attack-pattern--6faf650d-bf31-4eb4-802d-1000cf38efaf,False,DET0197,"Behavior-chain, platform-aware detection strategy for T1125 Video Capture",x-mitre-detection-strategy--e9ee6ab5-333b-4cea-8637-23360d904472,relationship--2b034b90-9a02-4e29-b943-73b1b49459cb,
DC0034,Process Metadata,x-mitre-data-component--ee575f4a-2d4f-48f6-b18b-89067760adc1,T1127,Trusted Developer Utilities Proxy Execution,attack-pattern--ff25900d-76d5-449b-a351-8824e62fc81b,False,DET0172,"Behavior-chain, platform-aware detection strategy for T1127 Trusted Developer Utilities Proxy Execution (Windows)",x-mitre-detection-strategy--f47cb8dc-2120-4541-9306-95053218ba8a,relationship--e9ff67a4-4136-46d0-b91e-d354c84215a1,
DC0034,Process Metadata,x-mitre-data-component--ee575f4a-2d4f-48f6-b18b-89067760adc1,T1127.001,MSBuild,attack-pattern--c92e3d68-2349-49e4-a341-7edca2deff96,True,DET0556,Behavior-chain detection strategy for T1127.001 Trusted Developer Utilities Proxy Execution: MSBuild (Windows),x-mitre-detection-strategy--5fb0bb0d-cc9c-47aa-86f2-567b4ee642ff,relationship--9ce197cf-1ef3-4fa2-ac91-57ae0064c3a6,
DC0034,Process Metadata,x-mitre-data-component--ee575f4a-2d4f-48f6-b18b-89067760adc1,T1127.002,ClickOnce,attack-pattern--cc279e50-df85-4c8e-be80-6dc2eda8849c,True,DET0191,Behavior-chain detection strategy for T1127.002 Trusted Developer Utilities Proxy Execution: ClickOnce (Windows),x-mitre-detection-strategy--ec75b064-d8f1-40a7-832c-0ef0bb40214d,relationship--a06bc62f-b3e7-468b-8697-1e00367bc28b,
DC0034,Process Metadata,x-mitre-data-component--ee575f4a-2d4f-48f6-b18b-89067760adc1,T1127.003,JamPlus,attack-pattern--7d356151-a69d-404e-896b-71618952702a,True,DET0585,Behavior-chain detection strategy for T1127.003 Trusted Developer Utilities Proxy Execution: JamPlus (Windows),x-mitre-detection-strategy--680956cb-d8c6-447c-99b4-82865fb89255,relationship--cf8ed394-7e83-4637-9cd3-82cccd529d78,
DC0034,Process Metadata,x-mitre-data-component--ee575f4a-2d4f-48f6-b18b-89067760adc1,T1129,Shared Modules,attack-pattern--0a5231ec-41af-4a35-83d0-6bdf11f28c65,False,DET0018,"Behavior-chain, platform-aware detection strategy for T1129 Shared Modules",x-mitre-detection-strategy--928a6ce6-fca0-4d66-aba3-1121431b953e,relationship--20d31ad8-56fd-4268-b650-6106617cc9bc,
DC0034,Process Metadata,x-mitre-data-component--ee575f4a-2d4f-48f6-b18b-89067760adc1,T1134.004,Parent PID Spoofing,attack-pattern--93591901-3172-4e94-abf8-6034ab26f44a,True,DET0489,Behavior-chain detection for T1134.004 Access Token Manipulation: Parent PID Spoofing (Windows),x-mitre-detection-strategy--eb751740-80cd-4ec1-a989-8691bf7f2039,relationship--b950ec4c-7d64-4184-9161-bcc199117ed2,
DC0034,Process Metadata,x-mitre-data-component--ee575f4a-2d4f-48f6-b18b-89067760adc1,T1548,Abuse Elevation Control Mechanism,attack-pattern--67720091-eee3-4d2d-ae16-8264567f6f5b,False,DET0345,Detection Strategy for Abuse Elevation Control Mechanism (T1548),x-mitre-detection-strategy--9646aa18-4ebf-43c8-bf4c-670063bc5ef8,relationship--6c4a90f8-082b-4b90-9e8a-e0e900f94923,
DC0034,Process Metadata,x-mitre-data-component--ee575f4a-2d4f-48f6-b18b-89067760adc1,T1548.001,Setuid and Setgid,attack-pattern--6831414d-bb70-42b7-8030-d4e06b2660c9,True,DET0110,Setuid/Setgid Privilege Abuse Detection (Linux/macOS),x-mitre-detection-strategy--bc8cd246-1521-4643-a07e-428d45093b38,relationship--94c7fefd-f7f1-4984-b0af-12c6cf9cdbf5,
DC0034,Process Metadata,x-mitre-data-component--ee575f4a-2d4f-48f6-b18b-89067760adc1,T1548.003,Sudo and Sudo Caching,attack-pattern--1365fe3b-0f50-455d-b4da-266ce31c23b0,True,DET0052,Behavioral Detection Strategy for Abuse of Sudo and Sudo Caching,x-mitre-detection-strategy--31f41970-898c-4c64-b018-e03eabb81916,relationship--03a824e7-d39f-4286-9833-525b81bc63d4,
DC0034,Process Metadata,x-mitre-data-component--ee575f4a-2d4f-48f6-b18b-89067760adc1,T1552.003,Shell History,attack-pattern--8187bd2a-866f-4457-9009-86b0ddedffa3,True,DET0385,Detect Access and Parsing of .bash_history Files for Credential Harvesting,x-mitre-detection-strategy--653b555a-590f-40e4-9400-f14d0ed92252,relationship--e34c3bf9-4bb9-4afb-87f4-ba83818f7ee8,
DC0034,Process Metadata,x-mitre-data-component--ee575f4a-2d4f-48f6-b18b-89067760adc1,T1562.010,Downgrade Attack,attack-pattern--824add00-99a1-4b15-9a2d-6c5683b7b497,True,DET0350,Detecting Downgrade Attacks,x-mitre-detection-strategy--63d80d1b-ca5b-427d-b603-cf65e6e245b9,relationship--2547138d-1e52-4455-9dea-4954184427e8,
DC0034,Process Metadata,x-mitre-data-component--ee575f4a-2d4f-48f6-b18b-89067760adc1,T1563.001,SSH Hijacking,attack-pattern--4d2a5b3e-340d-4600-9123-309dd63c9bf8,True,DET0256,Detection Strategy for SSH Session Hijacking,x-mitre-detection-strategy--bdbd724e-b3e2-44d7-a9d6-ba2a4915762c,relationship--d9456903-054e-4281-b9f3-b95c5bf42f6e,
DC0034,Process Metadata,x-mitre-data-component--ee575f4a-2d4f-48f6-b18b-89067760adc1,T1564.003,Hidden Window,attack-pattern--cbb66055-0325-4111-aca0-40547b6ad5b0,True,DET0128,Detection Strategy for Hidden Windows,x-mitre-detection-strategy--1167a6c8-d735-4d5d-81f5-d81c6eafe239,relationship--d08a8b58-a5eb-4e4d-b6e7-017015a498dc,
DC0034,Process Metadata,x-mitre-data-component--ee575f4a-2d4f-48f6-b18b-89067760adc1,T1564.013,Bind Mounts,attack-pattern--5bd41255-a224-4425-a2e2-e9d293eafe1c,True,DET0428,Detection Strategy for Bind Mounts on Linux,x-mitre-detection-strategy--b79f47ca-4c42-4658-ba71-a6374778eb98,relationship--4e46ebb7-87d4-49b1-b0f8-93d897b0ab01,
DC0034,Process Metadata,x-mitre-data-component--ee575f4a-2d4f-48f6-b18b-89067760adc1,T1574.006,Dynamic Linker Hijacking,attack-pattern--633a100c-b2c9-41bf-9be5-905c1b16c825,True,DET0435,Detection Strategy for Hijack Execution Flow: Dynamic Linker Hijacking,x-mitre-detection-strategy--da2107bd-4733-4d0b-a35c-33f7883e9ae9,relationship--7cc0a19d-6627-483b-9de1-a723124fa736,
DC0035,Process Access,x-mitre-data-component--1887a270-576a-4049-84de-ef746b2572d6,T1001.001,Junk Data,attack-pattern--f7c0689c-4dbd-489b-81be-7cb7c7079ade,True,DET0011,Detecting Junk Data in C2 Channels via Behavioral Analysis,x-mitre-detection-strategy--bb40d0a9-b35b-4adc-8a69-a3002d53f5f7,relationship--e2b05e19-8a7d-4e1a-8858-545d0fdcb15a,
DC0035,Process Access,x-mitre-data-component--1887a270-576a-4049-84de-ef746b2572d6,T1003,OS Credential Dumping,attack-pattern--0a3ead4e-6d47-4ccb-854c-a6a4f9d96b22,False,DET0234,Credential Dumping via Sensitive Memory and Registry Access Correlation,x-mitre-detection-strategy--8b8cfd0f-bbe2-417b-b1d2-eebf84d3f008,relationship--a9f91861-99e7-4dee-b037-9c6fd56e9892,
DC0035,Process Access,x-mitre-data-component--1887a270-576a-4049-84de-ef746b2572d6,T1003.001,LSASS Memory,attack-pattern--65f2d882-3f41-4d48-8a06-29af77ec9f90,True,DET0363,Detection of Credential Dumping from LSASS Memory via Access and Dump Sequence,x-mitre-detection-strategy--793c70fb-bc7a-4a77-95aa-7b0c583f10b4,relationship--7740826e-65ad-4fa8-853a-c4f09ed81f5f,
DC0035,Process Access,x-mitre-data-component--1887a270-576a-4049-84de-ef746b2572d6,T1003.004,LSA Secrets,attack-pattern--1ecfdab8-7d59-4c98-95d4-dc41970f57fc,True,DET0437,Detection of LSA Secrets Dumping via Registry and Memory Extraction,x-mitre-detection-strategy--c29886a9-676a-441a-adcd-6f239f8eb6b0,relationship--f09e71bc-e010-4567-8a0e-2c0ed24b5c94,
DC0035,Process Access,x-mitre-data-component--1887a270-576a-4049-84de-ef746b2572d6,T1003.005,Cached Domain Credentials,attack-pattern--6add2ab5-2711-4e9d-87c8-7a0be8531530,True,DET0513,Detection of Cached Domain Credential Dumping via Local Hash Cache Access,x-mitre-detection-strategy--90b5ad4f-44bf-46e2-ac66-6e81e573e3fb,relationship--234074de-96c1-4eb5-968d-09bdf988cb18,
DC0035,Process Access,x-mitre-data-component--1887a270-576a-4049-84de-ef746b2572d6,T1003.007,Proc Filesystem,attack-pattern--3120b9fa-23b8-4500-ae73-09494f607b7d,True,DET0593,Detecting OS Credential Dumping via /proc Filesystem Access on Linux,x-mitre-detection-strategy--dc017318-98a3-450b-b903-fe1e7d988197,relationship--5b774635-ffa8-414a-8375-b8ef97c7d8b7,
DC0035,Process Access,x-mitre-data-component--1887a270-576a-4049-84de-ef746b2572d6,T1006,Direct Volume Access,attack-pattern--0c8ab3eb-df48-4b9c-ace7-beacaac81cc5,False,DET0426,Detection of Direct Volume Access for File System Evasion,x-mitre-detection-strategy--ee674b38-f59a-4f21-860a-19d065e13aaf,relationship--6748068f-c437-42b7-b09d-d057a1f49dc1,
DC0035,Process Access,x-mitre-data-component--1887a270-576a-4049-84de-ef746b2572d6,T1010,Application Window Discovery,attack-pattern--4ae4f953-fe58-4cc8-a327-33257e30a830,False,DET0097,Detection of Application Window Enumeration via API or Scripting,x-mitre-detection-strategy--d2daf569-4fc9-46a3-97b7-4d3d76c04a64,relationship--5d3892e4-5a49-482a-929b-883fb2cdb765,
DC0035,Process Access,x-mitre-data-component--1887a270-576a-4049-84de-ef746b2572d6,T1027.002,Software Packing,attack-pattern--deb98323-e13f-4b0c-8d94-175379069062,True,DET0023,Obfuscated Binary Unpacking Detection via Behavioral Patterns,x-mitre-detection-strategy--7a182af0-a7e1-41a1-ae5e-ac76ff7f5948,relationship--5b689a4b-b408-4bb2-ad48-4d3c750ec6f9,
DC0035,Process Access,x-mitre-data-component--1887a270-576a-4049-84de-ef746b2572d6,T1027.013,Encrypted/Encoded File,attack-pattern--0d91b3c0-5e50-47c3-949a-2a796f04d144,True,DET0087,Encrypted or Encoded File Payload Detection Strategy,x-mitre-detection-strategy--d70b8fdd-de14-4143-a350-56e3b885b37b,relationship--579a5b5b-38be-48df-8fe7-0718578149fa,
DC0035,Process Access,x-mitre-data-component--1887a270-576a-4049-84de-ef746b2572d6,T1027.014,Polymorphic Code,attack-pattern--b577dfc1-0177-4522-8d5a-782127c8592b,True,DET0324,Detection Strategy for Polymorphic Code Mutation and Execution,x-mitre-detection-strategy--380da3b2-d92f-4361-b187-cedc8a118e0f,relationship--471e5702-2a73-4c6d-9ed8-78b037941b6f,
DC0035,Process Access,x-mitre-data-component--1887a270-576a-4049-84de-ef746b2572d6,T1027.016,Junk Code Insertion,attack-pattern--671cd17f-a765-48fd-adc4-dad1941b1ae3,True,DET0322,Detection Strategy for Junk Code Obfuscation with Suspicious Execution Patterns,x-mitre-detection-strategy--206790b2-16bc-46db-a605-8bcff576c161,relationship--0310c64d-52dc-4e99-acde-77c20d799e54,
DC0035,Process Access,x-mitre-data-component--1887a270-576a-4049-84de-ef746b2572d6,T1055,Process Injection,attack-pattern--43e7dc91-05b2-474c-b9ac-2ed4fe101f4d,False,DET0508,Behavioral Detection of Process Injection Across Platforms,x-mitre-detection-strategy--9833b57b-4c83-4f58-b4cf-76f041b29273,relationship--9e795af2-1202-480c-88d1-5013027ede32,
DC0035,Process Access,x-mitre-data-component--1887a270-576a-4049-84de-ef746b2572d6,T1055.001,Dynamic-link Library Injection,attack-pattern--f4599aa0-4f85-4a32-80ea-fc39dc965945,True,DET0389,Behavioral Detection of DLL Injection via Windows API,x-mitre-detection-strategy--e9c54806-2d8e-4722-805c-4a1e7f6a1986,relationship--3746842c-52cb-4b8a-88d3-387da906410e,
DC0035,Process Access,x-mitre-data-component--1887a270-576a-4049-84de-ef746b2572d6,T1055.002,Portable Executable Injection,attack-pattern--806a49c4-970d-43f9-9acc-ac0ee11e6662,True,DET0106,Behavioral Detection of PE Injection via Remote Memory Mapping,x-mitre-detection-strategy--65c18137-cad3-4fd3-8b24-22a61850c8a1,relationship--791e4c52-5ed6-4c01-be8c-33e264a749f4,
DC0035,Process Access,x-mitre-data-component--1887a270-576a-4049-84de-ef746b2572d6,T1055.003,Thread Execution Hijacking,attack-pattern--41d9846c-f6af-4302-a654-24bba2729bc6,True,DET0295,Behavioral Detection of Thread Execution Hijacking via Thread Suspension and Context Switching,x-mitre-detection-strategy--47dd679b-1bd4-4bb7-a946-5d77fd49a939,relationship--bc58f0e2-64f6-4245-8dc0-4875d51c2868,
DC0035,Process Access,x-mitre-data-component--1887a270-576a-4049-84de-ef746b2572d6,T1055.004,Asynchronous Procedure Call,attack-pattern--7c0f17c9-1af6-4628-9cbd-9e45482dd605,True,DET0100,Behavioral Detection of Asynchronous Procedure Call (APC) Injection via Remote Thread Queuing,x-mitre-detection-strategy--4554ad15-dc0a-44f8-92b6-b8e7dc64385e,relationship--ae7a893f-f309-426e-9486-56669c6ad7b9,
DC0035,Process Access,x-mitre-data-component--1887a270-576a-4049-84de-ef746b2572d6,T1055.005,Thread Local Storage,attack-pattern--e49ee9d2-0d98-44ef-85e5-5d3100065744,True,DET0467,Detection Strategy for TLS Callback Injection via PE Memory Modification and Hollowing,x-mitre-detection-strategy--a14db1ea-e57e-4bc4-83bb-94a6e7da87b0,relationship--3a1a518f-f1e0-43c1-8dc2-d514e37b8ed8,
DC0035,Process Access,x-mitre-data-component--1887a270-576a-4049-84de-ef746b2572d6,T1055.011,Extra Window Memory Injection,attack-pattern--0042a9f5-f053-4769-b3ef-9ad018dfa298,True,DET0217,Detection Strategy for Extra Window Memory (EWM) Injection on Windows,x-mitre-detection-strategy--1a8d87f1-48ca-4929-a5cc-2b2a03983f12,relationship--606a9fa1-9738-4372-b2c7-d0bad6c84854,
DC0035,Process Access,x-mitre-data-component--1887a270-576a-4049-84de-ef746b2572d6,T1055.012,Process Hollowing,attack-pattern--b200542e-e877-4395-875b-cf1a44537ca4,True,DET0382,Detection Strategy for Process Hollowing on Windows,x-mitre-detection-strategy--8e003575-5a6f-458d-be35-a8606c9b7dea,relationship--d9f348c1-07b1-4230-ac20-cb91b2944020,
DC0035,Process Access,x-mitre-data-component--1887a270-576a-4049-84de-ef746b2572d6,T1055.013,Process Doppelgänging,attack-pattern--7007935a-a8a7-4c0b-bd98-4e85be8ed197,True,DET0544,Detection Strategy for Process Doppelgänging on Windows,x-mitre-detection-strategy--8373cca7-feb8-44e4-94d0-fc39ea3586d7,relationship--ce558b9d-c5ee-4ae3-97d7-4e3e559b1490,
DC0035,Process Access,x-mitre-data-component--1887a270-576a-4049-84de-ef746b2572d6,T1055.015,ListPlanting,attack-pattern--eb2cb5cb-ae87-4de0-8c35-da2a17aafb99,True,DET0331,Detection Strategy for ListPlanting Injection on Windows,x-mitre-detection-strategy--175b97d9-287e-4ab6-ae95-8652c224f02a,relationship--04b7d6f0-5fdd-40ae-a0b4-08af20e052d8,
DC0035,Process Access,x-mitre-data-component--1887a270-576a-4049-84de-ef746b2572d6,T1056,Input Capture,attack-pattern--bb5a00de-e086-4859-a231-fa793f6797e2,False,DET0102,Behavioral Detection of Input Capture Across Platforms,x-mitre-detection-strategy--c922d994-74bd-4847-a870-c0ae216318c9,relationship--66b2b5b7-2947-46b5-a4b5-b98eea8c793c,
DC0035,Process Access,x-mitre-data-component--1887a270-576a-4049-84de-ef746b2572d6,T1056.001,Keylogging,attack-pattern--09a60ea3-a8d1-4ae5-976e-5783248b72a4,True,DET0089,Behavioral Detection of Keylogging Activity Across Platforms,x-mitre-detection-strategy--fe0d7d82-1575-4685-9a4f-4bf83e0227a0,relationship--4ebf6dc6-2daf-42e3-8fc3-4f6d5ac4d63d,
DC0035,Process Access,x-mitre-data-component--1887a270-576a-4049-84de-ef746b2572d6,T1056.004,Credential API Hooking,attack-pattern--f5946b5e-9408-485f-a7f7-b5efc88909b6,True,DET0139,Detection of Credential Harvesting via API Hooking,x-mitre-detection-strategy--d918611a-9d07-4f8b-b70e-2fe1c2f75faf,relationship--3d9168f6-4a61-45d4-b1d3-1c3cef2cafdc,
DC0035,Process Access,x-mitre-data-component--1887a270-576a-4049-84de-ef746b2572d6,T1057,Process Discovery,attack-pattern--8f4a33ec-8b1f-4b80-a2f6-642b2e479580,False,DET0034,Detection of Adversarial Process Discovery Behavior,x-mitre-detection-strategy--309ca3cd-d3f0-4aea-8932-558550aa89f4,relationship--4da44310-3e7c-4d7c-934e-32d83935f5b0,
DC0035,Process Access,x-mitre-data-component--1887a270-576a-4049-84de-ef746b2572d6,T1059.010,AutoHotKey & AutoIT,attack-pattern--3a32740a-11b0-4bcf-b0a9-3abd0f6d3cd5,True,DET0332,Detection Strategy for AutoHotKey & AutoIT Abuse,x-mitre-detection-strategy--a948dd3c-a8f3-4bc0-aec3-4c5264e7a012,relationship--2fae0b68-3932-4227-a9d0-b3442b0da6f9,
DC0035,Process Access,x-mitre-data-component--1887a270-576a-4049-84de-ef746b2572d6,T1068,Exploitation for Privilege Escalation,attack-pattern--b21c3b2d-02e6-45b1-980b-e69051040839,False,DET0514,Detection Strategy for Exploitation for Privilege Escalation,x-mitre-detection-strategy--64fc24f5-0428-4956-a328-2e76e0af984e,relationship--d07fb93b-f652-4742-a99b-a4c99ff7b956,
DC0035,Process Access,x-mitre-data-component--1887a270-576a-4049-84de-ef746b2572d6,T1106,Native API,attack-pattern--391d824f-0ef1-47a0-b0ee-c59a75e27670,False,DET0529,Behavioral Detection of Native API Invocation via Unusual DLL Loads and Direct Syscalls,x-mitre-detection-strategy--36654ec6-5019-4e79-b299-1fbf3a03e064,relationship--dc9d1fc2-471b-49c3-b372-9703fd5125f4,
DC0035,Process Access,x-mitre-data-component--1887a270-576a-4049-84de-ef746b2572d6,T1110.002,Password Cracking,attack-pattern--1d24cdee-9ea2-4189-b08e-af110bf2435d,True,DET0105,Post-Credential Dump Password Cracking Detection via Suspicious File Access and Hash Analysis Tools,x-mitre-detection-strategy--ee07e9eb-8438-4c7c-8260-88a09fbe98de,relationship--4656281a-1d49-4b06-9470-dc81d50dc5fc,
DC0035,Process Access,x-mitre-data-component--1887a270-576a-4049-84de-ef746b2572d6,T1111,Multi-Factor Authentication Interception,attack-pattern--dd43c543-bb85-4a6f-aa6e-160d90d06a49,False,DET0246,Detection Strategy for MFA Interception via Input Capture and Smart Card Proxying,x-mitre-detection-strategy--6df13a5a-7d2b-4c9d-8c6e-d57ca850fe15,relationship--16857a1a-a782-4c5e-952d-bf00b8f0d782,
DC0035,Process Access,x-mitre-data-component--1887a270-576a-4049-84de-ef746b2572d6,T1115,Clipboard Data,attack-pattern--30973a08-aed9-4edf-8604-9084ce1b5c4f,False,DET0341,Clipboard Data Access with Anomalous Context,x-mitre-detection-strategy--461e3a2b-2315-4550-abb4-0bd73b0ceaa6,relationship--120b3e62-84c4-4bf4-884a-97393654e17b,
DC0035,Process Access,x-mitre-data-component--1887a270-576a-4049-84de-ef746b2572d6,T1120,Peripheral Device Discovery,attack-pattern--348f1eef-964b-4eb6-bb53-69b3dcb0c643,False,DET0491,Peripheral Device Enumeration via System Utilities and API Calls,x-mitre-detection-strategy--f273ee4a-e468-4a01-bb1a-f3a687518ded,relationship--c1e95758-4497-406e-a9a7-a5476bacc6f1,
DC0035,Process Access,x-mitre-data-component--1887a270-576a-4049-84de-ef746b2572d6,T1123,Audio Capture,attack-pattern--1035cdf2-3e5f-446f-a7a7-e8f6d7925967,False,DET0221,"Behavioral Detection Strategy for T1123 Audio Capture Across Windows, Linux, macOS",x-mitre-detection-strategy--c7471b0b-ac10-4eac-aae6-cfa821e707dd,relationship--a98091ed-435e-4359-913c-c1a86e4113af,
DC0035,Process Access,x-mitre-data-component--1887a270-576a-4049-84de-ef746b2572d6,T1124,System Time Discovery,attack-pattern--f3c544dc-673c-4ef3-accb-53229f1ae077,False,DET0151,"Behavior-chain, platform-aware detection strategy for T1124 System Time Discovery",x-mitre-detection-strategy--98ae5e06-7ea5-49b9-b793-7f97b1d306b2,relationship--a471c195-dbf1-4c84-a314-393189769d31,
DC0035,Process Access,x-mitre-data-component--1887a270-576a-4049-84de-ef746b2572d6,T1127.001,MSBuild,attack-pattern--c92e3d68-2349-49e4-a341-7edca2deff96,True,DET0556,Behavior-chain detection strategy for T1127.001 Trusted Developer Utilities Proxy Execution: MSBuild (Windows),x-mitre-detection-strategy--5fb0bb0d-cc9c-47aa-86f2-567b4ee642ff,relationship--9ce197cf-1ef3-4fa2-ac91-57ae0064c3a6,
DC0035,Process Access,x-mitre-data-component--1887a270-576a-4049-84de-ef746b2572d6,T1134,Access Token Manipulation,attack-pattern--dcaa092b-7de9-4a21-977f-7fcb77e89c48,False,DET0283,Behavior-chain detection for T1134 Access Token Manipulation on Windows,x-mitre-detection-strategy--774bbba8-45c2-403d-a445-3a64b3679faf,relationship--d4efc88e-7544-42f4-ae47-a73acc22885a,
DC0035,Process Access,x-mitre-data-component--1887a270-576a-4049-84de-ef746b2572d6,T1134.001,Token Impersonation/Theft,attack-pattern--86850eff-2729-40c3-b85e-c4af26da4a2d,True,DET0482,Behavior-chain detection for T1134.001 Access Token Manipulation: Token Impersonation/Theft on Windows,x-mitre-detection-strategy--0b06e42c-ab1c-4fb7-834b-10293e904173,relationship--0ec457d8-ffb0-459f-aac2-571e7b6111e7,
DC0035,Process Access,x-mitre-data-component--1887a270-576a-4049-84de-ef746b2572d6,T1134.002,Create Process with Token,attack-pattern--677569f9-a8b0-459e-ab24-7f18091fa7bf,True,DET0456,Behavior-chain detection for T1134.002 Create Process with Token (Windows),x-mitre-detection-strategy--78aa8d17-c96f-4ba9-b431-f91157f38553,relationship--76d197d3-8ed8-4e40-9245-a30a29229131,
DC0035,Process Access,x-mitre-data-component--1887a270-576a-4049-84de-ef746b2572d6,T1140,Deobfuscate/Decode Files or Information,attack-pattern--3ccef7ae-cb5e-48f6-8302-897105fbf55c,False,DET0275,Detect Adversary Deobfuscation or Decoding of Files and Payloads,x-mitre-detection-strategy--5b3bf2de-d91e-4272-97a8-5df6f4071e45,relationship--9c92cb61-d6a7-4dc3-9bf8-1ebcc1b2cc73,
DC0035,Process Access,x-mitre-data-component--1887a270-576a-4049-84de-ef746b2572d6,T1185,Browser Session Hijacking,attack-pattern--544b0346-29ad-41e1-a808-501bb4193f47,False,DET0507,"Detect browser session hijacking via privilege, handle access, and remote thread into browsers",x-mitre-detection-strategy--759a29fb-8697-46f7-baa3-a891b28c064e,relationship--88d75e64-5f13-4017-a635-9a52e3458bb2,
DC0035,Process Access,x-mitre-data-component--1887a270-576a-4049-84de-ef746b2572d6,T1195.003,Compromise Hardware Supply Chain,attack-pattern--39131305-9282-45e4-ac3b-591d2d4fc3ef,True,DET0368,Hardware Supply Chain Compromise Detection via Host Status & Boot Integrity Checks,x-mitre-detection-strategy--4dfcf95f-0bbb-4ae7-8bd5-91e3e6c51809,relationship--37fa991d-a766-4131-9843-441d5bbe763b,
DC0035,Process Access,x-mitre-data-component--1887a270-576a-4049-84de-ef746b2572d6,T1210,Exploitation of Remote Services,attack-pattern--9db0cf3a-a3c9-4012-8268-123b9db6fd82,False,DET0118,Exploitation of Remote Services – multi-platform lateral movement detection,x-mitre-detection-strategy--ee73dd97-cf1a-4220-a7cf-52d864811bb4,relationship--0730d238-c81d-415c-9db5-bff7368114d6,
DC0035,Process Access,x-mitre-data-component--1887a270-576a-4049-84de-ef746b2572d6,T1212,Exploitation for Credential Access,attack-pattern--9c306d8d-cde7-4b4c-b6e8-d0bb16caca36,False,DET0174,Detection Strategy for Exploitation for Credential Access,x-mitre-detection-strategy--13a856f3-66b2-4ab7-b73f-2a26e712e77f,relationship--dd04f99b-5d2b-4e1c-a4e5-3f48aaea895d,
DC0035,Process Access,x-mitre-data-component--1887a270-576a-4049-84de-ef746b2572d6,T1216,System Script Proxy Execution,attack-pattern--f6fe9070-7a65-49ea-ae72-76292f42cebe,False,DET0466,Detection of Script-Based Proxy Execution via Signed Microsoft Utilities,x-mitre-detection-strategy--8ac2b0d0-a589-4c72-9287-a7d9e47065a9,relationship--68bf73c0-0448-4931-852b-36bdb10afb64,
DC0035,Process Access,x-mitre-data-component--1887a270-576a-4049-84de-ef746b2572d6,T1216.002,SyncAppvPublishingServer,attack-pattern--e6f19759-dde3-47fc-99cc-d9f5fa4ade60,True,DET0440,Detecting PowerShell Execution via SyncAppvPublishingServer.vbs Proxy Abuse,x-mitre-detection-strategy--ba3578d1-5913-4ed1-ab83-473a39b63f7d,relationship--c71a06a1-1259-42de-b8d7-4599a228c7af,
DC0035,Process Access,x-mitre-data-component--1887a270-576a-4049-84de-ef746b2572d6,T1218.003,CMSTP,attack-pattern--4cbc6a62-9e34-4f94-8a19-5c1a11392a49,True,DET0328,Detection of Malicious Profile Installation via CMSTP.exe,x-mitre-detection-strategy--c254ecff-c728-4de8-a0f8-e5ad5015aa32,relationship--92a59f27-7dbc-4da9-b17e-816cb90fca1d,
DC0035,Process Access,x-mitre-data-component--1887a270-576a-4049-84de-ef746b2572d6,T1218.013,Mavinject,attack-pattern--1bae753e-8e52-4055-a66d-2ead90303ca9,True,DET0433,Detecting Code Injection via mavinject.exe (App-V Injector),x-mitre-detection-strategy--621ecbd0-a183-4dbd-913c-656436e62c1d,relationship--c313a043-5713-49d7-a13a-56af37ce46dd,
DC0035,Process Access,x-mitre-data-component--1887a270-576a-4049-84de-ef746b2572d6,T1480.001,Environmental Keying,attack-pattern--f244b8dd-af6c-4391-a497-fc03627ce995,True,DET0474,Environmental Keying Discovery-to-Decryption Behavioral Chain Detection Strategy,x-mitre-detection-strategy--a59f4a44-d581-4026-802d-5dc5c0c9f7d5,relationship--a7c4fd3b-02cd-496d-a633-a9cd23eb8115,
DC0035,Process Access,x-mitre-data-component--1887a270-576a-4049-84de-ef746b2572d6,T1482,Domain Trust Discovery,attack-pattern--767dbf9e-df3f-45cb-8998-4903ab5f80c0,False,DET0007,"Detection of Domain Trust Discovery via API, Script, and CLI Enumeration",x-mitre-detection-strategy--3414f3b8-17a2-438c-8bbc-a261a04da8bc,relationship--fee2c7b4-9246-4abb-af00-64175d16fc8d,
DC0035,Process Access,x-mitre-data-component--1887a270-576a-4049-84de-ef746b2572d6,T1497.001,System Checks,attack-pattern--29be378d-262d-4e99-b00d-852d573628e6,True,DET0168,"Virtualization/Sandbox Evasion via System Checks across Windows, Linux, macOS",x-mitre-detection-strategy--5b998fb4-fb3f-4207-ae00-cdf0e1a22b76,relationship--327decec-03ad-41da-a251-fcbd1f485c24,
DC0035,Process Access,x-mitre-data-component--1887a270-576a-4049-84de-ef746b2572d6,T1497.002,User Activity Based Checks,attack-pattern--91541e7e-b969-40c6-bbd8-1b5352ec2938,True,DET0420,Detect User Activity Based Sandbox Evasion via Input & Artifact Probing,x-mitre-detection-strategy--5463d676-c300-4ab8-9980-d3ed37ac4723,relationship--0e9828c1-9cf3-44a2-b079-41bb6fa79656,
DC0035,Process Access,x-mitre-data-component--1887a270-576a-4049-84de-ef746b2572d6,T1499.002,Service Exhaustion Flood,attack-pattern--38eb0c22-6caf-46ce-8869-5964bd735858,True,DET0173,Detection Strategy for Endpoint DoS via Service Exhaustion Flood,x-mitre-detection-strategy--1a45b10a-c410-4212-8018-7c00bb292dab,relationship--32595fc5-b57a-4052-8e1c-a2d01d6e3d14,
DC0035,Process Access,x-mitre-data-component--1887a270-576a-4049-84de-ef746b2572d6,T1539,Steal Web Session Cookie,attack-pattern--10ffac09-e42d-4f56-ab20-db94c67d76ff,False,DET0509,"Detection of Web Session Cookie Theft via File, Memory, and Network Artifacts",x-mitre-detection-strategy--26fdbcb2-abc1-4844-8e5d-2c6039336cb7,relationship--e664a59e-9529-43cd-bac0-0ff1ced6a41f,
DC0035,Process Access,x-mitre-data-component--1887a270-576a-4049-84de-ef746b2572d6,T1546.012,Image File Execution Options Injection,attack-pattern--6d4a7fb3-5a24-42be-ae61-6728a2b581f6,True,DET0422,Detection Strategy for IFEO Injection on Windows,x-mitre-detection-strategy--d65ea5cc-52c6-4ec6-98a8-eef0be23ee72,relationship--aaed46cd-1490-4050-a035-257ec2ab3bc5,
DC0035,Process Access,x-mitre-data-component--1887a270-576a-4049-84de-ef746b2572d6,T1547.012,Print Processors,attack-pattern--2de47683-f398-448f-b947-9abcc3e32fad,True,DET0026,Windows Detection Strategy for T1547.012 - Print Processor DLL Persistence,x-mitre-detection-strategy--b661f959-953f-4329-a43a-f1b060e7626b,relationship--1ac36840-525f-4361-86dc-3d6567a18b0a,
DC0035,Process Access,x-mitre-data-component--1887a270-576a-4049-84de-ef746b2572d6,T1548.002,Bypass User Account Control,attack-pattern--120d5519-3098-4e1c-9191-2aa61232f073,True,DET0388,Detection Strategy for T1548.002 – Bypass User Account Control (UAC),x-mitre-detection-strategy--d6619253-10cd-4b90-84b5-364c418d2484,relationship--f05583ec-3ed9-42f7-8779-05399318616e,
DC0035,Process Access,x-mitre-data-component--1887a270-576a-4049-84de-ef746b2572d6,T1550.003,Pass the Ticket,attack-pattern--7b211ac6-c815-4189-93a9-ab415deca926,True,DET0352,Detection Strategy for T1550.003 - Pass the Ticket (Windows),x-mitre-detection-strategy--5f53739d-3a41-4f7e-a83d-219a0c64e7a1,relationship--8c7004e4-8b41-436a-91e5-6b026eeaf062,
DC0035,Process Access,x-mitre-data-component--1887a270-576a-4049-84de-ef746b2572d6,T1555,Credentials from Password Stores,attack-pattern--3fc9b85a-2862-4363-a64d-d692e3ffbee0,False,DET0430,Detect Credentials Access from Password Stores,x-mitre-detection-strategy--1a273fde-f4fc-4ca0-94d4-7df285167b5e,relationship--d682a414-3dc3-4bf0-b6de-cdb3d91d375c,
DC0035,Process Access,x-mitre-data-component--1887a270-576a-4049-84de-ef746b2572d6,T1555.002,Securityd Memory,attack-pattern--1a80d097-54df-41d8-9d33-34e755ec5e72,True,DET0057,Detect Suspicious Access to securityd Memory for Credential Extraction,x-mitre-detection-strategy--f07cfa67-8a83-4a62-ae18-bee29bfc7569,relationship--c762f33f-8337-4d4a-b48c-6f1a4dc90bf6,
DC0035,Process Access,x-mitre-data-component--1887a270-576a-4049-84de-ef746b2572d6,T1555.003,Credentials from Web Browsers,attack-pattern--58a3e6aa-4453-4cc8-a51f-4befe80b31a8,True,DET0037,Detect Suspicious Access to Browser Credential Stores,x-mitre-detection-strategy--90123c20-ff3d-4034-9a5f-905444bb0311,relationship--3bd41627-e68e-455a-ae00-ee7a07b3d539,
DC0035,Process Access,x-mitre-data-component--1887a270-576a-4049-84de-ef746b2572d6,T1555.004,Windows Credential Manager,attack-pattern--d336b553-5da9-46ca-98a8-0b23f49fb447,True,DET0134,Detect Suspicious Access to Windows Credential Manager,x-mitre-detection-strategy--119f2b00-82ac-41fb-96ac-728bf56a8a29,relationship--cf8d5818-49bb-4b33-a2af-77f1fa5ff5cc,
DC0035,Process Access,x-mitre-data-component--1887a270-576a-4049-84de-ef746b2572d6,T1555.005,Password Managers,attack-pattern--315f51f0-6b03-4c1e-bfb2-84740afb8e21,True,DET0597,Detect Unauthorized Access to Password Managers,x-mitre-detection-strategy--a5600691-be46-424a-b8ef-a2c9159da49a,relationship--6a8c842f-73a3-4620-be9c-827895df25f0,
DC0035,Process Access,x-mitre-data-component--1887a270-576a-4049-84de-ef746b2572d6,T1556,Modify Authentication Process,attack-pattern--f4c1826f-a322-41cd-9557-562100848c84,False,DET0104,Detect Modification of Authentication Processes Across Platforms,x-mitre-detection-strategy--d51dd574-9171-4c46-89bc-0e3bb1178dfe,relationship--d071af46-206b-4ad4-994a-a4ffb350676e,
DC0035,Process Access,x-mitre-data-component--1887a270-576a-4049-84de-ef746b2572d6,T1556.001,Domain Controller Authentication,attack-pattern--d4b96d2c-1032-4b22-9235-2b5b649d0605,True,DET0271,Detect Domain Controller Authentication Process Modification (Skeleton Key),x-mitre-detection-strategy--3ac249d7-5e15-47b4-a507-18d94b11de4d,relationship--8dd635ff-46d9-4c4c-96f3-d1f94643ae30,
DC0035,Process Access,x-mitre-data-component--1887a270-576a-4049-84de-ef746b2572d6,T1556.008,Network Provider DLL,attack-pattern--90c4a591-d02d-490b-92aa-619d9701ac04,True,DET0580,Detect Network Provider DLL Registration and Credential Capture,x-mitre-detection-strategy--552a7d85-4ac4-48cd-9072-61a4c6b2c682,relationship--f80b62c3-bab4-4c50-b725-1e49c90961bf,
DC0035,Process Access,x-mitre-data-component--1887a270-576a-4049-84de-ef746b2572d6,T1558,Steal or Forge Kerberos Tickets,attack-pattern--3fc01293-ef5e-41c6-86ce-61f10706b64a,False,DET0522,Detect Kerberos Ticket Theft or Forgery (T1558),x-mitre-detection-strategy--3638f523-dc38-4ff0-8682-d2027af5bd77,relationship--d1276173-76de-43a0-be72-ef59ce90c44c,
DC0035,Process Access,x-mitre-data-component--1887a270-576a-4049-84de-ef746b2572d6,T1558.001,Golden Ticket,attack-pattern--768dce68-8d0d-477a-b01d-0eea98b963a1,True,DET0144,Detect Forged Kerberos Golden Tickets (T1558.001),x-mitre-detection-strategy--cbf5f016-0801-4861-93d8-d372645778d5,relationship--a24a8787-5a71-4287-aaa8-17e0d8782baa,
DC0035,Process Access,x-mitre-data-component--1887a270-576a-4049-84de-ef746b2572d6,T1558.002,Silver Ticket,attack-pattern--d273434a-448e-4598-8e14-607f4a0d5e27,True,DET0241,Detect Forged Kerberos Silver Tickets (T1558.002),x-mitre-detection-strategy--77e72172-b088-4a98-bddd-ca04cbfc32ee,relationship--7d376833-15ae-4f33-9a3a-2873da760237,
DC0035,Process Access,x-mitre-data-component--1887a270-576a-4049-84de-ef746b2572d6,T1558.003,Kerberoasting,attack-pattern--f2877f7f-9a4c-4251-879f-1224e3006bee,True,DET0157,Detect Kerberoasting Attempts (T1558.003),x-mitre-detection-strategy--f1fe6286-1f54-4dfc-b96a-31b10711e4b1,relationship--93939eb7-93f1-4a3c-9a27-45a4848c37ab,
DC0035,Process Access,x-mitre-data-component--1887a270-576a-4049-84de-ef746b2572d6,T1559,Inter-Process Communication,attack-pattern--acd0ba37-7ba9-4cc5-ac61-796586cd856d,False,DET0493,Detect Abuse of Inter-Process Communication (T1559),x-mitre-detection-strategy--b38e114c-f00f-4c70-9623-267da801625a,relationship--1b2aecdf-2085-4488-9519-dabeb9402622,
DC0035,Process Access,x-mitre-data-component--1887a270-576a-4049-84de-ef746b2572d6,T1559.003,XPC Services,attack-pattern--8252f135-ed26-4ce1-ae61-f26e94429a19,True,DET0335,Detect Abuse of XPC Services (T1559.003),x-mitre-detection-strategy--a92f4b5f-9d0d-461f-8581-a50975f5e07a,relationship--7cc39b6e-1b98-41d6-b57f-12f6b66f93a0,
DC0035,Process Access,x-mitre-data-component--1887a270-576a-4049-84de-ef746b2572d6,T1560.003,Archive via Custom Method,attack-pattern--143c0cbb-a297-4142-9624-87ffc778980b,True,DET0438,Detect Archiving via Custom Method (T1560.003),x-mitre-detection-strategy--edf894b7-052a-4baf-8984-f01ec773c80c,relationship--faac8263-f700-42c5-a7a7-302c7ea07848,
DC0035,Process Access,x-mitre-data-component--1887a270-576a-4049-84de-ef746b2572d6,T1564.010,Process Argument Spoofing,attack-pattern--ffe59ad3-ad9b-4b9f-b74f-5beb3c309dc1,True,DET0045,Detection Strategy for Process Argument Spoofing on Windows,x-mitre-detection-strategy--276ac500-e134-4852-96cd-8aa899ad0c7c,relationship--f62b8be5-93f7-4b69-a581-e0a991db0f87,
DC0035,Process Access,x-mitre-data-component--1887a270-576a-4049-84de-ef746b2572d6,T1574.013,KernelCallbackTable,attack-pattern--a4657bc9-d22f-47d2-a7b7-dd6ec33f3dde,True,DET0577,Detection Strategy for Hijack Execution Flow through the KernelCallbackTable on Windows.,x-mitre-detection-strategy--7ee8426e-2b65-44ed-b6d4-3800b92adf2e,relationship--328731d0-4303-4abe-86de-e5d93d6d8623,
DC0035,Process Access,x-mitre-data-component--1887a270-576a-4049-84de-ef746b2572d6,T1606,Forge Web Credentials,attack-pattern--94cb00a4-b295-4d06-aa2b-5653b9c1be9c,False,DET0260,Detection Strategy for Forged Web Credentials,x-mitre-detection-strategy--44f32d03-50ce-480f-b531-481bcc6dc0a8,relationship--8f9b23a3-d06f-4be8-9073-86cbc90b2164,
DC0035,Process Access,x-mitre-data-component--1887a270-576a-4049-84de-ef746b2572d6,T1620,Reflective Code Loading,attack-pattern--4933e63b-9b77-476e-ab29-761bc5b7d15a,False,DET0300,Detection Strategy for Reflective Code Loading,x-mitre-detection-strategy--dc415caf-2f8f-4208-8aa8-7db10729cbfb,relationship--f31bc342-0f87-404e-b0b0-bfd810fac18c,
DC0036,Image Modification,x-mitre-data-component--071a09b1-8945-46fd-8bb7-6bcc89400963,T1525,Implant Internal Image,attack-pattern--4fd8a28b-4b3a-4cd6-a8cf-85ba5f824a7f,False,DET0334,Detection Strategy for T1525 – Implant Internal Image,x-mitre-detection-strategy--c08df366-fa5a-4f34-a27e-b28e756f09f0,relationship--0ad4226b-1afa-4efe-b060-c6eaebd7009e,
DC0037,Pod Enumeration,x-mitre-data-component--07688e40-a7fa-4436-937f-1216674341a0,T1613,Container and Resource Discovery,attack-pattern--0470e792-32f8-46b0-a351-652bc35e9336,False,DET0490,Detection Strategy for Container and Resource Discovery,x-mitre-detection-strategy--2f4449cb-0eec-4871-bff3-f846f12bec15,relationship--56921b29-02bf-40c4-be2c-9ecd4d2a3ae8,
DC0038,Application Log Content,x-mitre-data-component--9c2fa0ae-7abc-485a-97f6-699e3b6cf9fa,T1027.005,Indicator Removal from Tools,attack-pattern--b0533c6e-8fea-4788-874f-b799cacc4b92,True,DET0189,Detection Strategy for Indicator Removal from Tools - Post-AV Evasion Modification,x-mitre-detection-strategy--6ab338c4-9ed3-4f63-9462-b13cea5a68b0,relationship--1afa36ca-4af6-4032-93be-aae1dd20d923,
DC0038,Application Log Content,x-mitre-data-component--9c2fa0ae-7abc-485a-97f6-699e3b6cf9fa,T1070,Indicator Removal,attack-pattern--799ace7f-e227-4411-baa0-8868704f2a69,False,DET0184,Behavioral Detection of Indicator Removal Across Platforms,x-mitre-detection-strategy--7225a3bd-f235-4c13-a236-3c6b9a3d445c,relationship--9b0ed970-db3e-4239-92dc-51c509d6a9c6,
DC0038,Application Log Content,x-mitre-data-component--9c2fa0ae-7abc-485a-97f6-699e3b6cf9fa,T1070.001,Clear Windows Event Logs,attack-pattern--6495ae23-3ab4-43c5-a94f-5638a2c31fd2,True,DET0532,Detection of Event Log Clearing on Windows via Behavioral Chain,x-mitre-detection-strategy--d340864e-5685-48d5-8a78-3c55a7169207,relationship--89cbb3d5-1229-4d6b-a2f3-9e8918c8eb40,
DC0038,Application Log Content,x-mitre-data-component--9c2fa0ae-7abc-485a-97f6-699e3b6cf9fa,T1070.008,Clear Mailbox Data,attack-pattern--438c967d-3996-4870-bfc2-3954752a1927,True,DET0266,Behavioral Detection of Mailbox Data and Log Deletion for Anti-Forensics,x-mitre-detection-strategy--08633541-0006-480a-a2d9-e1c81952cc71,relationship--36707c40-9a27-4d62-8bcb-2ad419b3fa2d,
DC0038,Application Log Content,x-mitre-data-component--9c2fa0ae-7abc-485a-97f6-699e3b6cf9fa,T1072,Software Deployment Tools,attack-pattern--92a78814-b191-47ca-909c-1ccfe3777414,False,DET0223,Detection of Adversary Abuse of Software Deployment Tools,x-mitre-detection-strategy--ea1f5423-64b9-44eb-824f-251aa0faccd2,relationship--9704367c-1ca3-4b41-b7b7-b3041f6fabbd,
DC0038,Application Log Content,x-mitre-data-component--9c2fa0ae-7abc-485a-97f6-699e3b6cf9fa,T1087.003,Email Account,attack-pattern--4bc31b94-045b-4752-8920-aebaebdb6470,True,DET0229,Enumeration of Global Address Lists via Email Account Discovery,x-mitre-detection-strategy--e2f961bd-ddc5-4940-bc62-e2b0bd3405f8,relationship--5b441a2e-73b1-4397-9f56-66f642dd26e7,
DC0038,Application Log Content,x-mitre-data-component--9c2fa0ae-7abc-485a-97f6-699e3b6cf9fa,T1087.004,Cloud Account,attack-pattern--8f104855-e5b7-4077-b1f5-bc3103b41abe,True,DET0386,"Cloud Account Enumeration via API, CLI, and Scripting Interfaces",x-mitre-detection-strategy--880c0a88-bbd5-4d71-b8bd-72fbab7d58b2,relationship--4804e967-8bec-4016-ac4c-fc697216d445,
DC0038,Application Log Content,x-mitre-data-component--9c2fa0ae-7abc-485a-97f6-699e3b6cf9fa,T1098.002,Additional Email Delegate Permissions,attack-pattern--e74de37c-a829-446c-937d-56a44f0e9306,True,DET0373,Detection Strategy for Addition of Email Delegate Permissions,x-mitre-detection-strategy--679edb0f-4fa0-4929-9ffd-881d9f82263d,relationship--9520178c-83f2-495e-84ef-d1f6205d34b0,
DC0038,Application Log Content,x-mitre-data-component--9c2fa0ae-7abc-485a-97f6-699e3b6cf9fa,T1098.005,Device Registration,attack-pattern--7decb26c-715c-40cf-b7e0-026f7d7cc215,True,DET0036,Suspicious Device Registration via Entra ID or MFA Platform,x-mitre-detection-strategy--bbeacdc8-c14c-44f1-9ace-fc8282a05c67,relationship--83c459ce-fb4e-4422-818c-f3900ee39297,
DC0038,Application Log Content,x-mitre-data-component--9c2fa0ae-7abc-485a-97f6-699e3b6cf9fa,T1114,Email Collection,attack-pattern--1608f3e1-598a-42f4-a01a-2e252e81728f,False,DET0476,Email Collection via Local Email Access and Auto-Forwarding Behavior,x-mitre-detection-strategy--2470975e-6748-42a5-9a48-74dc7b687fe9,relationship--48fe7200-61ea-4d8a-89a9-ddcedf2f3313,
DC0038,Application Log Content,x-mitre-data-component--9c2fa0ae-7abc-485a-97f6-699e3b6cf9fa,T1114.002,Remote Email Collection,attack-pattern--b4694861-542c-48ea-9eb1-10d356e7140a,True,DET0048,Detect Remote Email Collection via Abnormal Login and Programmatic Access,x-mitre-detection-strategy--00a515dc-e3be-4349-9c61-65a5c0ce815d,relationship--d55da9ba-38a8-4ded-8896-24f705463e67,
DC0038,Application Log Content,x-mitre-data-component--9c2fa0ae-7abc-485a-97f6-699e3b6cf9fa,T1114.003,Email Forwarding Rule,attack-pattern--7d77a07d-02fe-4e88-8bd9-e9c008c01bf0,True,DET0576,Email Forwarding Rule Abuse Detection Across Platforms,x-mitre-detection-strategy--f66a9e86-49fb-4de6-963d-0e357a77f679,relationship--097ad539-3af8-45a7-9804-7f8925c693a3,
DC0038,Application Log Content,x-mitre-data-component--9c2fa0ae-7abc-485a-97f6-699e3b6cf9fa,T1132.001,Standard Encoding,attack-pattern--04fd5427-79c7-44ea-ae13-11b24778ff1c,True,DET0124,"Behavior-chain detection for T1132.001 Data Encoding: Standard Encoding (Base64/Hex/MIME) across Windows, Linux, macOS, ESXi",x-mitre-detection-strategy--1f6a450a-fd29-4e5c-9708-1ae4616c28c3,relationship--0509ff0b-2095-466f-a6a4-72640f9a77fb,
DC0038,Application Log Content,x-mitre-data-component--9c2fa0ae-7abc-485a-97f6-699e3b6cf9fa,T1132.002,Non-Standard Encoding,attack-pattern--d467bc38-284b-4a00-96ac-125f447799fc,True,DET0326,"Behavior-chain detection for T1132.002 Data Encoding: Non-Standard Encoding across Windows, Linux, macOS, ESXi",x-mitre-detection-strategy--8bcafe59-0a4b-4314-988b-085bf5cdf7a9,relationship--488d1ba3-25ca-4a0c-b0b6-1d8053ce5cd3,
DC0038,Application Log Content,x-mitre-data-component--9c2fa0ae-7abc-485a-97f6-699e3b6cf9fa,T1133,External Remote Services,attack-pattern--10d51417-ee35-4589-b1ff-b6df1c334e8d,False,DET0354,"Behavior-chain detection for T1133 External Remote Services across Windows, Linux, macOS, Containers",x-mitre-detection-strategy--e9833c3c-b5ec-421b-bab4-91f74c2b6bd1,relationship--0b58aa79-627a-4d83-84ab-fb924e5f77e1,
DC0038,Application Log Content,x-mitre-data-component--9c2fa0ae-7abc-485a-97f6-699e3b6cf9fa,T1137,Office Application Startup,attack-pattern--2c4d4e92-0ccf-4a97-b54c-86d662988a53,False,DET0398,"Detect Office Startup-Based Persistence via Macros, Forms, and Registry Hooks",x-mitre-detection-strategy--71a8576b-c9ef-4485-b461-d706fd757a67,relationship--0feff064-74a2-4323-bce0-7b67d0002b39,
DC0038,Application Log Content,x-mitre-data-component--9c2fa0ae-7abc-485a-97f6-699e3b6cf9fa,T1137.003,Outlook Forms,attack-pattern--a9e2cea0-c805-4bf8-9e31-f5f0513a3634,True,DET0029,Detect Persistence via Outlook Custom Forms Triggered by Malicious Email,x-mitre-detection-strategy--75281b94-735d-4051-b400-a42205783af9,relationship--d6c34c5f-2c37-4bb3-8efa-b9797a1eef2b,
DC0038,Application Log Content,x-mitre-data-component--9c2fa0ae-7abc-485a-97f6-699e3b6cf9fa,T1137.004,Outlook Home Page,attack-pattern--bf147104-abf9-4221-95d1-e81585859441,True,DET0177,Detect Persistence via Outlook Home Page Exploitation,x-mitre-detection-strategy--e55f4e4b-80c0-4a2b-8202-659d29bbba33,relationship--48d0a0ac-28e4-43b6-824f-a7626cfc1798,
DC0038,Application Log Content,x-mitre-data-component--9c2fa0ae-7abc-485a-97f6-699e3b6cf9fa,T1137.005,Outlook Rules,attack-pattern--3d1b9d7e-3921-4d25-845a-7d9f15c0da44,True,DET0095,Detect Persistence via Malicious Outlook Rules,x-mitre-detection-strategy--83a814c2-73ac-4942-84ad-704a272cd864,relationship--4e14e9ea-2620-4efe-8c8a-594fe8a8dfdc,
DC0038,Application Log Content,x-mitre-data-component--9c2fa0ae-7abc-485a-97f6-699e3b6cf9fa,T1137.006,Add-ins,attack-pattern--34f1d81d-fe88-4f97-bd3b-a3164536255d,True,DET0050,Detect Persistence via Malicious Office Add-ins,x-mitre-detection-strategy--53144b02-d6b1-42de-b5cf-e785a59c43bd,relationship--ce52ceb4-fced-4ec9-8e0a-8c1a1f871a64,
DC0038,Application Log Content,x-mitre-data-component--9c2fa0ae-7abc-485a-97f6-699e3b6cf9fa,T1189,Drive-by Compromise,attack-pattern--d742a578-d70e-4d0e-96a6-02a9c30204e6,False,DET0176,"Drive-by Compromise — Behavior-based, Multi-platform Detection Strategy (T1189)",x-mitre-detection-strategy--a070f9d2-3480-4362-99b3-8b36f5be0189,relationship--65f2dd08-9e93-4599-ad36-0a8d6ef742e3,
DC0038,Application Log Content,x-mitre-data-component--9c2fa0ae-7abc-485a-97f6-699e3b6cf9fa,T1190,Exploit Public-Facing Application,attack-pattern--3f886f2a-874f-4333-b794-aa6075009b1c,False,DET0080,Exploit Public-Facing Application – multi-signal correlation (request → error → post-exploit process/egress),x-mitre-detection-strategy--dd8477c8-2aad-4db3-b810-fe0d2f605fa8,relationship--69e8d620-b9a1-4bfd-9bf0-62d2915f08ad,
DC0038,Application Log Content,x-mitre-data-component--9c2fa0ae-7abc-485a-97f6-699e3b6cf9fa,T1199,Trusted Relationship,attack-pattern--9fa07bef-9c81-421e-a8e5-ad4366c5a925,False,DET0488,Detect abuse of Trusted Relationships (third-party and delegated admin access),x-mitre-detection-strategy--2f7a5ebd-e025-4822-aed2-46fc3ec1a0a9,relationship--8dcb3689-54f5-4416-9b75-6c380d24bdca,
DC0038,Application Log Content,x-mitre-data-component--9c2fa0ae-7abc-485a-97f6-699e3b6cf9fa,T1200,Hardware Additions,attack-pattern--d40239b3-05ff-46d8-9bdd-b46d13463ef9,False,DET0069,Detect unauthorized or suspicious Hardware Additions (USB/Thunderbolt/Network),x-mitre-detection-strategy--e8d186eb-5450-4dc9-8458-89bbaed45643,relationship--a9a213e9-8227-4154-83af-2ab640f63efa,
DC0038,Application Log Content,x-mitre-data-component--9c2fa0ae-7abc-485a-97f6-699e3b6cf9fa,T1203,Exploitation for Client Execution,attack-pattern--be2dcee9-a7a7-4e38-afd6-21b31ecc3d63,False,DET0287,Exploitation for Client Execution – cross-platform behavior chain (browser/Office/3rd-party apps),x-mitre-detection-strategy--1894c2d7-ce4f-4cfd-8644-decb1e14f0c5,relationship--f094c21c-9872-4e82-88c1-c759979c4f10,
DC0038,Application Log Content,x-mitre-data-component--9c2fa0ae-7abc-485a-97f6-699e3b6cf9fa,T1204,User Execution,attack-pattern--8c32eb4d-805f-4fc5-bf60-c4d476c131b5,False,DET0478,User Execution – multi-surface behavior chain (documents/links → helper/unpacker → LOLBIN/child → egress),x-mitre-detection-strategy--70c9f174-2e96-4086-b59c-d2358e434f8e,relationship--7a3c280c-1116-4197-812a-e233eb1d5a17,
DC0038,Application Log Content,x-mitre-data-component--9c2fa0ae-7abc-485a-97f6-699e3b6cf9fa,T1210,Exploitation of Remote Services,attack-pattern--9db0cf3a-a3c9-4012-8268-123b9db6fd82,False,DET0118,Exploitation of Remote Services – multi-platform lateral movement detection,x-mitre-detection-strategy--ee73dd97-cf1a-4220-a7cf-52d864811bb4,relationship--0730d238-c81d-415c-9db5-bff7368114d6,
DC0038,Application Log Content,x-mitre-data-component--9c2fa0ae-7abc-485a-97f6-699e3b6cf9fa,T1211,Exploitation for Defense Evasion,attack-pattern--fe926152-f431-4baf-956c-4ad3cb0bf23b,False,DET0595,Detection Strategy for Exploitation for Defense Evasion,x-mitre-detection-strategy--da1e3af8-d79b-44ff-a907-ae107c110671,relationship--ef12e912-df4b-4359-b38a-24071b74414a,
DC0038,Application Log Content,x-mitre-data-component--9c2fa0ae-7abc-485a-97f6-699e3b6cf9fa,T1212,Exploitation for Credential Access,attack-pattern--9c306d8d-cde7-4b4c-b6e8-d0bb16caca36,False,DET0174,Detection Strategy for Exploitation for Credential Access,x-mitre-detection-strategy--13a856f3-66b2-4ab7-b73f-2a26e712e77f,relationship--dd04f99b-5d2b-4e1c-a4e5-3f48aaea895d,
DC0038,Application Log Content,x-mitre-data-component--9c2fa0ae-7abc-485a-97f6-699e3b6cf9fa,T1213,Data from Information Repositories,attack-pattern--d28ef391-8ed4-45dc-bc4a-2f43abf54416,False,DET0413,Abuse of Information Repositories for Data Collection,x-mitre-detection-strategy--48e8d8b1-0117-48bd-a32d-f4e43b665bf3,relationship--9f605e91-c94f-48b0-ab9f-1d692649eca5,
DC0038,Application Log Content,x-mitre-data-component--9c2fa0ae-7abc-485a-97f6-699e3b6cf9fa,T1213.001,Confluence,attack-pattern--7ad38ef1-381a-406d-872a-38b136eb5ecc,True,DET0358,Programmatic and Excessive Access to Confluence Documentation,x-mitre-detection-strategy--3d515fbc-0ebf-4a99-b191-b6ee604acb1f,relationship--25ac1d25-9672-4243-9270-a04e7b0a5558,
DC0038,Application Log Content,x-mitre-data-component--9c2fa0ae-7abc-485a-97f6-699e3b6cf9fa,T1213.002,Sharepoint,attack-pattern--0c4b4fda-9062-47da-98b9-ceae2dcf052a,True,DET0500,Detecting Abnormal SharePoint Data Mining by Privileged or Rare Users,x-mitre-detection-strategy--960d6663-6a7f-4f95-affe-a28d71afc7d9,relationship--3dbd21a3-71d4-41e3-b999-a9dbbe8dfc91,
DC0038,Application Log Content,x-mitre-data-component--9c2fa0ae-7abc-485a-97f6-699e3b6cf9fa,T1213.003,Code Repositories,attack-pattern--cff94884-3b1c-4987-a70b-6d5643c621c3,True,DET0263,Detecting Bulk or Anomalous Access to Private Code Repositories via SaaS Platforms,x-mitre-detection-strategy--574968c5-ca49-4005-958f-c3ea5a78cfbc,relationship--8b6e293f-6992-4fca-bb50-ddb4ae7c406c,
DC0038,Application Log Content,x-mitre-data-component--9c2fa0ae-7abc-485a-97f6-699e3b6cf9fa,T1213.004,Customer Relationship Management Software,attack-pattern--bbfbb096-6561-4d7d-aa2c-a5ee8e44c696,True,DET0550,Detecting Suspicious Access to CRM Data in SaaS Environments,x-mitre-detection-strategy--34fb7d2b-f5be-45a2-9cdc-811ae843e379,relationship--b5df0d2d-e827-43ef-b683-3b8aa71bf331,
DC0038,Application Log Content,x-mitre-data-component--9c2fa0ae-7abc-485a-97f6-699e3b6cf9fa,T1213.005,Messaging Applications,attack-pattern--fb75213f-cfb0-40bf-a02f-3bad93d6601e,True,DET0567,Detecting Unauthorized Collection from Messaging Applications in SaaS and Office Environments,x-mitre-detection-strategy--c69d915c-0cbf-479e-b0b5-bebd7eb7e728,relationship--9ea8e5a8-93ad-48c6-b896-6b32025299a4,
DC0038,Application Log Content,x-mitre-data-component--9c2fa0ae-7abc-485a-97f6-699e3b6cf9fa,T1213.006,Databases,attack-pattern--248d3fe1-7fe1-4d71-91c7-8bb7ef35cad3,True,DET0242,Suspicious Database Access and Dump Activity Across Environments (T1213.006),x-mitre-detection-strategy--18fe3660-c079-4522-b1d7-7ce7f65f9686,relationship--0425a702-10d7-4033-9af3-7c2b76f4576b,
DC0038,Application Log Content,x-mitre-data-component--9c2fa0ae-7abc-485a-97f6-699e3b6cf9fa,T1484,Domain or Tenant Policy Modification,attack-pattern--ebb42bbe-62d7-47d7-a55f-3b08b61d792d,False,DET0270,Detection of Domain or Tenant Policy Modifications via AD and Identity Provider,x-mitre-detection-strategy--3eb428c7-5192-4ae2-a5a3-022ca9695ec8,relationship--e92bcd91-5617-4283-ba1e-bc100d897064,
DC0038,Application Log Content,x-mitre-data-component--9c2fa0ae-7abc-485a-97f6-699e3b6cf9fa,T1484.002,Trust Modification,attack-pattern--24769ab5-14bd-4f4e-a752-cfb185da53ee,True,DET0458,Detection of Trust Relationship Modifications in Domain or Tenant Policies,x-mitre-detection-strategy--9e93c9d8-3e37-45ae-88d5-12914d98ba5a,relationship--9bf2d865-47fe-447d-b49f-1cfbcb92feca,
DC0038,Application Log Content,x-mitre-data-component--9c2fa0ae-7abc-485a-97f6-699e3b6cf9fa,T1491,Defacement,attack-pattern--5909f20f-3c39-4795-be06-ef1ea40d350b,False,DET0238,Defacement via File and Web Content Modification Across Platforms,x-mitre-detection-strategy--2d5f2445-a395-4012-b378-c953f2df7353,relationship--84ae8dca-13f2-420f-b473-0d28480e2002,
DC0038,Application Log Content,x-mitre-data-component--9c2fa0ae-7abc-485a-97f6-699e3b6cf9fa,T1496,Resource Hijacking,attack-pattern--cd25c1b4-935c-4f0e-ba8d-552f28bc4783,False,DET0267,Resource Hijacking Detection Strategy,x-mitre-detection-strategy--440ddaf2-4e80-4699-90d7-0bdccdfeece6,relationship--c267dfc4-92f8-41f5-a101-177153e674c3,
DC0038,Application Log Content,x-mitre-data-component--9c2fa0ae-7abc-485a-97f6-699e3b6cf9fa,T1496.003,SMS Pumping,attack-pattern--130d4494-b2d6-4040-bcea-6e59f05222fe,True,DET0156,Detection Strategy for Resource Hijacking: SMS Pumping via SaaS Application Logs,x-mitre-detection-strategy--9c36b7a8-22bb-4420-a8ac-8e46ddef5674,relationship--3c88d345-0f5d-4b12-98d6-3fdb32f9aae7,
DC0038,Application Log Content,x-mitre-data-component--9c2fa0ae-7abc-485a-97f6-699e3b6cf9fa,T1496.004,Cloud Service Hijacking,attack-pattern--924d273c-be0d-4d8d-af58-2dddb15ef1e2,True,DET0147,Detection Strategy for Cloud Service Hijacking via SaaS Abuse,x-mitre-detection-strategy--e769419e-39f6-478d-97b8-cf0672fa635b,relationship--c353975a-cce4-4166-b632-f74f7e57c956,
DC0038,Application Log Content,x-mitre-data-component--9c2fa0ae-7abc-485a-97f6-699e3b6cf9fa,T1499,Endpoint Denial of Service,attack-pattern--c675646d-e204-4aa8-978d-e3d6d65885c4,False,DET0208,Endpoint Resource Saturation and Crash Pattern Detection Across Platforms,x-mitre-detection-strategy--253b632e-c4cb-4207-9b6a-58a35a07d2ea,relationship--cbf233dc-3732-45d3-b89a-b7df7dc1d2ff,
DC0038,Application Log Content,x-mitre-data-component--9c2fa0ae-7abc-485a-97f6-699e3b6cf9fa,T1499.002,Service Exhaustion Flood,attack-pattern--38eb0c22-6caf-46ce-8869-5964bd735858,True,DET0173,Detection Strategy for Endpoint DoS via Service Exhaustion Flood,x-mitre-detection-strategy--1a45b10a-c410-4212-8018-7c00bb292dab,relationship--32595fc5-b57a-4052-8e1c-a2d01d6e3d14,
DC0038,Application Log Content,x-mitre-data-component--9c2fa0ae-7abc-485a-97f6-699e3b6cf9fa,T1499.003,Application Exhaustion Flood,attack-pattern--18cffc21-3260-437e-80e4-4ab8bf2ba5e9,True,DET0415,Application Exhaustion Flood Detection Across Platforms,x-mitre-detection-strategy--430abda8-2a2c-4ab8-bbd6-eb205a189362,relationship--c0da39f7-4127-4627-b098-822e3a1a61a9,
DC0038,Application Log Content,x-mitre-data-component--9c2fa0ae-7abc-485a-97f6-699e3b6cf9fa,T1499.004,Application or System Exploitation,attack-pattern--2bee5ffb-7a7a-4119-b1f2-158151b19ac0,True,DET0304,Detection Strategy for Endpoint DoS via Application or System Exploitation,x-mitre-detection-strategy--28d6ebc3-3b01-45e1-b48e-6491364d23e9,relationship--9ce6810d-6c9e-4bcf-acd9-f93996267414,
DC0038,Application Log Content,x-mitre-data-component--9c2fa0ae-7abc-485a-97f6-699e3b6cf9fa,T1505,Server Software Component,attack-pattern--d456de47-a16f-4e46-8980-e67478a12dcb,False,DET0547,Detection Strategy for T1505 - Server Software Component,x-mitre-detection-strategy--27b606f9-dde4-456c-8d90-51289313994f,relationship--18790331-6ac1-4274-b7ef-129b7c4b1c7c,
DC0038,Application Log Content,x-mitre-data-component--9c2fa0ae-7abc-485a-97f6-699e3b6cf9fa,T1505.002,Transport Agent,attack-pattern--35187df2-31ed-43b6-a1f5-2f1d3d58d3f1,True,DET0166,Detection Strategy for T1505.002 - Transport Agent Abuse (Windows/Linux),x-mitre-detection-strategy--90ee8005-5476-422f-abe0-6c231f004cd6,relationship--91401670-9f34-4ba3-8e54-690c2d700021,
DC0038,Application Log Content,x-mitre-data-component--9c2fa0ae-7abc-485a-97f6-699e3b6cf9fa,T1505.004,IIS Components,attack-pattern--b46a801b-fd98-491c-a25a-bca25d6e3001,True,DET0068,Detection Strategy for T1505.004 - Malicious IIS Components,x-mitre-detection-strategy--32af4177-8c33-43d8-8e2c-9e11ac6dd451,relationship--53537327-ef81-4b1d-ae90-710954832d4b,
DC0038,Application Log Content,x-mitre-data-component--9c2fa0ae-7abc-485a-97f6-699e3b6cf9fa,T1505.006,vSphere Installation Bundles,attack-pattern--f8ba7d61-11c5-4130-bafd-7c3ff5fbf4b5,True,DET0535,Detect Abuse of vSphere Installation Bundles (VIBs) for Persistent Access,x-mitre-detection-strategy--000d7b6f-0bb5-4144-a3eb-1aa822433da1,relationship--01afe57f-87a3-4745-886d-58c3c347a1db,
DC0038,Application Log Content,x-mitre-data-component--9c2fa0ae-7abc-485a-97f6-699e3b6cf9fa,T1518,Software Discovery,attack-pattern--e3b6daca-e963-4a69-aee6-ed4fd653ad58,False,DET0392,Multi-Platform Software Discovery Behavior Chain,x-mitre-detection-strategy--f18dee58-43be-41e4-85a3-c6820033ac0d,relationship--c4196ba6-3955-4c94-8224-a8d12708e248,
DC0038,Application Log Content,x-mitre-data-component--9c2fa0ae-7abc-485a-97f6-699e3b6cf9fa,T1528,Steal Application Access Token,attack-pattern--890c9858-598c-401d-a4d5-c67ebcdd703a,False,DET0515,Detection Strategy for T1528 - Steal Application Access Token,x-mitre-detection-strategy--58bdb4c6-510b-4ffc-9703-852614116ac8,relationship--ba18f273-c399-46e3-be3e-205d1140f8d6,
DC0038,Application Log Content,x-mitre-data-component--9c2fa0ae-7abc-485a-97f6-699e3b6cf9fa,T1534,Internal Spearphishing,attack-pattern--9e7452df-5144-4b6e-b04a-b66dd4016747,False,DET0054,Internal Spearphishing via Trusted Accounts,x-mitre-detection-strategy--acc27d20-8aad-42ce-b928-6cda3c22e51b,relationship--6e565457-f873-40b8-aa6a-b1b59f31a47a,
DC0038,Application Log Content,x-mitre-data-component--9c2fa0ae-7abc-485a-97f6-699e3b6cf9fa,T1537,Transfer Data to Cloud Account,attack-pattern--d4bdbdea-eaec-4071-b4f9-5105e12ea4b6,False,DET0573,Cross-Platform Detection of Data Transfer to Cloud Account,x-mitre-detection-strategy--22a31282-d190-449b-a102-2d562f906b7d,relationship--95e5c02b-7101-4399-8d56-b5758c3081a6,
DC0038,Application Log Content,x-mitre-data-component--9c2fa0ae-7abc-485a-97f6-699e3b6cf9fa,T1538,Cloud Service Dashboard,attack-pattern--e49920b0-6c54-40c1-9571-73723653205f,False,DET0291,Detection of Cloud Service Dashboard Usage via GUI-Based Cloud Access,x-mitre-detection-strategy--e2bf0a76-b5e4-4a23-adbb-024454f5dbdc,relationship--3773ce57-ad3c-47ae-8484-6a42338dddf4,
DC0038,Application Log Content,x-mitre-data-component--9c2fa0ae-7abc-485a-97f6-699e3b6cf9fa,T1539,Steal Web Session Cookie,attack-pattern--10ffac09-e42d-4f56-ab20-db94c67d76ff,False,DET0509,"Detection of Web Session Cookie Theft via File, Memory, and Network Artifacts",x-mitre-detection-strategy--26fdbcb2-abc1-4844-8e5d-2c6039336cb7,relationship--e664a59e-9529-43cd-bac0-0ff1ced6a41f,
DC0038,Application Log Content,x-mitre-data-component--9c2fa0ae-7abc-485a-97f6-699e3b6cf9fa,T1548.005,Temporary Elevated Cloud Access,attack-pattern--6fa224c7-5091-4595-bf15-3fc9fe2f2c7c,True,DET0393,Detection Strategy for Temporary Elevated Cloud Access Abuse (T1548.005),x-mitre-detection-strategy--210a0dee-7c4b-4948-80ed-67c3e04886c2,relationship--0a7998f6-19aa-40f6-af2b-ca799786c601,
DC0038,Application Log Content,x-mitre-data-component--9c2fa0ae-7abc-485a-97f6-699e3b6cf9fa,T1550,Use Alternate Authentication Material,attack-pattern--51a14c76-dd3b-440b-9c20-2bf91d25a814,False,DET0338,Behavioral Detection Strategy for Use Alternate Authentication Material (T1550),x-mitre-detection-strategy--2b666abc-e642-4f40-abec-36bd48f1f15c,relationship--a152e0f1-2588-4c93-aeb8-78a596e153e0,
DC0038,Application Log Content,x-mitre-data-component--9c2fa0ae-7abc-485a-97f6-699e3b6cf9fa,T1552,Unsecured Credentials,attack-pattern--435dfb86-2697-4867-85b5-2fef496c0517,False,DET0412,Detect Access or Search for Unsecured Credentials Across Platforms,x-mitre-detection-strategy--d1912fbc-aaac-4bb1-82f1-0713280ca9a1,relationship--9a673d77-b594-4115-9ffa-b1b38cf6de18,
DC0038,Application Log Content,x-mitre-data-component--9c2fa0ae-7abc-485a-97f6-699e3b6cf9fa,T1552.007,Container API,attack-pattern--f8ef3a62-3f44-40a4-abca-761ab235c436,True,DET0198,Detect Abuse of Container APIs for Credential Access,x-mitre-detection-strategy--8ca072de-1c09-4e19-acd2-e4228681030c,relationship--5f89a15d-ac8b-49ab-9410-dbc9f5931f05,
DC0038,Application Log Content,x-mitre-data-component--9c2fa0ae-7abc-485a-97f6-699e3b6cf9fa,T1552.008,Chat Messages,attack-pattern--9664ad0e-789e-40ac-82e2-d7b17fbe8fb3,True,DET0111,Detect Unsecured Credentials Shared in Chat Messages,x-mitre-detection-strategy--a9b4dd72-07f2-4fd5-b46b-2fe9f6945f14,relationship--3835701f-3809-45a4-91d4-569fc9e70ef9,
DC0038,Application Log Content,x-mitre-data-component--9c2fa0ae-7abc-485a-97f6-699e3b6cf9fa,T1556.006,Multi-Factor Authentication,attack-pattern--b4409cd8-0da9-46e1-a401-a241afd4d1cc,True,DET0190,Detect MFA Modification or Disabling Across Platforms,x-mitre-detection-strategy--eccad822-4f5b-4337-8c8b-825cf617f853,relationship--0cf350af-0fc3-4584-9e84-0af50eb17eca,
DC0038,Application Log Content,x-mitre-data-component--9c2fa0ae-7abc-485a-97f6-699e3b6cf9fa,T1556.007,Hybrid Identity,attack-pattern--54ca26f3-c172-4231-93e5-ccebcac2161f,True,DET0293,Detect Hybrid Identity Authentication Process Modification,x-mitre-detection-strategy--6b681059-99f7-46ff-bd36-96fd414074d4,relationship--80b99ad7-0121-409f-b307-46074c6e8c0b,
DC0038,Application Log Content,x-mitre-data-component--9c2fa0ae-7abc-485a-97f6-699e3b6cf9fa,T1556.009,Conditional Access Policies,attack-pattern--ceaeb6d8-95ee-4da2-9d42-dc6aa6ca43ae,True,DET0030,Detect Conditional Access Policy Modification in Identity and Cloud Platforms,x-mitre-detection-strategy--4cd84c0e-b125-4576-9441-57c1664bf014,relationship--f84856d4-4a84-4269-9fb8-5388ee8b8228,
DC0038,Application Log Content,x-mitre-data-component--9c2fa0ae-7abc-485a-97f6-699e3b6cf9fa,T1557,Adversary-in-the-Middle,attack-pattern--035bb001-ab69-4a0b-9f6c-2de8b09e1b9d,False,DET0296,Detect Adversary-in-the-Middle via Network and Configuration Anomalies,x-mitre-detection-strategy--0eb48c77-9056-4178-900b-7ac23fd1c7cd,relationship--58bbe5a4-6de5-48e3-a003-028348c408ce,
DC0038,Application Log Content,x-mitre-data-component--9c2fa0ae-7abc-485a-97f6-699e3b6cf9fa,T1557.003,DHCP Spoofing,attack-pattern--59ff91cd-1430-4075-8563-e6f15f4f9ff5,True,DET0468,"Detect DHCP Spoofing Across Linux, Windows, and macOS",x-mitre-detection-strategy--9f227978-8d56-406f-9d50-ef10aae1bf77,relationship--b7f564dd-80c2-4ad3-8d82-2d9721cde800,
DC0038,Application Log Content,x-mitre-data-component--9c2fa0ae-7abc-485a-97f6-699e3b6cf9fa,T1557.004,Evil Twin,attack-pattern--48b836c6-e4ca-435a-82a3-29c03e5b492e,True,DET0379,Detect Evil Twin Wi-Fi Access Points on Network Devices,x-mitre-detection-strategy--b376d299-69ef-444a-8ba1-15a6c7049605,relationship--e8d124c9-f162-4c7e-aadd-c50476b22cd7,
DC0038,Application Log Content,x-mitre-data-component--9c2fa0ae-7abc-485a-97f6-699e3b6cf9fa,T1562.002,Disable Windows Event Logging,attack-pattern--4eb28bed-d11a-4641-9863-c2ac017d910a,True,DET0187,Detect disabled Windows event logging,x-mitre-detection-strategy--cfedfc6c-6e31-481b-be1e-e23a760fec44,relationship--3e567c4c-4248-4219-b51c-749618197c71,
DC0038,Application Log Content,x-mitre-data-component--9c2fa0ae-7abc-485a-97f6-699e3b6cf9fa,T1564,Hide Artifacts,attack-pattern--22905430-4901-4c2a-84f6-98243cb173f8,False,DET0502,Detection Strategy for Hidden Artifacts Across Platforms,x-mitre-detection-strategy--bd2348f8-acef-4310-bd03-cf7b866d2592,relationship--cd3ee69c-01d3-41a0-9e5e-caebaf1776c7,
DC0038,Application Log Content,x-mitre-data-component--9c2fa0ae-7abc-485a-97f6-699e3b6cf9fa,T1564.008,Email Hiding Rules,attack-pattern--0cf55441-b176-4332-89e7-2c4c7799d0ff,True,DET0192,Detection Strategy for Email Hiding Rules,x-mitre-detection-strategy--54aaab69-62fb-4d40-b2e0-0d07594353ed,relationship--2f7af5f4-4ab7-48df-b228-5169033ae194,
DC0038,Application Log Content,x-mitre-data-component--9c2fa0ae-7abc-485a-97f6-699e3b6cf9fa,T1566,Phishing,attack-pattern--a62a8db3-f23a-4d8f-afd6-9dbc77e7813b,False,DET0070,Detection Strategy for Phishing across platforms.,x-mitre-detection-strategy--7ee73f2e-76b2-4f00-bcc0-7fb79d31d344,relationship--90a84c7a-e685-4ec1-8195-69eea3fc1507,
DC0038,Application Log Content,x-mitre-data-component--9c2fa0ae-7abc-485a-97f6-699e3b6cf9fa,T1566.001,Spearphishing Attachment,attack-pattern--2e34237d-8574-43f6-aace-ae2915de8597,True,DET0236,Detection Strategy for Spearphishing Attachment across OS Platforms,x-mitre-detection-strategy--8d904004-e492-4f76-9f84-be75fc61e5c5,relationship--1b5a88b4-27e1-4a35-9c47-c2a25182ce1d,
DC0038,Application Log Content,x-mitre-data-component--9c2fa0ae-7abc-485a-97f6-699e3b6cf9fa,T1566.002,Spearphishing Link,attack-pattern--2b742742-28c3-4e1b-bab7-8350d6300fa7,True,DET0107,Detection Strategy for Spearphishing Links,x-mitre-detection-strategy--ed58a144-2554-495c-9c60-18e6f817aa75,relationship--32007100-9b8d-440a-9f74-44b4cb339997,
DC0038,Application Log Content,x-mitre-data-component--9c2fa0ae-7abc-485a-97f6-699e3b6cf9fa,T1566.003,Spearphishing via Service,attack-pattern--f6ad61ee-65f3-4bd0-a3f5-2f0accb36317,True,DET0115,Detection Strategy for Spearphishing via a Service across OS Platforms,x-mitre-detection-strategy--dd232215-bb7f-461f-ac3f-e7cf5612e396,relationship--3309fc34-0c04-4b0a-8bbc-9beb546ea78e,
DC0038,Application Log Content,x-mitre-data-component--9c2fa0ae-7abc-485a-97f6-699e3b6cf9fa,T1566.004,Spearphishing Voice,attack-pattern--bb5e59c4-abe7-40c7-8196-e373cb1e5974,True,DET0245,Detection Strategy for Spearphishing Voice across OS platforms,x-mitre-detection-strategy--ec33e12c-e0f1-426d-a453-fa5ae4d3cf9a,relationship--2b2f1df3-9863-440c-9451-d9cfa1581609,
DC0038,Application Log Content,x-mitre-data-component--9c2fa0ae-7abc-485a-97f6-699e3b6cf9fa,T1567,Exfiltration Over Web Service,attack-pattern--40597f16-0963-4249-bf4c-ac93b7fb9807,False,DET0548,Detection Strategy for Exfiltration Over Web Service,x-mitre-detection-strategy--1753ab98-4530-4284-9bc3-5d4813abfb9e,relationship--2d284ff6-5204-4bde-b4f5-c172dd4c4ca3,
DC0038,Application Log Content,x-mitre-data-component--9c2fa0ae-7abc-485a-97f6-699e3b6cf9fa,T1567.004,Exfiltration Over Webhook,attack-pattern--43f2776f-b4bd-4118-94b8-fee47e69676d,True,DET0153,Detection Strategy for Exfiltration Over Webhook,x-mitre-detection-strategy--dcc26ef4-3ecd-4b37-b4b4-66faee084352,relationship--820a1ffe-27dd-4c0f-a791-f721d5662f5f,
DC0038,Application Log Content,x-mitre-data-component--9c2fa0ae-7abc-485a-97f6-699e3b6cf9fa,T1571,Non-Standard Port,attack-pattern--b18eae87-b469-4e14-b454-b171b416bc18,False,DET0227,Detection Strategy for Non-Standard Ports,x-mitre-detection-strategy--cc8324a7-03d0-47d1-8e2b-3caec44fc129,relationship--db753357-bf72-4dfc-ad38-701dab07e7fa,
DC0038,Application Log Content,x-mitre-data-component--9c2fa0ae-7abc-485a-97f6-699e3b6cf9fa,T1572,Protocol Tunneling,attack-pattern--4fe28b27-b13c-453e-a386-c2ef362a573b,False,DET0538,Detection Strategy for Protocol Tunneling accross OS platforms.,x-mitre-detection-strategy--fff8e15e-f7eb-4c07-8b77-8e7ef2eb01b6,relationship--fab7fca5-a36a-481c-a110-4c2abc2af359,
DC0038,Application Log Content,x-mitre-data-component--9c2fa0ae-7abc-485a-97f6-699e3b6cf9fa,T1573,Encrypted Channel,attack-pattern--b8902400-e6c5-4ba2-95aa-2d35b442b118,False,DET0273,Detection Strategy for Encrypted Channel across OS Platforms,x-mitre-detection-strategy--08861418-398c-4972-8850-5e11f2d32944,relationship--2b484619-c72b-457d-b362-ceb882438231,
DC0038,Application Log Content,x-mitre-data-component--9c2fa0ae-7abc-485a-97f6-699e3b6cf9fa,T1573.001,Symmetric Cryptography,attack-pattern--24bfaeba-cb0d-4525-b3dc-507c77ecec41,True,DET0143,Detection Strategy for Encrypted Channel via Symmetric Cryptography across OS Platforms,x-mitre-detection-strategy--32c549cd-a06b-41f2-8063-8937ba7feab6,relationship--5beb9a05-f114-4a99-802f-c171529ceab1,
DC0038,Application Log Content,x-mitre-data-component--9c2fa0ae-7abc-485a-97f6-699e3b6cf9fa,T1573.002,Asymmetric Cryptography,attack-pattern--bf176076-b789-408e-8cba-7275e81c0ada,True,DET0543,Detection Strategy for Encrypted Channel via Asymmetric Cryptography across OS Platforms,x-mitre-detection-strategy--e5448ab8-39d6-4364-ae7f-0459687251f7,relationship--9ebeb874-e04d-4fee-9b10-dd6bd829956e,
DC0038,Application Log Content,x-mitre-data-component--9c2fa0ae-7abc-485a-97f6-699e3b6cf9fa,T1594,Search Victim-Owned Websites,attack-pattern--16cdd21f-da65-4e4f-bc04-dd7d198c7b26,False,DET0810,Detection of Search Victim-Owned Websites,x-mitre-detection-strategy--52cee5e7-a92e-433e-9b56-38c8f7b16264,relationship--a3d917d5-cffa-4ac1-a8b7-64947eb72ee7,
DC0038,Application Log Content,x-mitre-data-component--9c2fa0ae-7abc-485a-97f6-699e3b6cf9fa,T1598,Phishing for Information,attack-pattern--cca0ccb6-a068-4574-a722-b1556f86833a,False,DET0823,Detection of Phishing for Information,x-mitre-detection-strategy--29fad4dd-d6d7-4a99-8ae8-060e6d0544ec,relationship--6db11f92-ae2b-439e-bb96-97bfe3596bb5,
DC0038,Application Log Content,x-mitre-data-component--9c2fa0ae-7abc-485a-97f6-699e3b6cf9fa,T1598.001,Spearphishing Service,attack-pattern--f870408c-b1cd-49c7-a5c7-0ef0fc496cc6,True,DET0821,Detection of Spearphishing Service,x-mitre-detection-strategy--16e7016e-ce95-4eca-b340-ff158949d11d,relationship--5cdfd78f-c3ba-4c3b-ac36-b93ac8a64a2f,
DC0038,Application Log Content,x-mitre-data-component--9c2fa0ae-7abc-485a-97f6-699e3b6cf9fa,T1598.002,Spearphishing Attachment,attack-pattern--8982a661-d84c-48c0-b4ec-1db29c6cf3bc,True,DET0865,Detection of Spearphishing Attachment,x-mitre-detection-strategy--e62ddd99-6357-4388-b3df-d7d7b6984630,relationship--dbe9c063-1d79-4e02-b1b7-a775993ca3c7,
DC0038,Application Log Content,x-mitre-data-component--9c2fa0ae-7abc-485a-97f6-699e3b6cf9fa,T1598.003,Spearphishing Link,attack-pattern--2d3f5b3c-54ca-4f4d-bb1f-849346d31230,True,DET0878,Detection of Spearphishing Link,x-mitre-detection-strategy--c9242c28-ee1a-45d2-800a-948252884a7c,relationship--45dceb99-7361-4b2b-8482-46a3230e6d8d,
DC0038,Application Log Content,x-mitre-data-component--9c2fa0ae-7abc-485a-97f6-699e3b6cf9fa,T1598.004,Spearphishing Voice,attack-pattern--6a5d222a-a7e0-4656-b110-782c33098289,True,DET0886,Detection of Spearphishing Voice,x-mitre-detection-strategy--ce26e75b-f8bf-45d5-b0fd-601e3d8fd800,relationship--9626b669-dd54-44b8-a4d4-640bfb02c0e0,
DC0038,Application Log Content,x-mitre-data-component--9c2fa0ae-7abc-485a-97f6-699e3b6cf9fa,T1610,Deploy Container,attack-pattern--56e0d8b8-3e25-49dd-9050-3aa252f5aa92,False,DET0249,Behavior-chain detection for T1610 Deploy Container across Docker & Kubernetes control/node planes,x-mitre-detection-strategy--994c7fc6-ad85-47e6-9079-fb872ec7e541,relationship--51ae0fd9-6c66-4f7f-94ec-734259ba9140,
DC0038,Application Log Content,x-mitre-data-component--9c2fa0ae-7abc-485a-97f6-699e3b6cf9fa,T1621,Multi-Factor Authentication Request Generation,attack-pattern--954a1639-f2d6-407d-aef3-4917622ca493,False,DET0160,Detection Strategy for Multi-Factor Authentication Request Generation (T1621),x-mitre-detection-strategy--5dab1bc7-89e2-4fe4-ae30-40b550d0daf4,relationship--3061a5d3-7c23-41ff-bc7e-7cd916b4bfc7,
DC0038,Application Log Content,x-mitre-data-component--9c2fa0ae-7abc-485a-97f6-699e3b6cf9fa,T1648,Serverless Execution,attack-pattern--e848506b-8484-4410-8017-3d235a52f5b3,False,DET0374,Detection Strategy for Serverless Execution (T1648),x-mitre-detection-strategy--7a848f8f-4bdc-426c-989e-bc1abfaeb7fa,relationship--e6c1e0f5-7426-4670-9f3e-7479a4b2ba20,
DC0038,Application Log Content,x-mitre-data-component--9c2fa0ae-7abc-485a-97f6-699e3b6cf9fa,T1649,Steal or Forge Authentication Certificates,attack-pattern--7de1f7ac-5d0c-4c9c-8873-627202205331,False,DET0240,Detection Strategy for Steal or Forge Authentication Certificates,x-mitre-detection-strategy--7b0ea292-22f5-4963-b1c2-0d396fb17619,relationship--12a19faf-b1ea-4eee-b921-059a2f65622a,
DC0038,Application Log Content,x-mitre-data-component--9c2fa0ae-7abc-485a-97f6-699e3b6cf9fa,T1656,Impersonation,attack-pattern--c9e0c59e-162e-40a4-b8b1-78fab4329ada,False,DET0286,Detection Strategy for Impersonation,x-mitre-detection-strategy--1e08be7e-451c-4b10-9e65-b6dbf8d54b38,relationship--b3917dee-c0ea-44aa-95bd-6d108affa0b8,
DC0038,Application Log Content,x-mitre-data-component--9c2fa0ae-7abc-485a-97f6-699e3b6cf9fa,T1657,Financial Theft,attack-pattern--851e071f-208d-4c79-adc6-5974c85c78f3,False,DET0495,Detection Strategy for Financial Theft,x-mitre-detection-strategy--e767f434-dda3-41fe-a9ea-e7aaae251e61,relationship--9ae66715-6d4e-4fb5-b359-1658c57052b1,
DC0038,Application Log Content,x-mitre-data-component--9c2fa0ae-7abc-485a-97f6-699e3b6cf9fa,T1667,Email Bombing,attack-pattern--bed81616-3dde-4685-be6e-ba9820f9a7ed,False,DET0355,Detection Strategy for Email Bombing,x-mitre-detection-strategy--9a66295a-9f47-47a8-bda4-935cd311186a,relationship--f534e0c4-f16c-45cd-a4cb-be462c69fc0a,
DC0038,Application Log Content,x-mitre-data-component--9c2fa0ae-7abc-485a-97f6-699e3b6cf9fa,T1671,Cloud Application Integration,attack-pattern--c31aebd6-c9b5-420f-ba2a-5853bbf897fa,False,DET0539,Detection Strategy for Cloud Application Integration,x-mitre-detection-strategy--8bc479cf-727b-40d1-92d2-5755766d8544,relationship--7fd5057e-fa4f-45ee-99cc-ca792cd8412f,
DC0038,Application Log Content,x-mitre-data-component--9c2fa0ae-7abc-485a-97f6-699e3b6cf9fa,T1672,Email Spoofing,attack-pattern--e1c2db92-7ae3-4e6a-90b4-157c1c1565cb,False,DET0431,Detection Strategy for Email Spoofing,x-mitre-detection-strategy--6dec9c28-6dcb-4470-ad69-6cdb520adb53,relationship--4377099b-3270-464a-a332-e9f7e71d130e,
DC0038,Application Log Content,x-mitre-data-component--9c2fa0ae-7abc-485a-97f6-699e3b6cf9fa,T1675,ESXi Administration Command,attack-pattern--31e5011f-090e-45be-9bb6-17a1c5e8219b,False,DET0232,Detection Strategy for ESXi Administration Command,x-mitre-detection-strategy--c1d8aa38-aefb-4ea8-8c80-2dfa05eaaecb,relationship--1ff23b67-6228-4c67-ad2a-4157381e4b7d,
DC0039,File Creation,x-mitre-data-component--2b3bfe19-d59a-460d-93bb-2f546adc2d2c,T1001.002,Steganography,attack-pattern--eec23884-3fa1-4d8a-ac50-6f104d51e235,True,DET0235,Detecting Steganographic Command and Control via File + Network Correlation,x-mitre-detection-strategy--0aa86929-f232-4fa7-bdc9-120f917a3509,relationship--69cfcff2-7983-45fa-a24d-9b361074b4d8,
DC0039,File Creation,x-mitre-data-component--2b3bfe19-d59a-460d-93bb-2f546adc2d2c,T1003.001,LSASS Memory,attack-pattern--65f2d882-3f41-4d48-8a06-29af77ec9f90,True,DET0363,Detection of Credential Dumping from LSASS Memory via Access and Dump Sequence,x-mitre-detection-strategy--793c70fb-bc7a-4a77-95aa-7b0c583f10b4,relationship--7740826e-65ad-4fa8-853a-c4f09ed81f5f,
DC0039,File Creation,x-mitre-data-component--2b3bfe19-d59a-460d-93bb-2f546adc2d2c,T1003.002,Security Account Manager,attack-pattern--1644e709-12d2-41e5-a60f-3470991f5011,True,DET0085,Credential Dumping from SAM via Registry Dump and Local File Access,x-mitre-detection-strategy--13c88a68-15e3-45e5-958b-82fe7b948561,relationship--310c8128-3ebf-48fd-b207-d81e5251a686,
DC0039,File Creation,x-mitre-data-component--2b3bfe19-d59a-460d-93bb-2f546adc2d2c,T1003.003,NTDS,attack-pattern--edf91964-b26e-4b4a-9600-ccacd7d7df24,True,DET0586,Detection of NTDS.dit Credential Dumping from Domain Controllers,x-mitre-detection-strategy--a97fe87f-e9be-4f71-8530-af5d70eaddf3,relationship--1f368a24-aeeb-4892-991b-0653a7e13586,
DC0039,File Creation,x-mitre-data-component--2b3bfe19-d59a-460d-93bb-2f546adc2d2c,T1005,Data from Local System,attack-pattern--3c4a2599-71ee-4405-ba1e-0e28414b4bc5,False,DET0380,Detection of Local Data Collection Prior to Exfiltration,x-mitre-detection-strategy--36bb5edf-e7b6-4d36-8ccc-1a18ddc573da,relationship--b10e4a51-3d68-427f-b14d-06c1d81a575d,
DC0039,File Creation,x-mitre-data-component--2b3bfe19-d59a-460d-93bb-2f546adc2d2c,T1011,Exfiltration Over Other Network Medium,attack-pattern--51ea26b1-ff1e-4faa-b1a0-1114cd298c87,False,DET0077,Detection of Exfiltration Over Alternate Network Interfaces,x-mitre-detection-strategy--9280a84d-bf77-4a86-a052-ce6ea0d50e72,relationship--9cd323fc-5b81-49ac-9457-4c17292ba25e,
DC0039,File Creation,x-mitre-data-component--2b3bfe19-d59a-460d-93bb-2f546adc2d2c,T1011.001,Exfiltration Over Bluetooth,attack-pattern--613d08bc-e8f4-4791-80b0-c8b974340dfd,True,DET0554,Detection of Bluetooth-Based Data Exfiltration,x-mitre-detection-strategy--267a6c25-8d34-47ae-8357-9ae173adaa13,relationship--7fa3a461-4e83-4a59-9909-479d2879a1a4,
DC0039,File Creation,x-mitre-data-component--2b3bfe19-d59a-460d-93bb-2f546adc2d2c,T1014,Rootkit,attack-pattern--0f20e3cb-245b-4a61-8a91-2d93f7cb0e9b,False,DET0377,Detection of Kernel/User-Level Rootkit Behavior Across Platforms,x-mitre-detection-strategy--00a4e92b-8164-4342-a71c-013ecc777ad0,relationship--13f0f64f-c275-48dc-8fb3-dda48df60d8c,
DC0039,File Creation,x-mitre-data-component--2b3bfe19-d59a-460d-93bb-2f546adc2d2c,T1027,Obfuscated Files or Information,attack-pattern--b3d682b6-98f2-4fb0-aa3b-b4df007ca70a,False,DET0378,Behavioral Detection of Obfuscated Files or Information,x-mitre-detection-strategy--e3758cbb-5dd9-4aad-b848-0539a8c56307,relationship--f1b0ce50-319c-455f-a8b2-a90f32310364,
DC0039,File Creation,x-mitre-data-component--2b3bfe19-d59a-460d-93bb-2f546adc2d2c,T1027.001,Binary Padding,attack-pattern--5bfccc3f-2326-4112-86cc-c1ece9d8a2b5,True,DET0553,Detection Strategy for Obfuscated Files or Information: Binary Padding,x-mitre-detection-strategy--9c2a1b83-eec8-4d0c-a0b5-e5b561dbd68f,relationship--1374f221-bba9-4477-819b-e2124e6d177e,
DC0039,File Creation,x-mitre-data-component--2b3bfe19-d59a-460d-93bb-2f546adc2d2c,T1027.004,Compile After Delivery,attack-pattern--c726e0a2-a57a-4b7b-a973-d0f013246617,True,DET0501,Detection Strategy for Compile After Delivery - Source Code to Executable Transformation,x-mitre-detection-strategy--48d80184-842f-419a-ab84-01030f866bd4,relationship--b520e5e1-fb3e-49f3-950b-51bc81b217aa,
DC0039,File Creation,x-mitre-data-component--2b3bfe19-d59a-460d-93bb-2f546adc2d2c,T1027.005,Indicator Removal from Tools,attack-pattern--b0533c6e-8fea-4788-874f-b799cacc4b92,True,DET0189,Detection Strategy for Indicator Removal from Tools - Post-AV Evasion Modification,x-mitre-detection-strategy--6ab338c4-9ed3-4f63-9462-b13cea5a68b0,relationship--1afa36ca-4af6-4032-93be-aae1dd20d923,
DC0039,File Creation,x-mitre-data-component--2b3bfe19-d59a-460d-93bb-2f546adc2d2c,T1027.006,HTML Smuggling,attack-pattern--d4dc46e3-5ba5-45b9-8204-010867cacfcb,True,DET0313,Detection Strategy for HTML Smuggling via JavaScript Blob + Dynamic File Drop,x-mitre-detection-strategy--a8067c32-46d5-426e-9c1a-e91d360be83d,relationship--a1177021-bbf1-4208-a1c3-de76bafb687d,
DC0039,File Creation,x-mitre-data-component--2b3bfe19-d59a-460d-93bb-2f546adc2d2c,T1027.008,Stripped Payloads,attack-pattern--2f41939b-54c3-41d6-8f8b-35f1ec18ed97,True,DET0019,Detection Strategy for Stripped Payloads Across Platforms,x-mitre-detection-strategy--e4040d30-1f5a-4f80-9f06-f1c1d2a8c238,relationship--857d4009-5f94-4525-a5b9-d793821dadda,
DC0039,File Creation,x-mitre-data-component--2b3bfe19-d59a-460d-93bb-2f546adc2d2c,T1027.009,Embedded Payloads,attack-pattern--0533ab23-3f7d-463f-9bd8-634d27e4dee1,True,DET0214,Detection Strategy for Embedded Payloads,x-mitre-detection-strategy--99294309-83fd-46f3-9925-7443c03e5b79,relationship--640fef90-e384-4276-9f96-158998de65d5,
DC0039,File Creation,x-mitre-data-component--2b3bfe19-d59a-460d-93bb-2f546adc2d2c,T1027.011,Fileless Storage,attack-pattern--02c5abff-30bf-4703-ab92-1f6072fae939,True,DET0344,"Detection Strategy for Fileless Storage via Registry, WMI, and Shared Memory",x-mitre-detection-strategy--aea09aae-c0c3-4453-aa44-ea0153e5cb8c,relationship--46d67e25-2b9d-4848-b251-9c885658d80e,
DC0039,File Creation,x-mitre-data-component--2b3bfe19-d59a-460d-93bb-2f546adc2d2c,T1027.014,Polymorphic Code,attack-pattern--b577dfc1-0177-4522-8d5a-782127c8592b,True,DET0324,Detection Strategy for Polymorphic Code Mutation and Execution,x-mitre-detection-strategy--380da3b2-d92f-4361-b187-cedc8a118e0f,relationship--471e5702-2a73-4c6d-9ed8-78b037941b6f,
DC0039,File Creation,x-mitre-data-component--2b3bfe19-d59a-460d-93bb-2f546adc2d2c,T1027.015,Compression,attack-pattern--fbd91bfc-75c2-4f0c-8116-3b4e722906b3,True,DET0281,Detection Strategy for Compressed Payload Creation and Execution,x-mitre-detection-strategy--f3d5d1d5-3d80-46b2-be05-f0c438625230,relationship--432c35d1-b40e-401c-8c75-601a5cf0f86e,
DC0039,File Creation,x-mitre-data-component--2b3bfe19-d59a-460d-93bb-2f546adc2d2c,T1027.016,Junk Code Insertion,attack-pattern--671cd17f-a765-48fd-adc4-dad1941b1ae3,True,DET0322,Detection Strategy for Junk Code Obfuscation with Suspicious Execution Patterns,x-mitre-detection-strategy--206790b2-16bc-46db-a605-8bcff576c161,relationship--0310c64d-52dc-4e99-acde-77c20d799e54,
DC0039,File Creation,x-mitre-data-component--2b3bfe19-d59a-460d-93bb-2f546adc2d2c,T1027.017,SVG Smuggling,attack-pattern--78b9e70d-1605-459c-b23d-e3a25036968c,True,DET0510,Detection Strategy for SVG Smuggling with Script Execution and Delivery Behavior,x-mitre-detection-strategy--6c59d987-c339-4743-bdb0-0eb21285deb7,relationship--5dd6ba3a-9e93-4a5f-b694-a1ec7c15095b,
DC0039,File Creation,x-mitre-data-component--2b3bfe19-d59a-460d-93bb-2f546adc2d2c,T1036.003,Rename Legitimate Utilities,attack-pattern--bd5b58a4-a52d-4a29-bc0d-3f1d3968eb6b,True,DET0005,Renamed Legitimate Utility Execution with Metadata Mismatch and Suspicious Path,x-mitre-detection-strategy--c2648552-806d-40ec-8ea7-59f4e44983eb,relationship--33b231d7-a3ef-417e-8cf1-bc10986f1bd1,
DC0039,File Creation,x-mitre-data-component--2b3bfe19-d59a-460d-93bb-2f546adc2d2c,T1036.005,Match Legitimate Resource Name or Location,attack-pattern--1c4e5d32-1fe9-4116-9d9d-59e3925bd6a2,True,DET0347,Detection Strategy for Masquerading via Legitimate Resource Name or Location,x-mitre-detection-strategy--b667390b-a805-401d-9e02-929204825114,relationship--e4659daa-3a14-4873-a1e3-5dc132420257,
DC0039,File Creation,x-mitre-data-component--2b3bfe19-d59a-460d-93bb-2f546adc2d2c,T1036.007,Double File Extension,attack-pattern--11f29a39-0942-4d62-92b6-fe236cf3066e,True,DET0366,Detection Strategy for Double File Extension Masquerading,x-mitre-detection-strategy--92ce4302-72cb-4b7b-9184-1fc14900d0e1,relationship--c0c7a062-29b4-4ca1-971c-d0a8982d27a7,
DC0039,File Creation,x-mitre-data-component--2b3bfe19-d59a-460d-93bb-2f546adc2d2c,T1036.008,Masquerade File Type,attack-pattern--208884f1-7b83-4473-ac22-4e1cf6c41471,True,DET0226,Detection Strategy for Masquerading via File Type Modification,x-mitre-detection-strategy--e2d84c66-3647-4aab-962b-c1ad89455a18,relationship--fd569220-693b-46da-a457-8ea314dce886,
DC0039,File Creation,x-mitre-data-component--2b3bfe19-d59a-460d-93bb-2f546adc2d2c,T1037.004,RC Scripts,attack-pattern--dca670cf-eeec-438f-8185-fd959d9ef211,True,DET0237,Detection Strategy for Boot or Logon Initialization Scripts: RC Scripts,x-mitre-detection-strategy--be6a466c-40c6-4611-9b68-7cfcbcb35fb0,relationship--00b2d214-7126-4b80-866c-4321d6ace9b0,
DC0039,File Creation,x-mitre-data-component--2b3bfe19-d59a-460d-93bb-2f546adc2d2c,T1037.005,Startup Items,attack-pattern--c0dfe7b0-b873-4618-9ff8-53e31f70907f,True,DET0429,Detect Modification of macOS Startup Items,x-mitre-detection-strategy--7eb6ccf9-8fb5-4c7d-8a2c-33081c3ddf81,relationship--acf1c2b6-a221-4e30-a2c5-3630cd4ff0da,
DC0039,File Creation,x-mitre-data-component--2b3bfe19-d59a-460d-93bb-2f546adc2d2c,T1039,Data from Network Shared Drive,attack-pattern--ae676644-d2d2-41b7-af7e-9bed1b55898c,False,DET0410,Detection Strategy for Data from Network Shared Drive,x-mitre-detection-strategy--79eb1874-4762-461b-a748-df85e61f3216,relationship--7141f45b-597e-48a6-9b27-f3f2730dad87,
DC0039,File Creation,x-mitre-data-component--2b3bfe19-d59a-460d-93bb-2f546adc2d2c,T1048,Exfiltration Over Alternative Protocol,attack-pattern--a19e86f8-1c0a-4fea-8407-23b73d615776,False,DET0131,Behavioral Detection Strategy for Exfiltration Over Alternative Protocol,x-mitre-detection-strategy--ed9ef930-ec1f-4e57-a110-9b647e2ca195,relationship--0bd2a88c-9f76-42a8-be65-ce9706760dec,
DC0039,File Creation,x-mitre-data-component--2b3bfe19-d59a-460d-93bb-2f546adc2d2c,T1052,Exfiltration Over Physical Medium,attack-pattern--e6415f09-df0e-48de-9aba-928c902b7549,False,DET0123,Detection of Data Exfiltration via Removable Media,x-mitre-detection-strategy--7ac4c58e-73de-4da1-8fc3-c2ccc511d884,relationship--c5916728-0360-40c3-84f7-0f47a47f828f,
DC0039,File Creation,x-mitre-data-component--2b3bfe19-d59a-460d-93bb-2f546adc2d2c,T1052.001,Exfiltration over USB,attack-pattern--a3e1e6c5-9c74-4fc0-a16c-a9d228c17829,True,DET0220,Detection of USB-Based Data Exfiltration,x-mitre-detection-strategy--f6dd18b4-8534-4883-8d57-80655418bed4,relationship--ac616a6d-dca9-4aec-b9f4-7121c56b271a,
DC0039,File Creation,x-mitre-data-component--2b3bfe19-d59a-460d-93bb-2f546adc2d2c,T1053,Scheduled Task/Job,attack-pattern--35dd844a-b219-4e2b-a6bb-efa9a75995a9,False,DET0094,Cross-Platform Behavioral Detection of Scheduled Task/Job Abuse,x-mitre-detection-strategy--df11466a-27a2-4cb1-bf73-2a3a4aaee0d9,relationship--9f9f4610-d586-4dff-bbca-282297fd5526,
DC0039,File Creation,x-mitre-data-component--2b3bfe19-d59a-460d-93bb-2f546adc2d2c,T1053.005,Scheduled Task,attack-pattern--005a06c6-14bf-4118-afa0-ebcd8aebb0c9,True,DET0441,Detection of Suspicious Scheduled Task Creation and Execution on Windows,x-mitre-detection-strategy--c7bdd7d7-19dc-4042-8565-5e0cf4656102,relationship--44fe6cf4-fdb3-4fa9-9855-14f3b59dc984,
DC0039,File Creation,x-mitre-data-component--2b3bfe19-d59a-460d-93bb-2f546adc2d2c,T1053.006,Systemd Timers,attack-pattern--a542bac9-7bc1-4da7-9a09-96f69e23cc21,True,DET0231,Behavioral Detection of Systemd Timer Abuse for Scheduled Execution,x-mitre-detection-strategy--7578b2e3-2b9c-491d-9157-699a4bd6a136,relationship--5d260af9-40a1-45ba-b98f-83abe6d89e42,
DC0039,File Creation,x-mitre-data-component--2b3bfe19-d59a-460d-93bb-2f546adc2d2c,T1055.002,Portable Executable Injection,attack-pattern--806a49c4-970d-43f9-9acc-ac0ee11e6662,True,DET0106,Behavioral Detection of PE Injection via Remote Memory Mapping,x-mitre-detection-strategy--65c18137-cad3-4fd3-8b24-22a61850c8a1,relationship--791e4c52-5ed6-4c01-be8c-33e264a749f4,
DC0039,File Creation,x-mitre-data-component--2b3bfe19-d59a-460d-93bb-2f546adc2d2c,T1055.013,Process Doppelgänging,attack-pattern--7007935a-a8a7-4c0b-bd98-4e85be8ed197,True,DET0544,Detection Strategy for Process Doppelgänging on Windows,x-mitre-detection-strategy--8373cca7-feb8-44e4-94d0-fc39ea3586d7,relationship--ce558b9d-c5ee-4ae3-97d7-4e3e559b1490,
DC0039,File Creation,x-mitre-data-component--2b3bfe19-d59a-460d-93bb-2f546adc2d2c,T1056.003,Web Portal Capture,attack-pattern--69e5226d-05dc-4f15-95d7-44f5ed78d06e,True,DET0480,Detection of Credential Harvesting via Web Portal Modification,x-mitre-detection-strategy--8b2a91cd-4a15-4b25-9b75-581298f3ef82,relationship--a7ed21d5-98f1-4851-a163-f770a64fc7aa,
DC0039,File Creation,x-mitre-data-component--2b3bfe19-d59a-460d-93bb-2f546adc2d2c,T1059.010,AutoHotKey & AutoIT,attack-pattern--3a32740a-11b0-4bcf-b0a9-3abd0f6d3cd5,True,DET0332,Detection Strategy for AutoHotKey & AutoIT Abuse,x-mitre-detection-strategy--a948dd3c-a8f3-4bc0-aec3-4c5264e7a012,relationship--2fae0b68-3932-4227-a9d0-b3442b0da6f9,
DC0039,File Creation,x-mitre-data-component--2b3bfe19-d59a-460d-93bb-2f546adc2d2c,T1059.011,Lua,attack-pattern--afddee82-3385-4682-ad90-eeced33f2d07,True,DET0101,Detection Strategy for Lua Scripting Abuse,x-mitre-detection-strategy--be7a4dda-a46a-4245-8837-e69946a79d3f,relationship--1561faed-2a13-4416-9cab-06159d35f746,
DC0039,File Creation,x-mitre-data-component--2b3bfe19-d59a-460d-93bb-2f546adc2d2c,T1070.010,Relocate Malware,attack-pattern--cc36eeae-2209-4e63-89d3-c97e19edf280,True,DET0439,Detection of Malware Relocation via Suspicious File Movement,x-mitre-detection-strategy--3fa3299e-a8c2-4555-890b-544314ae1e44,relationship--3008ab46-7c87-49dd-9c56-aa66c54b80af,
DC0039,File Creation,x-mitre-data-component--2b3bfe19-d59a-460d-93bb-2f546adc2d2c,T1074,Data Staged,attack-pattern--7dd95ff6-712e-4056-9626-312ea4ab4c5e,False,DET0014,Detection of Data Staging Prior to Exfiltration,x-mitre-detection-strategy--11f7fa69-2da4-4280-90d2-abc2f0722683,relationship--f67ae035-646d-4152-aeed-b3b62009e0b2,
DC0039,File Creation,x-mitre-data-component--2b3bfe19-d59a-460d-93bb-2f546adc2d2c,T1074.001,Local Data Staging,attack-pattern--1c34f7aa-9341-4a48-bfab-af22e51aca6c,True,DET0261,Detection of Local Data Staging Prior to Exfiltration,x-mitre-detection-strategy--e91165c5-e850-465e-9042-6ba82478b522,relationship--2d994d7b-b354-4824-bee6-7d3161fe0e8d,
DC0039,File Creation,x-mitre-data-component--2b3bfe19-d59a-460d-93bb-2f546adc2d2c,T1074.002,Remote Data Staging,attack-pattern--359b00ad-9425-420b-bba5-6de8d600cbc0,True,DET0071,Detection of Remote Data Staging Prior to Exfiltration,x-mitre-detection-strategy--20f11806-1639-49c5-ae0b-84633a142870,relationship--a5138396-d20a-4980-8316-ab57d5fb0478,
DC0039,File Creation,x-mitre-data-component--2b3bfe19-d59a-460d-93bb-2f546adc2d2c,T1080,Taint Shared Content,attack-pattern--246fd3c7-f5e3-466d-8787-4c13d9e3b61c,False,DET0471,Detection of Tainted Content Written to Shared Storage,x-mitre-detection-strategy--cdfe6166-43e9-434a-a961-139edd58ca0c,relationship--f4069924-bd74-4ec0-a2ef-af02e966dcea,
DC0039,File Creation,x-mitre-data-component--2b3bfe19-d59a-460d-93bb-2f546adc2d2c,T1083,File and Directory Discovery,attack-pattern--7bc57495-ea59-4380-be31-a64af124ef18,False,DET0370,Recursive Enumeration of Files and Directories Across Privilege Contexts,x-mitre-detection-strategy--33ab9d0c-5671-48e6-8465-f80560909c65,relationship--a6822af7-4da4-42c4-8649-2789a4127950,
DC0039,File Creation,x-mitre-data-component--2b3bfe19-d59a-460d-93bb-2f546adc2d2c,T1091,Replication Through Removable Media,attack-pattern--3b744087-9945-4a6f-91e8-9dbceda417a4,False,DET0301,Removable Media Execution Chain Detection via File and Process Activity,x-mitre-detection-strategy--8225c396-cbf9-499a-b94d-bdc7a1f07458,relationship--9421f9f1-c10a-49bf-991f-1df07b8953f0,
DC0039,File Creation,x-mitre-data-component--2b3bfe19-d59a-460d-93bb-2f546adc2d2c,T1092,Communication Through Removable Media,attack-pattern--64196062-5210-42c3-9a02-563a0d1797ef,False,DET0090,Cross-host C2 via Removable Media Relay,x-mitre-detection-strategy--2cbbc0b5-2c4b-4861-91d3-1f64a47ef191,relationship--2a15d658-c99d-4291-a5d1-4c27ade7b697,
DC0039,File Creation,x-mitre-data-component--2b3bfe19-d59a-460d-93bb-2f546adc2d2c,T1105,Ingress Tool Transfer,attack-pattern--e6919abc-99f9-4c6c-95a5-14761e7b2add,False,DET0060,Detect Ingress Tool Transfers via Behavioral Chain,x-mitre-detection-strategy--67677c4c-5778-49eb-ae74-1920645b8554,relationship--280c13b6-71c5-4e78-9cef-057528d42589,
DC0039,File Creation,x-mitre-data-component--2b3bfe19-d59a-460d-93bb-2f546adc2d2c,T1110.002,Password Cracking,attack-pattern--1d24cdee-9ea2-4189-b08e-af110bf2435d,True,DET0105,Post-Credential Dump Password Cracking Detection via Suspicious File Access and Hash Analysis Tools,x-mitre-detection-strategy--ee07e9eb-8438-4c7c-8260-88a09fbe98de,relationship--4656281a-1d49-4b06-9470-dc81d50dc5fc,
DC0039,File Creation,x-mitre-data-component--2b3bfe19-d59a-460d-93bb-2f546adc2d2c,T1114.001,Local Email Collection,attack-pattern--1e9eb839-294b-48cc-b0d3-c45555a2a004,True,DET0047,Detect Local Email Collection via Outlook Data File Access and Command Line Tooling,x-mitre-detection-strategy--8fb1967e-478f-4a83-9fb9-3da1015b8a26,relationship--8397947f-ea47-40e3-8a0d-8e20365d022f,
DC0039,File Creation,x-mitre-data-component--2b3bfe19-d59a-460d-93bb-2f546adc2d2c,T1119,Automated Collection,attack-pattern--30208d3e-0d6b-43c8-883e-44462a514619,False,DET0186,Automated File and API Collection Detection Across Platforms,x-mitre-detection-strategy--5e9a51b5-7e4a-4e78-a1ba-215ce937c877,relationship--e2b97df1-c2d4-4c7d-a96a-907aa01c855f,
DC0039,File Creation,x-mitre-data-component--2b3bfe19-d59a-460d-93bb-2f546adc2d2c,T1123,Audio Capture,attack-pattern--1035cdf2-3e5f-446f-a7a7-e8f6d7925967,False,DET0221,"Behavioral Detection Strategy for T1123 Audio Capture Across Windows, Linux, macOS",x-mitre-detection-strategy--c7471b0b-ac10-4eac-aae6-cfa821e707dd,relationship--a98091ed-435e-4359-913c-c1a86e4113af,
DC0039,File Creation,x-mitre-data-component--2b3bfe19-d59a-460d-93bb-2f546adc2d2c,T1124,System Time Discovery,attack-pattern--f3c544dc-673c-4ef3-accb-53229f1ae077,False,DET0151,"Behavior-chain, platform-aware detection strategy for T1124 System Time Discovery",x-mitre-detection-strategy--98ae5e06-7ea5-49b9-b793-7f97b1d306b2,relationship--a471c195-dbf1-4c84-a314-393189769d31,
DC0039,File Creation,x-mitre-data-component--2b3bfe19-d59a-460d-93bb-2f546adc2d2c,T1125,Video Capture,attack-pattern--6faf650d-bf31-4eb4-802d-1000cf38efaf,False,DET0197,"Behavior-chain, platform-aware detection strategy for T1125 Video Capture",x-mitre-detection-strategy--e9ee6ab5-333b-4cea-8637-23360d904472,relationship--2b034b90-9a02-4e29-b943-73b1b49459cb,
DC0039,File Creation,x-mitre-data-component--2b3bfe19-d59a-460d-93bb-2f546adc2d2c,T1127,Trusted Developer Utilities Proxy Execution,attack-pattern--ff25900d-76d5-449b-a351-8824e62fc81b,False,DET0172,"Behavior-chain, platform-aware detection strategy for T1127 Trusted Developer Utilities Proxy Execution (Windows)",x-mitre-detection-strategy--f47cb8dc-2120-4541-9306-95053218ba8a,relationship--e9ff67a4-4136-46d0-b91e-d354c84215a1,
DC0039,File Creation,x-mitre-data-component--2b3bfe19-d59a-460d-93bb-2f546adc2d2c,T1127.001,MSBuild,attack-pattern--c92e3d68-2349-49e4-a341-7edca2deff96,True,DET0556,Behavior-chain detection strategy for T1127.001 Trusted Developer Utilities Proxy Execution: MSBuild (Windows),x-mitre-detection-strategy--5fb0bb0d-cc9c-47aa-86f2-567b4ee642ff,relationship--9ce197cf-1ef3-4fa2-ac91-57ae0064c3a6,
DC0039,File Creation,x-mitre-data-component--2b3bfe19-d59a-460d-93bb-2f546adc2d2c,T1127.003,JamPlus,attack-pattern--7d356151-a69d-404e-896b-71618952702a,True,DET0585,Behavior-chain detection strategy for T1127.003 Trusted Developer Utilities Proxy Execution: JamPlus (Windows),x-mitre-detection-strategy--680956cb-d8c6-447c-99b4-82865fb89255,relationship--cf8ed394-7e83-4637-9cd3-82cccd529d78,
DC0039,File Creation,x-mitre-data-component--2b3bfe19-d59a-460d-93bb-2f546adc2d2c,T1129,Shared Modules,attack-pattern--0a5231ec-41af-4a35-83d0-6bdf11f28c65,False,DET0018,"Behavior-chain, platform-aware detection strategy for T1129 Shared Modules",x-mitre-detection-strategy--928a6ce6-fca0-4d66-aba3-1121431b953e,relationship--20d31ad8-56fd-4268-b650-6106617cc9bc,
DC0039,File Creation,x-mitre-data-component--2b3bfe19-d59a-460d-93bb-2f546adc2d2c,T1137,Office Application Startup,attack-pattern--2c4d4e92-0ccf-4a97-b54c-86d662988a53,False,DET0398,"Detect Office Startup-Based Persistence via Macros, Forms, and Registry Hooks",x-mitre-detection-strategy--71a8576b-c9ef-4485-b461-d706fd757a67,relationship--0feff064-74a2-4323-bce0-7b67d0002b39,
DC0039,File Creation,x-mitre-data-component--2b3bfe19-d59a-460d-93bb-2f546adc2d2c,T1137.001,Office Template Macros,attack-pattern--79a47ad0-fc3b-4821-9f01-a026b1ddba21,True,DET0519,Detect Persistence via Office Template Macro Injection or Registry Hijack,x-mitre-detection-strategy--e04f7ddf-6a1e-4731-afd6-5edb74f4c624,relationship--0411dd33-93d8-4709-816d-c05b31a0b721,
DC0039,File Creation,x-mitre-data-component--2b3bfe19-d59a-460d-93bb-2f546adc2d2c,T1137.002,Office Test,attack-pattern--ed7efd4d-ce28-4a19-a8e6-c58011eb2c7a,True,DET0315,Detect Persistence via Office Test Registry DLL Injection,x-mitre-detection-strategy--cb0a01e5-d88a-4ac8-a70a-1472c5dccd10,relationship--579ccb1f-91d2-4933-9067-6f07af17446d,
DC0039,File Creation,x-mitre-data-component--2b3bfe19-d59a-460d-93bb-2f546adc2d2c,T1137.006,Add-ins,attack-pattern--34f1d81d-fe88-4f97-bd3b-a3164536255d,True,DET0050,Detect Persistence via Malicious Office Add-ins,x-mitre-detection-strategy--53144b02-d6b1-42de-b5cf-e785a59c43bd,relationship--ce52ceb4-fced-4ec9-8e0a-8c1a1f871a64,
DC0039,File Creation,x-mitre-data-component--2b3bfe19-d59a-460d-93bb-2f546adc2d2c,T1140,Deobfuscate/Decode Files or Information,attack-pattern--3ccef7ae-cb5e-48f6-8302-897105fbf55c,False,DET0275,Detect Adversary Deobfuscation or Decoding of Files and Payloads,x-mitre-detection-strategy--5b3bf2de-d91e-4272-97a8-5df6f4071e45,relationship--9c92cb61-d6a7-4dc3-9bf8-1ebcc1b2cc73,
DC0039,File Creation,x-mitre-data-component--2b3bfe19-d59a-460d-93bb-2f546adc2d2c,T1176,Software Extensions,attack-pattern--389735f1-f21c-4208-b8f0-f8031e7169b8,False,DET0092,Detection of Malicious or Unauthorized Software Extensions,x-mitre-detection-strategy--eaa0f0da-bee7-4ce3-97e5-46d5ac2a9257,relationship--fcd8e924-69a3-4c53-b9c0-e30738e54c61,
DC0039,File Creation,x-mitre-data-component--2b3bfe19-d59a-460d-93bb-2f546adc2d2c,T1176.001,Browser Extensions,attack-pattern--278716b1-61ce-4a74-8d17-891d0c494101,True,DET0044,Detecting Malicious Browser Extensions Across Platforms,x-mitre-detection-strategy--101e19ca-f902-4c2d-8ceb-ddd07a43f1a7,relationship--427c5505-813e-488c-92b3-2e3c15170605,
DC0039,File Creation,x-mitre-data-component--2b3bfe19-d59a-460d-93bb-2f546adc2d2c,T1176.002,IDE Extensions,attack-pattern--66b34be7-6915-4b83-8d5a-b0f0592b5e41,True,DET0561,Detect malicious IDE extension install/usage and IDE tunneling,x-mitre-detection-strategy--434d1a09-6a53-43ae-8f8c-e0eb853c4a25,relationship--c7726ac6-c1de-46d6-9bad-a8f2343af867,
DC0039,File Creation,x-mitre-data-component--2b3bfe19-d59a-460d-93bb-2f546adc2d2c,T1187,Forced Authentication,attack-pattern--b77cf5f3-6060-475d-bd60-40ccbf28fdc2,False,DET0022,Detect Forced SMB/WebDAV Authentication via lure files and outbound NTLM,x-mitre-detection-strategy--b45310bb-d520-43b3-8758-e9d5a9738429,relationship--9ed19842-ee7d-4215-ae78-6a9382b3f9a1,
DC0039,File Creation,x-mitre-data-component--2b3bfe19-d59a-460d-93bb-2f546adc2d2c,T1189,Drive-by Compromise,attack-pattern--d742a578-d70e-4d0e-96a6-02a9c30204e6,False,DET0176,"Drive-by Compromise — Behavior-based, Multi-platform Detection Strategy (T1189)",x-mitre-detection-strategy--a070f9d2-3480-4362-99b3-8b36f5be0189,relationship--65f2dd08-9e93-4599-ad36-0a8d6ef742e3,
DC0039,File Creation,x-mitre-data-component--2b3bfe19-d59a-460d-93bb-2f546adc2d2c,T1195,Supply Chain Compromise,attack-pattern--3f18edba-28f4-4bb9-82c3-8aa60dcac5f7,False,DET0537,Behavioral detection for Supply Chain Compromise (package/update tamper → install → first-run),x-mitre-detection-strategy--18c9199f-d6b6-4efe-ac90-9a1b7b8c6f36,relationship--5f50e76f-fc9b-4f3f-948f-408f58ab2894,
DC0039,File Creation,x-mitre-data-component--2b3bfe19-d59a-460d-93bb-2f546adc2d2c,T1195.001,Compromise Software Dependencies and Development Tools,attack-pattern--191cc6af-1bb2-4344-ab5f-28e496638720,True,DET0009,Supply-chain tamper in dependencies/dev-tools (manager→write/install→first-run→egress),x-mitre-detection-strategy--ec870f2d-bba3-43f9-95b8-c2f85678dba4,relationship--f21676c2-dc39-4d2e-b551-5ed654dddef3,
DC0039,File Creation,x-mitre-data-component--2b3bfe19-d59a-460d-93bb-2f546adc2d2c,T1195.002,Compromise Software Supply Chain,attack-pattern--bd369cd9-abb8-41ce-b5bb-fff23ee86c00,True,DET0309,Compromised software/update chain (installer/write → first-run/child → egress/signature anomaly),x-mitre-detection-strategy--77d3b532-9c4f-4f9f-9581-3009b201435d,relationship--91cd8b1f-5c87-41be-b7e7-310d4c6b6c3e,
DC0039,File Creation,x-mitre-data-component--2b3bfe19-d59a-460d-93bb-2f546adc2d2c,T1200,Hardware Additions,attack-pattern--d40239b3-05ff-46d8-9bdd-b46d13463ef9,False,DET0069,Detect unauthorized or suspicious Hardware Additions (USB/Thunderbolt/Network),x-mitre-detection-strategy--e8d186eb-5450-4dc9-8458-89bbaed45643,relationship--a9a213e9-8227-4154-83af-2ab640f63efa,
DC0039,File Creation,x-mitre-data-component--2b3bfe19-d59a-460d-93bb-2f546adc2d2c,T1202,Indirect Command Execution,attack-pattern--3b0e52ce-517a-4614-a523-1bd5deef6c5e,False,DET0200,Indirect Command Execution – Windows utility abuse behavior chain,x-mitre-detection-strategy--f3cc2f0f-c657-4453-90a8-d7c9a59d6e37,relationship--8bb1b5ae-824e-41f2-b3a3-f852e8c9bffe,
DC0039,File Creation,x-mitre-data-component--2b3bfe19-d59a-460d-93bb-2f546adc2d2c,T1203,Exploitation for Client Execution,attack-pattern--be2dcee9-a7a7-4e38-afd6-21b31ecc3d63,False,DET0287,Exploitation for Client Execution – cross-platform behavior chain (browser/Office/3rd-party apps),x-mitre-detection-strategy--1894c2d7-ce4f-4cfd-8644-decb1e14f0c5,relationship--f094c21c-9872-4e82-88c1-c759979c4f10,
DC0039,File Creation,x-mitre-data-component--2b3bfe19-d59a-460d-93bb-2f546adc2d2c,T1204,User Execution,attack-pattern--8c32eb4d-805f-4fc5-bf60-c4d476c131b5,False,DET0478,User Execution – multi-surface behavior chain (documents/links → helper/unpacker → LOLBIN/child → egress),x-mitre-detection-strategy--70c9f174-2e96-4086-b59c-d2358e434f8e,relationship--7a3c280c-1116-4197-812a-e233eb1d5a17,
DC0039,File Creation,x-mitre-data-component--2b3bfe19-d59a-460d-93bb-2f546adc2d2c,T1204.001,Malicious Link,attack-pattern--ef67e13e-5598-4adc-bdb2-998225874fa9,True,DET0066,User Execution – Malicious Link (click → suspicious egress → download/write → follow-on activity),x-mitre-detection-strategy--b977bf63-8fe2-4538-b4f2-0098fe26d67b,relationship--8f834d41-f4f4-4662-88a2-bfe298515b91,
DC0039,File Creation,x-mitre-data-component--2b3bfe19-d59a-460d-93bb-2f546adc2d2c,T1204.002,Malicious File,attack-pattern--232b7f21-adf9-4b42-b936-b9d6f7df856e,True,DET0294,User Execution – Malicious File via download/open → spawn chain (T1204.002),x-mitre-detection-strategy--e2023eb5-d813-4a08-985e-e8c998672037,relationship--407375dd-0cc3-4eb4-9dd5-f92a9040b349,
DC0039,File Creation,x-mitre-data-component--2b3bfe19-d59a-460d-93bb-2f546adc2d2c,T1204.004,Malicious Copy and Paste,attack-pattern--e261a979-f354-41a8-963e-6cadac27c4bf,True,DET0340,User Execution – Malicious Copy & Paste (browser/email → shell with obfuscated one-liner) – T1204.004,x-mitre-detection-strategy--0dabfa5e-9c35-48ec-b825-ff1cce7a3d00,relationship--733c50f9-bc54-4eb0-9cd7-7fa341a4613d,
DC0039,File Creation,x-mitre-data-component--2b3bfe19-d59a-460d-93bb-2f546adc2d2c,T1204.005,Malicious Library,attack-pattern--73b24a10-6bf4-4af1-a81e-67b8bcb6c4e6,True,DET0252,User-Initiated Malicious Library Installation via Package Manager (T1204.005),x-mitre-detection-strategy--09caebdc-2ce4-4698-a40c-d91cb65f9720,relationship--b3e3de71-b34f-4c75-a8ad-5204ed38fc81,
DC0039,File Creation,x-mitre-data-component--2b3bfe19-d59a-460d-93bb-2f546adc2d2c,T1210,Exploitation of Remote Services,attack-pattern--9db0cf3a-a3c9-4012-8268-123b9db6fd82,False,DET0118,Exploitation of Remote Services – multi-platform lateral movement detection,x-mitre-detection-strategy--ee73dd97-cf1a-4220-a7cf-52d864811bb4,relationship--0730d238-c81d-415c-9db5-bff7368114d6,
DC0039,File Creation,x-mitre-data-component--2b3bfe19-d59a-460d-93bb-2f546adc2d2c,T1213.006,Databases,attack-pattern--248d3fe1-7fe1-4d71-91c7-8bb7ef35cad3,True,DET0242,Suspicious Database Access and Dump Activity Across Environments (T1213.006),x-mitre-detection-strategy--18fe3660-c079-4522-b1d7-7ce7f65f9686,relationship--0425a702-10d7-4033-9af3-7c2b76f4576b,
DC0039,File Creation,x-mitre-data-component--2b3bfe19-d59a-460d-93bb-2f546adc2d2c,T1216,System Script Proxy Execution,attack-pattern--f6fe9070-7a65-49ea-ae72-76292f42cebe,False,DET0466,Detection of Script-Based Proxy Execution via Signed Microsoft Utilities,x-mitre-detection-strategy--8ac2b0d0-a589-4c72-9287-a7d9e47065a9,relationship--68bf73c0-0448-4931-852b-36bdb10afb64,
DC0039,File Creation,x-mitre-data-component--2b3bfe19-d59a-460d-93bb-2f546adc2d2c,T1217,Browser Information Discovery,attack-pattern--5e4a2073-9643-44cb-a0b5-e7f4048446c7,False,DET0013,Detection of Local Browser Artifact Access for Reconnaissance,x-mitre-detection-strategy--3e5e2bda-40c0-4aea-90f1-8fc52096ad5e,relationship--48832f2d-d088-4d32-b41d-b15030559f96,
DC0039,File Creation,x-mitre-data-component--2b3bfe19-d59a-460d-93bb-2f546adc2d2c,T1218.001,Compiled HTML File,attack-pattern--a6937325-9321-4e2e-bb2b-3ed2d40b2a9d,True,DET0342,Detection of Suspicious Compiled HTML File Execution via hh.exe,x-mitre-detection-strategy--fafb9522-c185-48e0-b0a5-e65887f5deb4,relationship--f6a621a4-6a66-492d-82ed-848cc0bcaa76,
DC0039,File Creation,x-mitre-data-component--2b3bfe19-d59a-460d-93bb-2f546adc2d2c,T1218.002,Control Panel,attack-pattern--4ff5d6a8-c062-4c68-a778-36fc5edd564f,True,DET0194,Detection of Malicious Control Panel Item Execution via control.exe or Rundll32,x-mitre-detection-strategy--012e526a-dacd-4019-a019-bc68733395d2,relationship--82a7ec61-7aa6-426e-b469-342388735ee2,
DC0039,File Creation,x-mitre-data-component--2b3bfe19-d59a-460d-93bb-2f546adc2d2c,T1218.003,CMSTP,attack-pattern--4cbc6a62-9e34-4f94-8a19-5c1a11392a49,True,DET0328,Detection of Malicious Profile Installation via CMSTP.exe,x-mitre-detection-strategy--c254ecff-c728-4de8-a0f8-e5ad5015aa32,relationship--92a59f27-7dbc-4da9-b17e-816cb90fca1d,
DC0039,File Creation,x-mitre-data-component--2b3bfe19-d59a-460d-93bb-2f546adc2d2c,T1218.004,InstallUtil,attack-pattern--2cd950a6-16c4-404a-aa01-044322395107,True,DET0138,Detection of Malicious Code Execution via InstallUtil.exe,x-mitre-detection-strategy--7f7679d8-c2eb-4fcc-be46-27055ef491a6,relationship--a78534d4-b98e-4acd-8e51-337d5bb7877c,
DC0039,File Creation,x-mitre-data-component--2b3bfe19-d59a-460d-93bb-2f546adc2d2c,T1218.005,Mshta,attack-pattern--840a987a-99bd-4a80-a5c9-0cb2baa6cade,True,DET0506,Detecting Mshta-based Proxy Execution via Suspicious HTA or Script Invocation,x-mitre-detection-strategy--8d06728f-5b50-4925-a05c-4d56b17ba5d2,relationship--8f29d6eb-f347-4e12-a318-14ee84974f85,
DC0039,File Creation,x-mitre-data-component--2b3bfe19-d59a-460d-93bb-2f546adc2d2c,T1218.009,Regsvcs/Regasm,attack-pattern--c48a67ee-b657-45c1-91bf-6cdbe27205f8,True,DET0361,Detecting .NET COM Registration Abuse via Regsvcs/Regasm,x-mitre-detection-strategy--9c03f003-b859-42c6-b16d-c0979dfc202b,relationship--23d3f30e-9f30-4411-abba-04d31573205a,
DC0039,File Creation,x-mitre-data-component--2b3bfe19-d59a-460d-93bb-2f546adc2d2c,T1218.011,Rundll32,attack-pattern--045d0922-2310-4e60-b5e4-3302302cb3c5,True,DET0475,Detection Strategy for T1218.011 Rundll32 Abuse,x-mitre-detection-strategy--a51d4d34-78fc-49b7-9071-348905dd33c2,relationship--3b6dd089-2818-4717-9956-8829fe08f252,
DC0039,File Creation,x-mitre-data-component--2b3bfe19-d59a-460d-93bb-2f546adc2d2c,T1218.013,Mavinject,attack-pattern--1bae753e-8e52-4055-a66d-2ead90303ca9,True,DET0433,Detecting Code Injection via mavinject.exe (App-V Injector),x-mitre-detection-strategy--621ecbd0-a183-4dbd-913c-656436e62c1d,relationship--c313a043-5713-49d7-a13a-56af37ce46dd,
DC0039,File Creation,x-mitre-data-component--2b3bfe19-d59a-460d-93bb-2f546adc2d2c,T1218.014,MMC,attack-pattern--ffbcfdb0-de22-4106-9ed3-fc23c8a01407,True,DET0222,Detecting MMC (.msc) Proxy Execution and Malicious COM Activation,x-mitre-detection-strategy--f4560945-d62f-48b6-ae94-dcd93c471c45,relationship--e79ec747-79ad-4467-ae3b-724da019de1d,
DC0039,File Creation,x-mitre-data-component--2b3bfe19-d59a-460d-93bb-2f546adc2d2c,T1218.015,Electron Applications,attack-pattern--561ae9aa-c28a-4144-9eec-e7027a14c8c3,True,DET0025,Detecting Electron Application Abuse for Proxy Execution,x-mitre-detection-strategy--d41df11d-b2cd-4afc-89a5-9c77e7f31985,relationship--2d9779a5-5d91-40ba-8475-4264b261a8f8,
DC0039,File Creation,x-mitre-data-component--2b3bfe19-d59a-460d-93bb-2f546adc2d2c,T1219,Remote Access Tools,attack-pattern--4061e78c-1284-44b4-9116-73e4ac3912f7,False,DET0496,Behavior-Chain Detection for Remote Access Tools (Tool-Agnostic),x-mitre-detection-strategy--ec412019-109f-4f84-aa2f-d623f40254e0,relationship--153e37f3-37a6-439d-a7a1-888dc45673f0,
DC0039,File Creation,x-mitre-data-component--2b3bfe19-d59a-460d-93bb-2f546adc2d2c,T1219.001,IDE Tunneling,attack-pattern--77e29a47-e263-4f11-8692-e5012f44dbac,True,DET0133,"IDE Tunneling Detection via Process, File, and Network Behaviors",x-mitre-detection-strategy--3efcd3e4-9238-4686-990b-27ac110dccfd,relationship--1c74bb94-725b-430e-a4f4-166fc9bcee7f,
DC0039,File Creation,x-mitre-data-component--2b3bfe19-d59a-460d-93bb-2f546adc2d2c,T1219.002,Remote Desktop Software,attack-pattern--d4287702-e2f7-4946-bdfa-2c7f5aaa5032,True,DET0259,Remote Desktop Software Execution and Beaconing Detection,x-mitre-detection-strategy--834e853c-479d-4ddd-a1a3-349b09466b8d,relationship--c0b7b010-0199-4fc0-8ac4-f95bb26169ce,
DC0039,File Creation,x-mitre-data-component--2b3bfe19-d59a-460d-93bb-2f546adc2d2c,T1222,File and Directory Permissions Modification,attack-pattern--65917ae0-b854-4139-83fe-bf2441cf0196,False,DET0299,Multi-Platform File and Directory Permissions Modification Detection Strategy,x-mitre-detection-strategy--682ddf59-6de3-4765-a1c0-09b539fa5d4f,relationship--3f78696b-0ec4-4d0c-9e65-5bb26ee3ebe7,
DC0039,File Creation,x-mitre-data-component--2b3bfe19-d59a-460d-93bb-2f546adc2d2c,T1222.001,Windows File and Directory Permissions Modification,attack-pattern--34e793de-0274-4982-9c1a-246ed1c19dee,True,DET0418,Windows DACL Manipulation Behavioral Chain Detection Strategy,x-mitre-detection-strategy--a1b25828-57bf-470c-8f47-8ad4e1f6bbdb,relationship--6f2a1b10-44ce-4ce5-bf9a-7af20837ff10,
DC0039,File Creation,x-mitre-data-component--2b3bfe19-d59a-460d-93bb-2f546adc2d2c,T1480,Execution Guardrails,attack-pattern--853c4192-4311-43e1-bfbb-b11b14911852,False,DET0562,Multi-Platform Execution Guardrails Environmental Validation Detection Strategy,x-mitre-detection-strategy--99bdd6d6-ebef-40e2-83d2-2f39408c82e3,relationship--d1b82c9a-003e-4eb2-b34d-d2b2dbbebe19,
DC0039,File Creation,x-mitre-data-component--2b3bfe19-d59a-460d-93bb-2f546adc2d2c,T1480.002,Mutual Exclusion,attack-pattern--49fca0d2-685d-41eb-8bd4-05451cc3a742,True,DET0132,Detection of Mutex-Based Execution Guardrails Across Platforms,x-mitre-detection-strategy--d22f1848-fc32-4fdb-999b-9c0845fb6552,relationship--fe03f09f-ee1e-40ce-a413-a06b023e80f6,
DC0039,File Creation,x-mitre-data-component--2b3bfe19-d59a-460d-93bb-2f546adc2d2c,T1484.001,Group Policy Modification,attack-pattern--5d2be8b9-d24c-4e98-83bf-2f5f79477163,True,DET0305,Detection of Group Policy Modifications via AD Object Changes and File Activity,x-mitre-detection-strategy--7aa7d45f-64da-4f16-a905-b4881da82c62,relationship--a2e44357-a86a-4fe6-8f7f-d06558c6930e,
DC0039,File Creation,x-mitre-data-component--2b3bfe19-d59a-460d-93bb-2f546adc2d2c,T1485,Data Destruction,attack-pattern--d45a3d09-b3cf-48f4-9f0f-f521ee5cb05c,False,DET0146,Detection of Data Destruction Across Platforms via Mass Overwrite and Deletion Patterns,x-mitre-detection-strategy--c54fdf95-c7ac-4ca4-bd99-273e56da20a5,relationship--31ece083-4856-4057-bfca-5dd17221b34b,
DC0039,File Creation,x-mitre-data-component--2b3bfe19-d59a-460d-93bb-2f546adc2d2c,T1486,Data Encrypted for Impact,attack-pattern--b80d107d-fa0d-4b60-9684-b0433e8bdba0,False,DET0215,Detection of Multi-Platform File Encryption for Impact,x-mitre-detection-strategy--d080a1b1-5ad1-45a1-8f7b-b736986c20d9,relationship--245046a7-adc8-4a5a-84b4-e0af6c3b8dc7,
DC0039,File Creation,x-mitre-data-component--2b3bfe19-d59a-460d-93bb-2f546adc2d2c,T1491,Defacement,attack-pattern--5909f20f-3c39-4795-be06-ef1ea40d350b,False,DET0238,Defacement via File and Web Content Modification Across Platforms,x-mitre-detection-strategy--2d5f2445-a395-4012-b378-c953f2df7353,relationship--84ae8dca-13f2-420f-b473-0d28480e2002,
DC0039,File Creation,x-mitre-data-component--2b3bfe19-d59a-460d-93bb-2f546adc2d2c,T1491.001,Internal Defacement,attack-pattern--8c41090b-aa47-4331-986b-8c9a51a91103,True,DET0082,Internal Website and System Content Defacement via UI or Messaging Modifications,x-mitre-detection-strategy--c8b4a2e4-386f-45b3-b32a-8ca4113e5592,relationship--0222a8bd-9f8c-45f0-9d1b-cb0a2bd3c408,
DC0039,File Creation,x-mitre-data-component--2b3bfe19-d59a-460d-93bb-2f546adc2d2c,T1491.002,External Defacement,attack-pattern--0cfe31a7-81fc-472c-bc45-e2808d1066a3,True,DET0590,Behavioral Detection of External Website Defacement across Platforms,x-mitre-detection-strategy--33bbfada-99c8-4cac-8b21-fa013959001d,relationship--d52b008d-870a-488e-b872-3485409845f3,
DC0039,File Creation,x-mitre-data-component--2b3bfe19-d59a-460d-93bb-2f546adc2d2c,T1505.002,Transport Agent,attack-pattern--35187df2-31ed-43b6-a1f5-2f1d3d58d3f1,True,DET0166,Detection Strategy for T1505.002 - Transport Agent Abuse (Windows/Linux),x-mitre-detection-strategy--90ee8005-5476-422f-abe0-6c231f004cd6,relationship--91401670-9f34-4ba3-8e54-690c2d700021,
DC0039,File Creation,x-mitre-data-component--2b3bfe19-d59a-460d-93bb-2f546adc2d2c,T1505.003,Web Shell,attack-pattern--5d0d3609-d06d-49e1-b9c9-b544e0c618cb,True,DET0394,Web Shell Detection via Server Behavior and File Execution Chains,x-mitre-detection-strategy--abb052c6-4edd-4592-9b9b-e53a55ac53b8,relationship--6b31d2da-bc19-4d4e-9da4-b61688d0bd39,
DC0039,File Creation,x-mitre-data-component--2b3bfe19-d59a-460d-93bb-2f546adc2d2c,T1505.004,IIS Components,attack-pattern--b46a801b-fd98-491c-a25a-bca25d6e3001,True,DET0068,Detection Strategy for T1505.004 - Malicious IIS Components,x-mitre-detection-strategy--32af4177-8c33-43d8-8e2c-9e11ac6dd451,relationship--53537327-ef81-4b1d-ae90-710954832d4b,
DC0039,File Creation,x-mitre-data-component--2b3bfe19-d59a-460d-93bb-2f546adc2d2c,T1505.005,Terminal Services DLL,attack-pattern--379809f6-2fac-42c1-bd2e-e9dee70b27f8,True,DET0212,Detection Strategy for T1505.005 – Terminal Services DLL Modification (Windows),x-mitre-detection-strategy--d9073646-f875-4c38-9b37-e9ac11c40188,relationship--1b08f84f-6a97-4f3c-a5e6-4b99e09d9575,
DC0039,File Creation,x-mitre-data-component--2b3bfe19-d59a-460d-93bb-2f546adc2d2c,T1518.002,Backup Software Discovery,attack-pattern--4a6cfdae-1417-40c7-a84e-f59d21c58266,True,DET0088,"Backup Software Discovery via CLI, Registry, and Process Inspection (T1518.002)",x-mitre-detection-strategy--a3bdd6e2-92d3-45db-a486-9f051c68672b,relationship--143dc28d-6b45-4a97-833f-e47469216e0b,
DC0039,File Creation,x-mitre-data-component--2b3bfe19-d59a-460d-93bb-2f546adc2d2c,T1542,Pre-OS Boot,attack-pattern--7f0ca133-88c4-40c6-a62f-b3083a7fbc2e,False,DET0278,Detection Strategy for T1542 Pre-OS Boot,x-mitre-detection-strategy--abf6c96c-09f3-4bea-a5b7-1177f99881bc,relationship--31295488-09cd-4a34-a7e1-88f47fdef79e,
DC0039,File Creation,x-mitre-data-component--2b3bfe19-d59a-460d-93bb-2f546adc2d2c,T1542.001,System Firmware,attack-pattern--16ab6452-c3c1-497c-a47d-206018ca1ada,True,DET0099,Detection Strategy for T1542.001 Pre-OS Boot: System Firmware,x-mitre-detection-strategy--e90ab093-47a3-4c05-80b1-1919d2362ea9,relationship--46511214-e1d1-416e-b480-64c32350994b,
DC0039,File Creation,x-mitre-data-component--2b3bfe19-d59a-460d-93bb-2f546adc2d2c,T1542.003,Bootkit,attack-pattern--1b7b1806-7746-41a1-a35d-e48dae25ddba,True,DET0150,Detection Strategy for File Creation or Modification of Boot Files,x-mitre-detection-strategy--74252ca3-585e-466f-8020-ed77ebda3369,relationship--13bb7165-bf8b-4c39-a356-9a5c765956ea,
DC0039,File Creation,x-mitre-data-component--2b3bfe19-d59a-460d-93bb-2f546adc2d2c,T1543.001,Launch Agent,attack-pattern--d10cbd34-42e3-45c0-84d2-535a09849584,True,DET0434,Detection of Launch Agent Creation or Modification on macOS,x-mitre-detection-strategy--4dbd7441-627f-4d5a-a060-28fe6a8cbb9e,relationship--0f6c39d6-ff29-4c5d-8427-53eaa02617f0,
DC0039,File Creation,x-mitre-data-component--2b3bfe19-d59a-460d-93bb-2f546adc2d2c,T1543.002,Systemd Service,attack-pattern--dfefe2ed-4389-4318-8762-f0272b350a1b,True,DET0253,Detection of Systemd Service Creation or Modification on Linux,x-mitre-detection-strategy--3c335443-c161-4149-9c85-d7a014550099,relationship--03591820-bd88-4ad5-8d1b-11e8f28d495e,
DC0039,File Creation,x-mitre-data-component--2b3bfe19-d59a-460d-93bb-2f546adc2d2c,T1543.004,Launch Daemon,attack-pattern--573ad264-1371-4ae0-8482-d2673b719dba,True,DET0401,Detection Strategy for Launch Daemon Creation or Modification (macOS),x-mitre-detection-strategy--dcbcea6d-e822-4fe3-b9df-86d4d9cd5667,relationship--d4902b04-2ad3-4c4e-9c05-8c2cf45fe38d,
DC0039,File Creation,x-mitre-data-component--2b3bfe19-d59a-460d-93bb-2f546adc2d2c,T1546.008,Accessibility Features,attack-pattern--70e52b04-2a0c-4cea-9d18-7149f1df9dc5,True,DET0033,Detection Strategy for Accessibility Feature Hijacking via Binary Replacement or Registry Modification,x-mitre-detection-strategy--05cb564b-df98-44d8-8982-176136eef26d,relationship--4d6a7211-acfc-449b-bad9-8984c86cb45a,
DC0039,File Creation,x-mitre-data-component--2b3bfe19-d59a-460d-93bb-2f546adc2d2c,T1546.011,Application Shimming,attack-pattern--42fe883a-21ea-4cfb-b94a-78b6476dcc83,True,DET0017,Detection Strategy for Application Shimming via sdbinst.exe and Registry Artifacts (Windows),x-mitre-detection-strategy--22fe898e-3b53-468c-b2b2-dd59abc83297,relationship--d2ad0b63-ab0e-48a3-a8bc-2793f3897358,
DC0039,File Creation,x-mitre-data-component--2b3bfe19-d59a-460d-93bb-2f546adc2d2c,T1546.013,PowerShell Profile,attack-pattern--0f2c410d-d740-4ed9-abb1-b8f4a7faf6c3,True,DET0451,Detection Strategy for PowerShell Profile Persistence via profile.ps1 Modification,x-mitre-detection-strategy--f31ad178-1f54-41a6-b286-8040e7eb7158,relationship--bfe24cb5-f0d2-44e8-b576-b0550df5e75f,
DC0039,File Creation,x-mitre-data-component--2b3bfe19-d59a-460d-93bb-2f546adc2d2c,T1546.014,Emond,attack-pattern--9c45eaa3-8604-4780-8988-b5074dbb9ecd,True,DET0555,Detection Strategy for Event Triggered Execution via emond on macOS,x-mitre-detection-strategy--f0ef3932-5f60-4dfc-9725-8639d67349cc,relationship--a8e4b20c-1909-4e84-ac37-1132d6ddc178,
DC0039,File Creation,x-mitre-data-component--2b3bfe19-d59a-460d-93bb-2f546adc2d2c,T1546.016,Installer Packages,attack-pattern--da051493-ae9c-4b1b-9760-c009c46c9b56,True,DET0330,Detection Strategy for T1546.016 - Event Triggered Execution via Installer Packages,x-mitre-detection-strategy--04f3b20d-e208-4ca3-b1e5-9e996013bc8a,relationship--62cf94f4-0a7c-465d-adfa-e982e43e84e2,
DC0039,File Creation,x-mitre-data-component--2b3bfe19-d59a-460d-93bb-2f546adc2d2c,T1547,Boot or Logon Autostart Execution,attack-pattern--1ecb2399-e8ba-4f6b-8ba7-5c27d49405cf,False,DET0274,Boot or Logon Autostart Execution Detection Strategy,x-mitre-detection-strategy--a9796458-df5d-467f-b037-acad6c261f25,relationship--5a1625a0-a01c-41ca-8601-89faa103e31d,
DC0039,File Creation,x-mitre-data-component--2b3bfe19-d59a-460d-93bb-2f546adc2d2c,T1547.001,Registry Run Keys / Startup Folder,attack-pattern--9efb1ea7-c37b-4595-9640-b7680cd84279,True,DET0365,Detect Registry and Startup Folder Persistence (Windows),x-mitre-detection-strategy--8febbfe8-91ae-4625-8fc7-656639b90a11,relationship--78cd373e-443f-46e5-bde8-b05b15ca3d1e,
DC0039,File Creation,x-mitre-data-component--2b3bfe19-d59a-460d-93bb-2f546adc2d2c,T1547.003,Time Providers,attack-pattern--61afc315-860c-4364-825d-0d62b2e91edc,True,DET0122,Detect Abuse of Windows Time Providers for Persistence,x-mitre-detection-strategy--9c4b0b07-df7f-4697-8cd1-0b95ff6a6361,relationship--0b8b7d52-f626-4477-917c-74138035e5db,
DC0039,File Creation,x-mitre-data-component--2b3bfe19-d59a-460d-93bb-2f546adc2d2c,T1547.006,Kernel Modules and Extensions,attack-pattern--a1b52199-c8c5-438a-9ded-656f1d0888c6,True,DET0450,Detection Strategy for Kernel Modules and Extensions Autostart Execution,x-mitre-detection-strategy--df1da8e4-cabf-42f0-8f5f-2fa8086b1423,relationship--0fd967ee-9c2d-45ef-acfb-61ac5a909eaa,
DC0039,File Creation,x-mitre-data-component--2b3bfe19-d59a-460d-93bb-2f546adc2d2c,T1547.008,LSASS Driver,attack-pattern--f0589bc3-a6ae-425a-a3d5-5659bfee07f4,True,DET0225,Detect unauthorized LSASS driver persistence via LSA plugin abuse (Windows),x-mitre-detection-strategy--fbac07bf-65d5-4222-88bb-0ef798417ebb,relationship--3c2ece76-c163-48ab-8c7e-8780ffd72461,
DC0039,File Creation,x-mitre-data-component--2b3bfe19-d59a-460d-93bb-2f546adc2d2c,T1547.009,Shortcut Modification,attack-pattern--4ab929c6-ee2d-4fb5-aab4-b14be2ed7179,True,DET0180,Detection Strategy for T1547.009 – Shortcut Modification (Windows),x-mitre-detection-strategy--300931b1-bd28-4e91-ba6e-585f3563e8e4,relationship--29c78663-6f07-4ef3-a2be-8d43813d8880,
DC0039,File Creation,x-mitre-data-component--2b3bfe19-d59a-460d-93bb-2f546adc2d2c,T1547.010,Port Monitors,attack-pattern--43881e51-ac74-445b-b4c6-f9f9e9bf23fe,True,DET0204,Detection Strategy for T1547.010 – Port Monitor DLL Persistence via spoolsv.exe (Windows),x-mitre-detection-strategy--a62dbd10-5b61-489c-a465-8f792792778e,relationship--c30dfb12-041c-49d3-bce4-a7de82917d1e,
DC0039,File Creation,x-mitre-data-component--2b3bfe19-d59a-460d-93bb-2f546adc2d2c,T1547.012,Print Processors,attack-pattern--2de47683-f398-448f-b947-9abcc3e32fad,True,DET0026,Windows Detection Strategy for T1547.012 - Print Processor DLL Persistence,x-mitre-detection-strategy--b661f959-953f-4329-a43a-f1b060e7626b,relationship--1ac36840-525f-4361-86dc-3d6567a18b0a,
DC0039,File Creation,x-mitre-data-component--2b3bfe19-d59a-460d-93bb-2f546adc2d2c,T1547.013,XDG Autostart Entries,attack-pattern--e0232cb0-ded5-4c2e-9dc7-2893142a5c11,True,DET0390,Linux Detection Strategy for T1547.013 - XDG Autostart Entries,x-mitre-detection-strategy--c265ea42-9c5a-41f0-9627-d7ac0063ec98,relationship--9130b83f-5494-4289-9034-e90a2175f2e6,
DC0039,File Creation,x-mitre-data-component--2b3bfe19-d59a-460d-93bb-2f546adc2d2c,T1552,Unsecured Credentials,attack-pattern--435dfb86-2697-4867-85b5-2fef496c0517,False,DET0412,Detect Access or Search for Unsecured Credentials Across Platforms,x-mitre-detection-strategy--d1912fbc-aaac-4bb1-82f1-0713280ca9a1,relationship--9a673d77-b594-4115-9ffa-b1b38cf6de18,
DC0039,File Creation,x-mitre-data-component--2b3bfe19-d59a-460d-93bb-2f546adc2d2c,T1552.001,Credentials In Files,attack-pattern--837f9164-50af-4ac0-8219-379d8a74cefc,True,DET0307,Detect Access to Unsecured Credential Files Across Platforms,x-mitre-detection-strategy--b34a9911-8261-45b4-af09-3885f9b82cc6,relationship--eb816beb-0df8-4b41-840b-891bd1cf0ffa,
DC0039,File Creation,x-mitre-data-component--2b3bfe19-d59a-460d-93bb-2f546adc2d2c,T1552.003,Shell History,attack-pattern--8187bd2a-866f-4457-9009-86b0ddedffa3,True,DET0385,Detect Access and Parsing of .bash_history Files for Credential Harvesting,x-mitre-detection-strategy--653b555a-590f-40e4-9400-f14d0ed92252,relationship--e34c3bf9-4bb9-4afb-87f4-ba83818f7ee8,
DC0039,File Creation,x-mitre-data-component--2b3bfe19-d59a-460d-93bb-2f546adc2d2c,T1552.004,Private Keys,attack-pattern--60b508a1-6a5e-46b1-821a-9f7b78752abf,True,DET0549,Detect Suspicious Access to Private Key Files and Export Attempts Across Platforms,x-mitre-detection-strategy--84b5d372-eedb-4b69-bf78-9d4815e2b2b7,relationship--8895c536-acb4-4c5c-b6dd-d4b9fe2f95b9,
DC0039,File Creation,x-mitre-data-component--2b3bfe19-d59a-460d-93bb-2f546adc2d2c,T1552.006,Group Policy Preferences,attack-pattern--8d7bd4f5-3a89-4453-9c82-2c8894d5655e,True,DET0381,Detect Access and Decryption of Group Policy Preference (GPP) Credentials in SYSVOL,x-mitre-detection-strategy--69b08c7a-c2ab-4e56-935d-ec28143372de,relationship--d2a5aaa1-4faf-4b37-be23-bd1fcc7cd58a,
DC0039,File Creation,x-mitre-data-component--2b3bfe19-d59a-460d-93bb-2f546adc2d2c,T1553,Subvert Trust Controls,attack-pattern--b83e166d-13d7-4b52-8677-dff90c548fd7,False,DET0452,"Detect Subversion of Trust Controls via Certificate, Registry, and Attribute Manipulation",x-mitre-detection-strategy--73cde34a-247f-4ebc-87a5-ab6a9c400f40,relationship--9e91959a-a90f-4523-8ad3-8b713a919656,
DC0039,File Creation,x-mitre-data-component--2b3bfe19-d59a-460d-93bb-2f546adc2d2c,T1553.005,Mark-of-the-Web Bypass,attack-pattern--7e7c2fba-7cca-486c-9582-4c1bb2851961,True,DET0257,Detect Mark-of-the-Web (MOTW) Bypass via Container and Disk Image Files,x-mitre-detection-strategy--2556841e-474a-45c0-b827-4f5db6dcca31,relationship--7e5a5d4c-3fb4-4db0-9c42-f7345d4a208a,
DC0039,File Creation,x-mitre-data-component--2b3bfe19-d59a-460d-93bb-2f546adc2d2c,T1554,Compromise Host Software Binary,attack-pattern--960c3c86-1480-4d72-b4e0-8c242e84a5c5,False,DET0336,Detect Compromise of Host Software Binaries,x-mitre-detection-strategy--110a934e-881a-4e42-9619-b6de30f4a39e,relationship--3e8f14c9-f336-4f2a-ad91-5d82669d1d90,
DC0039,File Creation,x-mitre-data-component--2b3bfe19-d59a-460d-93bb-2f546adc2d2c,T1556.002,Password Filter DLL,attack-pattern--3731fbcd-0e43-47ae-ae6c-d15e510f0d42,True,DET0472,Detect Malicious Password Filter DLL Registration,x-mitre-detection-strategy--f722c058-8449-49ee-8e18-c3e76ec60a51,relationship--a19f09ed-2ca4-4b50-ac5c-1709b490ab3e,
DC0039,File Creation,x-mitre-data-component--2b3bfe19-d59a-460d-93bb-2f546adc2d2c,T1556.008,Network Provider DLL,attack-pattern--90c4a591-d02d-490b-92aa-619d9701ac04,True,DET0580,Detect Network Provider DLL Registration and Credential Capture,x-mitre-detection-strategy--552a7d85-4ac4-48cd-9072-61a4c6b2c682,relationship--f80b62c3-bab4-4c50-b725-1e49c90961bf,
DC0039,File Creation,x-mitre-data-component--2b3bfe19-d59a-460d-93bb-2f546adc2d2c,T1560,Archive Collected Data,attack-pattern--53ac20cd-aca3-406e-9aa0-9fc7fdc60a5a,False,DET0526,Detect Archiving and Encryption of Collected Data (T1560),x-mitre-detection-strategy--043bc738-1f07-4d28-9f5c-1b1f81525e7c,relationship--162725e0-fc79-42ea-95a3-436b1f772d5b,
DC0039,File Creation,x-mitre-data-component--2b3bfe19-d59a-460d-93bb-2f546adc2d2c,T1560.001,Archive via Utility,attack-pattern--00f90846-cbd1-4fc5-9233-df5c2bf2a662,True,DET0298,Detect Archiving via Utility (T1560.001),x-mitre-detection-strategy--e8528ab8-3467-423b-92b6-115f8ecc266d,relationship--c7013933-c677-45a7-9e5d-b3e76d2cd089,
DC0039,File Creation,x-mitre-data-component--2b3bfe19-d59a-460d-93bb-2f546adc2d2c,T1560.002,Archive via Library,attack-pattern--41868330-6ee2-4d0f-b743-9f2294c3c9b6,True,DET0268,Detect Archiving via Library (T1560.002),x-mitre-detection-strategy--a3dcb195-d1b5-4bce-b62b-ba9bdaed56d5,relationship--61d0daa0-1566-445b-b9ef-1fc5152ab8f7,
DC0039,File Creation,x-mitre-data-component--2b3bfe19-d59a-460d-93bb-2f546adc2d2c,T1560.003,Archive via Custom Method,attack-pattern--143c0cbb-a297-4142-9624-87ffc778980b,True,DET0438,Detect Archiving via Custom Method (T1560.003),x-mitre-detection-strategy--edf894b7-052a-4baf-8984-f01ec773c80c,relationship--faac8263-f700-42c5-a7a7-302c7ea07848,
DC0039,File Creation,x-mitre-data-component--2b3bfe19-d59a-460d-93bb-2f546adc2d2c,T1564,Hide Artifacts,attack-pattern--22905430-4901-4c2a-84f6-98243cb173f8,False,DET0502,Detection Strategy for Hidden Artifacts Across Platforms,x-mitre-detection-strategy--bd2348f8-acef-4310-bd03-cf7b866d2592,relationship--cd3ee69c-01d3-41a0-9e5e-caebaf1776c7,
DC0039,File Creation,x-mitre-data-component--2b3bfe19-d59a-460d-93bb-2f546adc2d2c,T1564.001,Hidden Files and Directories,attack-pattern--ec8fc7e2-b356-455c-8db5-2e37be158e7d,True,DET0032,Detection Strategy for Hidden Files and Directories,x-mitre-detection-strategy--3f59957a-2e55-4378-bbe7-090fb1e4f067,relationship--1c135a0c-a6dc-404e-8a38-d4db97d5eb4b,
DC0039,File Creation,x-mitre-data-component--2b3bfe19-d59a-460d-93bb-2f546adc2d2c,T1564.004,NTFS File Attributes,attack-pattern--f2857333-11d4-45bf-b064-2c28d8525be5,True,DET0432,Detection Strategy for NTFS File Attribute Abuse (ADS/EAs),x-mitre-detection-strategy--08f7fa2b-13f3-4348-83b8-023c2a68493f,relationship--1c22fcf1-cfeb-4318-8573-c035b04680df,
DC0039,File Creation,x-mitre-data-component--2b3bfe19-d59a-460d-93bb-2f546adc2d2c,T1564.006,Run Virtual Instance,attack-pattern--b5327dd1-6bf9-4785-a199-25bcbd1f4a9d,True,DET0321,Detection Strategy for Hidden Virtual Instance Execution,x-mitre-detection-strategy--55321f9d-1646-45b9-b23e-e3c0fe105400,relationship--3ef5c5df-8e91-49c0-bdf8-e2d826c5e7b3,
DC0039,File Creation,x-mitre-data-component--2b3bfe19-d59a-460d-93bb-2f546adc2d2c,T1564.007,VBA Stomping,attack-pattern--c898c4b5-bf36-4e6e-a4ad-5b8c4c13e35b,True,DET0012,Detection Strategy for VBA Stomping,x-mitre-detection-strategy--6d2e2f19-f5ae-4ba0-aea7-52cc257169e5,relationship--15d4e0ff-17f8-44f1-8f01-167dcad0e288,
DC0039,File Creation,x-mitre-data-component--2b3bfe19-d59a-460d-93bb-2f546adc2d2c,T1564.012,File/Path Exclusions,attack-pattern--09b008a9-b4eb-462a-a751-a0eb58050cd9,True,DET0051,Detection Strategy for File/Path Exclusions,x-mitre-detection-strategy--f9175415-59ba-497c-b96f-639e01f4cf4e,relationship--34cc64f1-eeb5-49cd-8077-5986c332fe06,
DC0039,File Creation,x-mitre-data-component--2b3bfe19-d59a-460d-93bb-2f546adc2d2c,T1564.013,Bind Mounts,attack-pattern--5bd41255-a224-4425-a2e2-e9d293eafe1c,True,DET0428,Detection Strategy for Bind Mounts on Linux,x-mitre-detection-strategy--b79f47ca-4c42-4658-ba71-a6374778eb98,relationship--4e46ebb7-87d4-49b1-b0f8-93d897b0ab01,
DC0039,File Creation,x-mitre-data-component--2b3bfe19-d59a-460d-93bb-2f546adc2d2c,T1565,Data Manipulation,attack-pattern--ac9e6b22-11bf-45d7-9181-c1cb08360931,False,DET0059,Detection Strategy for Data Manipulation,x-mitre-detection-strategy--cce3ccaf-87ac-47ae-b9e2-6507b91cb63d,relationship--c05c1979-c5f3-4c01-81dd-45db2055a28c,
DC0039,File Creation,x-mitre-data-component--2b3bfe19-d59a-460d-93bb-2f546adc2d2c,T1565.001,Stored Data Manipulation,attack-pattern--1cfcb312-b8d7-47a4-b560-4b16cc677292,True,DET0193,Detection Strategy for Stored Data Manipulation across OS Platforms.,x-mitre-detection-strategy--e3776b4e-00b0-44cd-9e77-5df960a979d7,relationship--dd944718-7cca-4d53-9b2b-75ee9c253fc9,
DC0039,File Creation,x-mitre-data-component--2b3bfe19-d59a-460d-93bb-2f546adc2d2c,T1565.003,Runtime Data Manipulation,attack-pattern--32ad5c86-2bcf-47d8-8fdc-d7f3d79a7490,True,DET0391,Detection Strategy for Runtime Data Manipulation.,x-mitre-detection-strategy--41107d12-dd2e-439f-af29-1a10dcfcb6ce,relationship--c3e03eff-201b-4857-ba09-4999335de433,
DC0039,File Creation,x-mitre-data-component--2b3bfe19-d59a-460d-93bb-2f546adc2d2c,T1566,Phishing,attack-pattern--a62a8db3-f23a-4d8f-afd6-9dbc77e7813b,False,DET0070,Detection Strategy for Phishing across platforms.,x-mitre-detection-strategy--7ee73f2e-76b2-4f00-bcc0-7fb79d31d344,relationship--90a84c7a-e685-4ec1-8195-69eea3fc1507,
DC0039,File Creation,x-mitre-data-component--2b3bfe19-d59a-460d-93bb-2f546adc2d2c,T1566.001,Spearphishing Attachment,attack-pattern--2e34237d-8574-43f6-aace-ae2915de8597,True,DET0236,Detection Strategy for Spearphishing Attachment across OS Platforms,x-mitre-detection-strategy--8d904004-e492-4f76-9f84-be75fc61e5c5,relationship--1b5a88b4-27e1-4a35-9c47-c2a25182ce1d,
DC0039,File Creation,x-mitre-data-component--2b3bfe19-d59a-460d-93bb-2f546adc2d2c,T1566.003,Spearphishing via Service,attack-pattern--f6ad61ee-65f3-4bd0-a3f5-2f0accb36317,True,DET0115,Detection Strategy for Spearphishing via a Service across OS Platforms,x-mitre-detection-strategy--dd232215-bb7f-461f-ac3f-e7cf5612e396,relationship--3309fc34-0c04-4b0a-8bbc-9beb546ea78e,
DC0039,File Creation,x-mitre-data-component--2b3bfe19-d59a-460d-93bb-2f546adc2d2c,T1567,Exfiltration Over Web Service,attack-pattern--40597f16-0963-4249-bf4c-ac93b7fb9807,False,DET0548,Detection Strategy for Exfiltration Over Web Service,x-mitre-detection-strategy--1753ab98-4530-4284-9bc3-5d4813abfb9e,relationship--2d284ff6-5204-4bde-b4f5-c172dd4c4ca3,
DC0039,File Creation,x-mitre-data-component--2b3bfe19-d59a-460d-93bb-2f546adc2d2c,T1570,Lateral Tool Transfer,attack-pattern--bf90d72c-c00b-45e3-b3aa-68560560d4c5,False,DET0183,Detection Strategy for Lateral Tool Transfer across OS platforms,x-mitre-detection-strategy--156ddd81-b3ae-4a79-8c4e-7a75b6fd994c,relationship--f66b9063-a4c3-4f41-8fb3-4a7ea1eeb34c,
DC0039,File Creation,x-mitre-data-component--2b3bfe19-d59a-460d-93bb-2f546adc2d2c,T1574,Hijack Execution Flow,attack-pattern--aedfca76-3b30-4866-b2aa-0f1d7fd1e4b6,False,DET0218,Detection Strategy for Hijack Execution Flow across OS platforms.,x-mitre-detection-strategy--07669925-383b-455b-a3e2-3a79e18eed27,relationship--978cce2b-4185-4d79-87c9-4754712b5623,
DC0039,File Creation,x-mitre-data-component--2b3bfe19-d59a-460d-93bb-2f546adc2d2c,T1574.001,DLL,attack-pattern--2fee9321-3e71-4cf4-af24-d4d40d355b34,True,DET0201,Detection Strategy for Hijack Execution Flow for DLLs,x-mitre-detection-strategy--bd33de0c-1ed7-42ea-b77d-1fd5d33acd3b,relationship--21fcc54f-0e35-4b2f-8c97-294f0f345d3f,
DC0039,File Creation,x-mitre-data-component--2b3bfe19-d59a-460d-93bb-2f546adc2d2c,T1574.004,Dylib Hijacking,attack-pattern--fc742192-19e3-466c-9eb5-964a97b29490,True,DET0152,Detection Strategy for Hijack Execution Flow: Dylib Hijacking,x-mitre-detection-strategy--eca47fcc-6bee-43b1-9569-631a22be5fe0,relationship--89ecadf2-0a07-44d5-9209-6215eb4fab32,
DC0039,File Creation,x-mitre-data-component--2b3bfe19-d59a-460d-93bb-2f546adc2d2c,T1574.005,Executable Installer File Permissions Weakness,attack-pattern--70d81154-b187-45f9-8ec5-295d01255979,True,DET0038,Detection Strategy for Hijack Execution Flow using Executable Installer File Permissions Weakness,x-mitre-detection-strategy--07b1eb42-4f7b-4420-972e-2f28f17c0fa0,relationship--3461a5d4-6ab6-4b4b-8c3c-b1a632d09dc2,
DC0039,File Creation,x-mitre-data-component--2b3bfe19-d59a-460d-93bb-2f546adc2d2c,T1574.006,Dynamic Linker Hijacking,attack-pattern--633a100c-b2c9-41bf-9be5-905c1b16c825,True,DET0435,Detection Strategy for Hijack Execution Flow: Dynamic Linker Hijacking,x-mitre-detection-strategy--da2107bd-4733-4d0b-a35c-33f7883e9ae9,relationship--7cc0a19d-6627-483b-9de1-a723124fa736,
DC0039,File Creation,x-mitre-data-component--2b3bfe19-d59a-460d-93bb-2f546adc2d2c,T1574.007,Path Interception by PATH Environment Variable,attack-pattern--0c2d00da-7742-49e7-9928-4514e5075d32,True,DET0004,Detection Strategy for Hijack Execution Flow using Path Interception by PATH Environment Variable.,x-mitre-detection-strategy--4b2bc278-fc80-4ff8-87a3-a6843a9e683a,relationship--275bda52-48a5-48ee-b578-2298cd7a32d7,
DC0039,File Creation,x-mitre-data-component--2b3bfe19-d59a-460d-93bb-2f546adc2d2c,T1574.008,Path Interception by Search Order Hijacking,attack-pattern--58af3705-8740-4c68-9329-ec015a7013c2,True,DET0564,Detection Strategy for Hijack Execution Flow using Path Interception by Search Order Hijacking,x-mitre-detection-strategy--9050bfb8-840d-4464-b4e8-7a0dbdece715,relationship--0e86516c-14bb-4457-8869-aeda2a2b42f5,
DC0039,File Creation,x-mitre-data-component--2b3bfe19-d59a-460d-93bb-2f546adc2d2c,T1574.009,Path Interception by Unquoted Path,attack-pattern--bf96a5a3-3bce-43b7-8597-88545984c07b,True,DET0064,Detection Strategy for Hijack Execution Flow through Path Interception by Unquoted Path,x-mitre-detection-strategy--26a281d7-c49e-4e36-ab51-26a757559cf0,relationship--b55f3cb7-c47c-4b8d-91b2-cb91da1ee73d,
DC0039,File Creation,x-mitre-data-component--2b3bfe19-d59a-460d-93bb-2f546adc2d2c,T1574.010,Services File Permissions Weakness,attack-pattern--9e8b28c9-35fe-48ac-a14d-e6cc032dcbcd,True,DET0436,Detection Strategy for Hijack Execution Flow through Services File Permissions Weakness.,x-mitre-detection-strategy--7e71997a-80b5-4d0d-807e-472116b46b77,relationship--5346102a-9994-4eb2-ab3e-b430fe4f6c67,
DC0039,File Creation,x-mitre-data-component--2b3bfe19-d59a-460d-93bb-2f546adc2d2c,T1574.012,COR_PROFILER,attack-pattern--ffeb0780-356e-4261-b036-cfb6bd234335,True,DET0479,Detection Strategy for Hijack Execution Flow using the Windows COR_PROFILER.,x-mitre-detection-strategy--8276f61b-0147-4e72-94fb-7cdd47dc60ec,relationship--d6cbd80f-a221-4c61-b859-c54576b15b0e,
DC0039,File Creation,x-mitre-data-component--2b3bfe19-d59a-460d-93bb-2f546adc2d2c,T1574.014,AppDomainManager,attack-pattern--356662f7-e315-4759-86c9-6214e2a50ff8,True,DET0517,Detection Strategy for Hijack Execution Flow through the AppDomainManager on Windows.,x-mitre-detection-strategy--387ae9f0-0b8b-49b9-ab85-8f325a583d24,relationship--66f784b0-ff60-4199-ae52-2bc2679bec1e,
DC0039,File Creation,x-mitre-data-component--2b3bfe19-d59a-460d-93bb-2f546adc2d2c,T1606.001,Web Cookies,attack-pattern--861b8fd2-57f3-4ee1-ab5d-c19c3b8c7a4a,True,DET0171,Detection Strategy for Forged Web Cookies,x-mitre-detection-strategy--e1854c9f-2b70-4311-9a46-a420f6c0b6d0,relationship--a5166ebe-100e-4cae-abc9-2065c1d3bcd6,
DC0039,File Creation,x-mitre-data-component--2b3bfe19-d59a-460d-93bb-2f546adc2d2c,T1611,Escape to Host,attack-pattern--4a5b7ade-8bb5-4853-84ed-23f262002665,False,DET0219,Detection Strategy for Escape to Host,x-mitre-detection-strategy--8796c5cc-7e5a-402f-8252-f083aafc5cc9,relationship--a7131e1e-1898-403a-b431-099e7c62393c,
DC0039,File Creation,x-mitre-data-component--2b3bfe19-d59a-460d-93bb-2f546adc2d2c,T1659,Content Injection,attack-pattern--43c9bc06-715b-42db-972f-52d25c09a20c,False,DET0349,Detection Strategy for Content Injection,x-mitre-detection-strategy--7a084a47-c4ea-4996-8d23-ffe0b19206fb,relationship--622e1dcc-6185-4559-92bc-ddc6ea3c30e6,
DC0039,File Creation,x-mitre-data-component--2b3bfe19-d59a-460d-93bb-2f546adc2d2c,T1667,Email Bombing,attack-pattern--bed81616-3dde-4685-be6e-ba9820f9a7ed,False,DET0355,Detection Strategy for Email Bombing,x-mitre-detection-strategy--9a66295a-9f47-47a8-bda4-935cd311186a,relationship--f534e0c4-f16c-45cd-a4cb-be462c69fc0a,
DC0040,File Deletion,x-mitre-data-component--e905dad2-00d6-477c-97e8-800427abd0e8,T1070,Indicator Removal,attack-pattern--799ace7f-e227-4411-baa0-8868704f2a69,False,DET0184,Behavioral Detection of Indicator Removal Across Platforms,x-mitre-detection-strategy--7225a3bd-f235-4c13-a236-3c6b9a3d445c,relationship--9b0ed970-db3e-4239-92dc-51c509d6a9c6,
DC0040,File Deletion,x-mitre-data-component--e905dad2-00d6-477c-97e8-800427abd0e8,T1070.001,Clear Windows Event Logs,attack-pattern--6495ae23-3ab4-43c5-a94f-5638a2c31fd2,True,DET0532,Detection of Event Log Clearing on Windows via Behavioral Chain,x-mitre-detection-strategy--d340864e-5685-48d5-8a78-3c55a7169207,relationship--89cbb3d5-1229-4d6b-a2f3-9e8918c8eb40,
DC0040,File Deletion,x-mitre-data-component--e905dad2-00d6-477c-97e8-800427abd0e8,T1070.002,Clear Linux or Mac System Logs,attack-pattern--2bce5b30-7014-4a5d-ade7-12913fe6ac36,True,DET0520,Behavioral Detection of Log File Clearing on Linux and macOS,x-mitre-detection-strategy--20d79eae-0c09-410a-b99a-f8cb6ec9153c,relationship--4f531187-6cf5-4f54-86c3-9437d594ec7e,
DC0040,File Deletion,x-mitre-data-component--e905dad2-00d6-477c-97e8-800427abd0e8,T1070.003,Clear Command History,attack-pattern--3aef9463-9a7a-43ba-8957-a867e07c1e6a,True,DET0165,Behavioral Detection of Command History Clearing,x-mitre-detection-strategy--dcc65927-b113-4f42-b7bd-adb6caebf24a,relationship--eddaad17-65b1-4c89-a274-1a797080933e,
DC0040,File Deletion,x-mitre-data-component--e905dad2-00d6-477c-97e8-800427abd0e8,T1070.004,File Deletion,attack-pattern--d63a3fb8-9452-4e9d-a60a-54be68d5998c,True,DET0140,Behavioral Detection of Malicious File Deletion,x-mitre-detection-strategy--b96fce76-6b29-4e1c-b8b1-741f45a89fdc,relationship--835140e8-6e8f-4a51-a555-5b602d7b3390,
DC0040,File Deletion,x-mitre-data-component--e905dad2-00d6-477c-97e8-800427abd0e8,T1070.008,Clear Mailbox Data,attack-pattern--438c967d-3996-4870-bfc2-3954752a1927,True,DET0266,Behavioral Detection of Mailbox Data and Log Deletion for Anti-Forensics,x-mitre-detection-strategy--08633541-0006-480a-a2d9-e1c81952cc71,relationship--36707c40-9a27-4d62-8bcb-2ad419b3fa2d,
DC0040,File Deletion,x-mitre-data-component--e905dad2-00d6-477c-97e8-800427abd0e8,T1070.009,Clear Persistence,attack-pattern--d2c4e5ea-dbdf-4113-805a-b1e2a337fb33,True,DET0040,Detection of Persistence Artifact Removal Across Host Platforms,x-mitre-detection-strategy--80eb76bc-6599-4adf-8d8c-8126e7e63d12,relationship--b1a5df9f-7a6e-48f4-b779-cc11e9db0e24,
DC0040,File Deletion,x-mitre-data-component--e905dad2-00d6-477c-97e8-800427abd0e8,T1070.010,Relocate Malware,attack-pattern--cc36eeae-2209-4e63-89d3-c97e19edf280,True,DET0439,Detection of Malware Relocation via Suspicious File Movement,x-mitre-detection-strategy--3fa3299e-a8c2-4555-890b-544314ae1e44,relationship--3008ab46-7c87-49dd-9c56-aa66c54b80af,
DC0040,File Deletion,x-mitre-data-component--e905dad2-00d6-477c-97e8-800427abd0e8,T1485,Data Destruction,attack-pattern--d45a3d09-b3cf-48f4-9f0f-f521ee5cb05c,False,DET0146,Detection of Data Destruction Across Platforms via Mass Overwrite and Deletion Patterns,x-mitre-detection-strategy--c54fdf95-c7ac-4ca4-bd99-273e56da20a5,relationship--31ece083-4856-4057-bfca-5dd17221b34b,
DC0040,File Deletion,x-mitre-data-component--e905dad2-00d6-477c-97e8-800427abd0e8,T1489,Service Stop,attack-pattern--20fb2507-d71c-455d-9b6d-6104461cf26b,False,DET0021,Behavioral Detection for Service Stop across Platforms,x-mitre-detection-strategy--ae37afa8-87d5-4091-ac33-010e78eefe97,relationship--091187a1-a960-4731-829d-de865e7d49a1,
DC0040,File Deletion,x-mitre-data-component--e905dad2-00d6-477c-97e8-800427abd0e8,T1490,Inhibit System Recovery,attack-pattern--f5d8eed6-48a9-4cdf-a3d7-d1ffa99c3d2a,False,DET0329,Behavioral Detection for T1490 - Inhibit System Recovery,x-mitre-detection-strategy--b13116ed-e9c0-4cd5-81f6-676074078477,relationship--e34bd177-1fb3-46fe-adc1-d40f6538aae7,
DC0040,File Deletion,x-mitre-data-component--e905dad2-00d6-477c-97e8-800427abd0e8,T1565.001,Stored Data Manipulation,attack-pattern--1cfcb312-b8d7-47a4-b560-4b16cc677292,True,DET0193,Detection Strategy for Stored Data Manipulation across OS Platforms.,x-mitre-detection-strategy--e3776b4e-00b0-44cd-9e77-5df960a979d7,relationship--dd944718-7cca-4d53-9b2b-75ee9c253fc9,
DC0041,Service Metadata,x-mitre-data-component--74fa567d-bc90-425c-8a41-3c703abb221c,T1021.006,Windows Remote Management,attack-pattern--60d0c01d-e2bf-49dd-a453-f8a9c9fa6f65,True,DET0477,Behavioral Detection of WinRM-Based Remote Access,x-mitre-detection-strategy--7ff1f384-2373-4ea9-9311-1587b520a5c4,relationship--e7e42cbd-8c98-4905-95ac-8acabbb90dcd,
DC0041,Service Metadata,x-mitre-data-component--74fa567d-bc90-425c-8a41-3c703abb221c,T1036,Masquerading,attack-pattern--42e8de7b-37b2-4258-905a-6897815e58e0,False,DET0127,Behavioral Detection of Masquerading Across Platforms via Metadata and Execution Discrepancy,x-mitre-detection-strategy--408aedab-4a23-41ad-809d-fe9c3805b7f6,relationship--f6da021e-aaec-4010-baa9-1a02d9e40f9b,
DC0041,Service Metadata,x-mitre-data-component--74fa567d-bc90-425c-8a41-3c703abb221c,T1036.004,Masquerade Task or Service,attack-pattern--7bdca9d5-d500-4d7d-8c52-5fd47baf4c0c,True,DET0117,Detection of Masqueraded Tasks or Services with Suspicious Naming and Execution,x-mitre-detection-strategy--45665335-5bf0-4553-9398-ea40d550cbff,relationship--f0f024f2-b4c2-432e-a3b9-5a2e5ecee53f,
DC0041,Service Metadata,x-mitre-data-component--74fa567d-bc90-425c-8a41-3c703abb221c,T1036.005,Match Legitimate Resource Name or Location,attack-pattern--1c4e5d32-1fe9-4116-9d9d-59e3925bd6a2,True,DET0347,Detection Strategy for Masquerading via Legitimate Resource Name or Location,x-mitre-detection-strategy--b667390b-a805-401d-9e02-929204825114,relationship--e4659daa-3a14-4873-a1e3-5dc132420257,
DC0041,Service Metadata,x-mitre-data-component--74fa567d-bc90-425c-8a41-3c703abb221c,T1037,Boot or Logon Initialization Scripts,attack-pattern--03259939-0b57-482f-8eb5-87c0e0d54334,False,DET0112,Boot or Logon Initialization Scripts Detection Strategy,x-mitre-detection-strategy--6928b108-f04e-4a9b-bda5-53bb0c64ec9b,relationship--db152098-ded9-4b20-9b0a-0044921dae84,
DC0041,Service Metadata,x-mitre-data-component--74fa567d-bc90-425c-8a41-3c703abb221c,T1489,Service Stop,attack-pattern--20fb2507-d71c-455d-9b6d-6104461cf26b,False,DET0021,Behavioral Detection for Service Stop across Platforms,x-mitre-detection-strategy--ae37afa8-87d5-4091-ac33-010e78eefe97,relationship--091187a1-a960-4731-829d-de865e7d49a1,
DC0041,Service Metadata,x-mitre-data-component--74fa567d-bc90-425c-8a41-3c703abb221c,T1490,Inhibit System Recovery,attack-pattern--f5d8eed6-48a9-4cdf-a3d7-d1ffa99c3d2a,False,DET0329,Behavioral Detection for T1490 - Inhibit System Recovery,x-mitre-detection-strategy--b13116ed-e9c0-4cd5-81f6-676074078477,relationship--e34bd177-1fb3-46fe-adc1-d40f6538aae7,
DC0041,Service Metadata,x-mitre-data-component--74fa567d-bc90-425c-8a41-3c703abb221c,T1547,Boot or Logon Autostart Execution,attack-pattern--1ecb2399-e8ba-4f6b-8ba7-5c27d49405cf,False,DET0274,Boot or Logon Autostart Execution Detection Strategy,x-mitre-detection-strategy--a9796458-df5d-467f-b037-acad6c261f25,relationship--5a1625a0-a01c-41ca-8601-89faa103e31d,
DC0041,Service Metadata,x-mitre-data-component--74fa567d-bc90-425c-8a41-3c703abb221c,T1562,Impair Defenses,attack-pattern--3d333250-30e4-4a82-9edc-756c68afc529,False,DET0317,Detection Strategy for Impair Defenses Across Platforms,x-mitre-detection-strategy--e8e88bcd-0294-48d2-bd3c-0408814f4a69,relationship--d959e68e-9ed8-4e86-814a-4a0df15c0448,
DC0041,Service Metadata,x-mitre-data-component--74fa567d-bc90-425c-8a41-3c703abb221c,T1562.001,Disable or Modify Tools,attack-pattern--ac08589e-ee59-4935-8667-d845e38fe579,True,DET0497,Detection of Impair Defenses through Disabled or Modified Tools across OS Platforms.,x-mitre-detection-strategy--a21019ad-f6d2-4806-be7b-01ba27c63147,relationship--325b752a-0c12-42ec-9dfb-112a83c73518,
DC0041,Service Metadata,x-mitre-data-component--74fa567d-bc90-425c-8a41-3c703abb221c,T1562.002,Disable Windows Event Logging,attack-pattern--4eb28bed-d11a-4641-9863-c2ac017d910a,True,DET0187,Detect disabled Windows event logging,x-mitre-detection-strategy--cfedfc6c-6e31-481b-be1e-e23a760fec44,relationship--3e567c4c-4248-4219-b51c-749618197c71,
DC0041,Service Metadata,x-mitre-data-component--74fa567d-bc90-425c-8a41-3c703abb221c,T1562.012,Disable or Modify Linux Audit System,attack-pattern--562e9b64-7239-493d-80f4-2bff900d9054,True,DET0062,Detection Strategy for Disable or Modify Linux Audit System,x-mitre-detection-strategy--1d769567-7e82-47f4-8dc8-5a503f524134,relationship--2c4b8cd4-3eb9-40c0-87ef-05fb39bc5f48,
DC0041,Service Metadata,x-mitre-data-component--74fa567d-bc90-425c-8a41-3c703abb221c,T1574,Hijack Execution Flow,attack-pattern--aedfca76-3b30-4866-b2aa-0f1d7fd1e4b6,False,DET0218,Detection Strategy for Hijack Execution Flow across OS platforms.,x-mitre-detection-strategy--07669925-383b-455b-a3e2-3a79e18eed27,relationship--978cce2b-4185-4d79-87c9-4754712b5623,
DC0042,Drive Creation,x-mitre-data-component--3d6e6b3b-4aa8-40e1-8c47-91db0f313d9f,T1025,Data from Removable Media,attack-pattern--1b7ba276-eedc-4951-a762-0ceea2c030ec,False,DET0511,Detection of Data Access and Collection from Removable Media,x-mitre-detection-strategy--a5800f15-f024-4701-912a-20d7e1cb465a,relationship--b3d51de7-1b65-4b89-9768-31c96a731a4d,
DC0042,Drive Creation,x-mitre-data-component--3d6e6b3b-4aa8-40e1-8c47-91db0f313d9f,T1052,Exfiltration Over Physical Medium,attack-pattern--e6415f09-df0e-48de-9aba-928c902b7549,False,DET0123,Detection of Data Exfiltration via Removable Media,x-mitre-detection-strategy--7ac4c58e-73de-4da1-8fc3-c2ccc511d884,relationship--c5916728-0360-40c3-84f7-0f47a47f828f,
DC0042,Drive Creation,x-mitre-data-component--3d6e6b3b-4aa8-40e1-8c47-91db0f313d9f,T1052.001,Exfiltration over USB,attack-pattern--a3e1e6c5-9c74-4fc0-a16c-a9d228c17829,True,DET0220,Detection of USB-Based Data Exfiltration,x-mitre-detection-strategy--f6dd18b4-8534-4883-8d57-80655418bed4,relationship--ac616a6d-dca9-4aec-b9f4-7121c56b271a,
DC0042,Drive Creation,x-mitre-data-component--3d6e6b3b-4aa8-40e1-8c47-91db0f313d9f,T1091,Replication Through Removable Media,attack-pattern--3b744087-9945-4a6f-91e8-9dbceda417a4,False,DET0301,Removable Media Execution Chain Detection via File and Process Activity,x-mitre-detection-strategy--8225c396-cbf9-499a-b94d-bdc7a1f07458,relationship--9421f9f1-c10a-49bf-991f-1df07b8953f0,
DC0042,Drive Creation,x-mitre-data-component--3d6e6b3b-4aa8-40e1-8c47-91db0f313d9f,T1092,Communication Through Removable Media,attack-pattern--64196062-5210-42c3-9a02-563a0d1797ef,False,DET0090,Cross-host C2 via Removable Media Relay,x-mitre-detection-strategy--2cbbc0b5-2c4b-4861-91d3-1f64a47ef191,relationship--2a15d658-c99d-4291-a5d1-4c27ade7b697,
DC0042,Drive Creation,x-mitre-data-component--3d6e6b3b-4aa8-40e1-8c47-91db0f313d9f,T1200,Hardware Additions,attack-pattern--d40239b3-05ff-46d8-9bdd-b46d13463ef9,False,DET0069,Detect unauthorized or suspicious Hardware Additions (USB/Thunderbolt/Network),x-mitre-detection-strategy--e8d186eb-5450-4dc9-8458-89bbaed45643,relationship--a9a213e9-8227-4154-83af-2ab640f63efa,
DC0042,Drive Creation,x-mitre-data-component--3d6e6b3b-4aa8-40e1-8c47-91db0f313d9f,T1219.003,Remote Access Hardware,attack-pattern--a9fb6b3f-4a3c-4703-a4f1-f55f83d1e017,True,DET0159,"Detect Remote Access via USB Hardware (TinyPilot, PiKVM)",x-mitre-detection-strategy--4a11abbc-9637-4d2e-a8ac-39fef2c0256d,relationship--6ee52597-fedc-4fd8-908d-db5e5580bf58,
DC0042,Drive Creation,x-mitre-data-component--3d6e6b3b-4aa8-40e1-8c47-91db0f313d9f,T1674,Input Injection,attack-pattern--63e3d25c-d57d-407d-8e6a-2cecd71f90be,False,DET0568,Detection Strategy for Input Injection,x-mitre-detection-strategy--f54b8799-acfd-4df4-a2c4-e83071750bde,relationship--dab158f6-c216-43d6-8c8c-f20d76d6206f,
DC0043,Firewall Disable,x-mitre-data-component--c97d0171-f6e0-4415-85ff-4082fdb8c72a,T1562,Impair Defenses,attack-pattern--3d333250-30e4-4a82-9edc-756c68afc529,False,DET0317,Detection Strategy for Impair Defenses Across Platforms,x-mitre-detection-strategy--e8e88bcd-0294-48d2-bd3c-0408814f4a69,relationship--d959e68e-9ed8-4e86-814a-4a0df15c0448,
DC0043,Firewall Disable,x-mitre-data-component--c97d0171-f6e0-4415-85ff-4082fdb8c72a,T1562.007,Disable or Modify Cloud Firewall,attack-pattern--77532a55-c283-4cd2-bc5d-2d0b65e9d88c,True,DET0424,Detection Strategy for Disable or Modify Cloud Firewall,x-mitre-detection-strategy--1221d0cb-6404-4fe7-837e-6057a96e7acb,relationship--0d29d3f9-85fd-46b4-b09f-969f8bbfd728,
DC0046,Drive Modification,x-mitre-data-component--4dcd8ba3-2075-4f8b-941e-39884ffaac08,T1542,Pre-OS Boot,attack-pattern--7f0ca133-88c4-40c6-a62f-b3083a7fbc2e,False,DET0278,Detection Strategy for T1542 Pre-OS Boot,x-mitre-detection-strategy--abf6c96c-09f3-4bea-a5b7-1177f99881bc,relationship--31295488-09cd-4a34-a7e1-88f47fdef79e,
DC0046,Drive Modification,x-mitre-data-component--4dcd8ba3-2075-4f8b-941e-39884ffaac08,T1542.001,System Firmware,attack-pattern--16ab6452-c3c1-497c-a47d-206018ca1ada,True,DET0099,Detection Strategy for T1542.001 Pre-OS Boot: System Firmware,x-mitre-detection-strategy--e90ab093-47a3-4c05-80b1-1919d2362ea9,relationship--46511214-e1d1-416e-b480-64c32350994b,
DC0046,Drive Modification,x-mitre-data-component--4dcd8ba3-2075-4f8b-941e-39884ffaac08,T1542.003,Bootkit,attack-pattern--1b7b1806-7746-41a1-a35d-e48dae25ddba,True,DET0150,Detection Strategy for File Creation or Modification of Boot Files,x-mitre-detection-strategy--74252ca3-585e-466f-8020-ed77ebda3369,relationship--13bb7165-bf8b-4c39-a356-9a5c765956ea,
DC0046,Drive Modification,x-mitre-data-component--4dcd8ba3-2075-4f8b-941e-39884ffaac08,T1561,Disk Wipe,attack-pattern--1988cc35-ced8-4dad-b2d1-7628488fa967,False,DET0137,Detection Strategy for Disk Wipe via Direct Disk Access and Destructive Commands,x-mitre-detection-strategy--da01afef-b769-4d31-964d-901fabaf6a8f,relationship--30219ee2-161b-4e3d-8190-b79069b8764f,
DC0046,Drive Modification,x-mitre-data-component--4dcd8ba3-2075-4f8b-941e-39884ffaac08,T1561.001,Disk Content Wipe,attack-pattern--fb640c43-aa6b-431e-a961-a279010424ac,True,DET0316,Detection Strategy for Disk Content Wipe via Direct Access and Overwrite,x-mitre-detection-strategy--3a016ed2-47e0-414b-b90e-a44d1437354e,relationship--bd2a2912-3948-4c1e-aeb6-cee23227a6ca,
DC0046,Drive Modification,x-mitre-data-component--4dcd8ba3-2075-4f8b-941e-39884ffaac08,T1561.002,Disk Structure Wipe,attack-pattern--0af0ca99-357d-4ba1-805f-674fdfb7bef9,True,DET0297,Detection Strategy for Disk Structure Wipe via Boot/Partition Overwrite,x-mitre-detection-strategy--1dd8a02b-b447-48ed-a146-ad955c9b2dc1,relationship--c70c05f4-d7bc-47a1-b077-f6f11fca564b,
DC0048,Named Pipe Metadata,x-mitre-data-component--b9a1578e-8653-4103-be23-cb52e0b1816e,T1055.001,Dynamic-link Library Injection,attack-pattern--f4599aa0-4f85-4a32-80ea-fc39dc965945,True,DET0389,Behavioral Detection of DLL Injection via Windows API,x-mitre-detection-strategy--e9c54806-2d8e-4722-805c-4a1e7f6a1986,relationship--3746842c-52cb-4b8a-88d3-387da906410e,
DC0048,Named Pipe Metadata,x-mitre-data-component--b9a1578e-8653-4103-be23-cb52e0b1816e,T1135,Network Share Discovery,attack-pattern--3489cfc5-640f-4bb3-a103-9137b97de79f,False,DET0182,"Behavior-chain detection for T1135 Network Share Discovery across Windows, Linux, and macOS",x-mitre-detection-strategy--e7870b55-7420-444a-9751-99fb5fbf4cd9,relationship--1170753c-b8d9-4bd8-a3d7-e09882b53897,
DC0048,Named Pipe Metadata,x-mitre-data-component--b9a1578e-8653-4103-be23-cb52e0b1816e,T1559,Inter-Process Communication,attack-pattern--acd0ba37-7ba9-4cc5-ac61-796586cd856d,False,DET0493,Detect Abuse of Inter-Process Communication (T1559),x-mitre-detection-strategy--b38e114c-f00f-4c70-9623-267da801625a,relationship--1b2aecdf-2085-4488-9519-dabeb9402622,
DC0048,Named Pipe Metadata,x-mitre-data-component--b9a1578e-8653-4103-be23-cb52e0b1816e,T1559.003,XPC Services,attack-pattern--8252f135-ed26-4ce1-ae61-f26e94429a19,True,DET0335,Detect Abuse of XPC Services (T1559.003),x-mitre-detection-strategy--a92f4b5f-9d0d-461f-8581-a50975f5e07a,relationship--7cc39b6e-1b98-41d6-b57f-12f6b66f93a0,
DC0049,Snapshot Deletion,x-mitre-data-component--16e07530-764b-4d83-bae0-cdbfc31bf21d,T1490,Inhibit System Recovery,attack-pattern--f5d8eed6-48a9-4cdf-a3d7-d1ffa99c3d2a,False,DET0329,Behavioral Detection for T1490 - Inhibit System Recovery,x-mitre-detection-strategy--b13116ed-e9c0-4cd5-81f6-676074078477,relationship--e34bd177-1fb3-46fe-adc1-d40f6538aae7,
DC0049,Snapshot Deletion,x-mitre-data-component--16e07530-764b-4d83-bae0-cdbfc31bf21d,T1578,Modify Cloud Compute Infrastructure,attack-pattern--144e007b-e638-431d-a894-45d90c54ab90,False,DET0308,Detection Strategy for Modify Cloud Compute Infrastructure,x-mitre-detection-strategy--af0d25b2-1912-4821-85db-305abe318535,relationship--55386ce2-a1d3-426e-9e5a-37e52c20d18a,
DC0050,Windows Registry Key Access,x-mitre-data-component--ed0dd8aa-1677-4551-bb7d-8da767617e1b,T1547.004,Winlogon Helper DLL,attack-pattern--6836813e-8ec8-4375-b459-abb388cb1a35,True,DET0404,Detect Winlogon Helper DLL Abuse via Registry and Process Artifacts on Windows,x-mitre-detection-strategy--63135c50-7c7a-4a44-a053-28abd2388f21,relationship--1da61cf7-c299-443f-8987-b6a25b805915,
DC0050,Windows Registry Key Access,x-mitre-data-component--ed0dd8aa-1677-4551-bb7d-8da767617e1b,T1552.002,Credentials in Registry,attack-pattern--341e222a-a6e3-4f6f-b69c-831d792b1580,True,DET0250,Detect Credential Discovery via Windows Registry Enumeration,x-mitre-detection-strategy--6c9e1f65-7d75-4091-b97d-e5f88ed12812,relationship--bf037bec-0676-4fd3-ba2f-e2c32dc4239e,
DC0050,Windows Registry Key Access,x-mitre-data-component--ed0dd8aa-1677-4551-bb7d-8da767617e1b,T1559.001,Component Object Model,attack-pattern--2f6b4ed7-fef1-44ba-bcb8-1b4beb610b64,True,DET0224,Detect Abuse of Component Object Model (T1559.001),x-mitre-detection-strategy--96c3e267-9dde-45cb-b700-e27c1a672cf8,relationship--d0ddea1d-b83d-4514-95f8-95f6d6909717,
DC0050,Windows Registry Key Access,x-mitre-data-component--ed0dd8aa-1677-4551-bb7d-8da767617e1b,T1559.002,Dynamic Data Exchange,attack-pattern--232a7e42-cd6e-4902-8fe9-2960f529dd4d,True,DET0504,Detect Abuse of Dynamic Data Exchange (T1559.002),x-mitre-detection-strategy--3f3ebc58-fff0-4083-bc5c-ee7308026a20,relationship--1e59c2f0-d933-478b-ba5c-f1518a467465,
DC0050,Windows Registry Key Access,x-mitre-data-component--ed0dd8aa-1677-4551-bb7d-8da767617e1b,T1614.001,System Language Discovery,attack-pattern--c1b68a96-3c48-49ea-a6c0-9b27359f9c19,True,DET0565,Detection Strategy for System Language Discovery,x-mitre-detection-strategy--9d3a5603-ae0e-41fe-b2f5-7f3e44c903d7,relationship--f5a7f182-3a05-43c4-aa12-b3d0bdbbde38,
DC0050,Windows Registry Key Access,x-mitre-data-component--ed0dd8aa-1677-4551-bb7d-8da767617e1b,T1649,Steal or Forge Authentication Certificates,attack-pattern--7de1f7ac-5d0c-4c9c-8873-627202205331,False,DET0240,Detection Strategy for Steal or Forge Authentication Certificates,x-mitre-detection-strategy--7b0ea292-22f5-4963-b1c2-0d396fb17619,relationship--12a19faf-b1ea-4eee-b921-059a2f65622a,
DC0051,Firewall Rule Modification,x-mitre-data-component--d2ff4b56-8351-4ed8-b0fb-d8605366005f,T1070.007,Clear Network Connection History and Configurations,attack-pattern--3975dbb5-0e1e-4f5b-bae1-cf2ab84b46dc,True,DET0049,Behavioral Detection of Network History and Configuration Tampering,x-mitre-detection-strategy--45ac24cf-b8f4-44d5-97e1-3efe2bf28abc,relationship--2c374f4d-e32c-4676-be99-2265d60bced7,
DC0051,Firewall Rule Modification,x-mitre-data-component--d2ff4b56-8351-4ed8-b0fb-d8605366005f,T1090,Proxy,attack-pattern--731f4f55-b6d0-41d1-a7a9-072a66389aea,False,DET0445,Detection of Proxy Infrastructure Setup and Traffic Bridging,x-mitre-detection-strategy--5c44619a-da36-4bbd-9730-efceacf2409f,relationship--20b8b8ac-5c86-4dc3-a0e7-394f0e1ed7a9,
DC0051,Firewall Rule Modification,x-mitre-data-component--d2ff4b56-8351-4ed8-b0fb-d8605366005f,T1090.001,Internal Proxy,attack-pattern--f6dacc85-b37d-458e-b58d-74fc4bbf5755,True,DET0075,Internal Proxy Behavior via Lateral Host-to-Host C2 Relay,x-mitre-detection-strategy--28630b41-d28f-4414-afc8-23cc9ce8696c,relationship--58aa13ea-1fc5-4b98-ba7a-721585eec425,
DC0051,Firewall Rule Modification,x-mitre-data-component--d2ff4b56-8351-4ed8-b0fb-d8605366005f,T1090.002,External Proxy,attack-pattern--69b8fd78-40e8-4600-ae4d-662c9d7afdb3,True,DET0325,External Proxy Behavior via Outbound Relay to Intermediate Infrastructure,x-mitre-detection-strategy--bfb5cb12-7025-44c3-9a2d-79cfe42ecf54,relationship--872ebb9f-131c-47e0-a8c3-15b4764d3594,
DC0051,Firewall Rule Modification,x-mitre-data-component--d2ff4b56-8351-4ed8-b0fb-d8605366005f,T1219.002,Remote Desktop Software,attack-pattern--d4287702-e2f7-4946-bdfa-2c7f5aaa5032,True,DET0259,Remote Desktop Software Execution and Beaconing Detection,x-mitre-detection-strategy--834e853c-479d-4ddd-a1a3-349b09466b8d,relationship--c0b7b010-0199-4fc0-8ac4-f95bb26169ce,
DC0051,Firewall Rule Modification,x-mitre-data-component--d2ff4b56-8351-4ed8-b0fb-d8605366005f,T1498.002,Reflection Amplification,attack-pattern--36b2a1d7-e09e-49bf-b45e-477076c2ec01,True,DET0408,Detection Strategy for Reflection Amplification DoS (T1498.002),x-mitre-detection-strategy--20f5a44b-e9bb-48e9-9bea-e7a3d757005f,relationship--dc306a42-ed88-4bd8-9c12-7cceabe67490,
DC0051,Firewall Rule Modification,x-mitre-data-component--d2ff4b56-8351-4ed8-b0fb-d8605366005f,T1499.002,Service Exhaustion Flood,attack-pattern--38eb0c22-6caf-46ce-8869-5964bd735858,True,DET0173,Detection Strategy for Endpoint DoS via Service Exhaustion Flood,x-mitre-detection-strategy--1a45b10a-c410-4212-8018-7c00bb292dab,relationship--32595fc5-b57a-4052-8e1c-a2d01d6e3d14,
DC0051,Firewall Rule Modification,x-mitre-data-component--d2ff4b56-8351-4ed8-b0fb-d8605366005f,T1562,Impair Defenses,attack-pattern--3d333250-30e4-4a82-9edc-756c68afc529,False,DET0317,Detection Strategy for Impair Defenses Across Platforms,x-mitre-detection-strategy--e8e88bcd-0294-48d2-bd3c-0408814f4a69,relationship--d959e68e-9ed8-4e86-814a-4a0df15c0448,
DC0051,Firewall Rule Modification,x-mitre-data-component--d2ff4b56-8351-4ed8-b0fb-d8605366005f,T1562.004,Disable or Modify System Firewall,attack-pattern--5372c5fe-f424-4def-bcd5-d3a8e770f07b,True,DET0145,Detection of Disabled or Modified System Firewalls across OS Platforms.,x-mitre-detection-strategy--acb9a314-aa08-4a0f-b3ba-201d87fa4cc8,relationship--8b6fce49-bb7b-4645-a0d1-ee2a69df72e2,
DC0051,Firewall Rule Modification,x-mitre-data-component--d2ff4b56-8351-4ed8-b0fb-d8605366005f,T1562.007,Disable or Modify Cloud Firewall,attack-pattern--77532a55-c283-4cd2-bc5d-2d0b65e9d88c,True,DET0424,Detection Strategy for Disable or Modify Cloud Firewall,x-mitre-detection-strategy--1221d0cb-6404-4fe7-837e-6057a96e7acb,relationship--0d29d3f9-85fd-46b4-b09f-969f8bbfd728,
DC0051,Firewall Rule Modification,x-mitre-data-component--d2ff4b56-8351-4ed8-b0fb-d8605366005f,T1562.013,Disable or Modify Network Device Firewall,attack-pattern--a0f84e1d-d25c-4dd1-bb26-3c0e68471530,True,DET0306,Unauthorized Network Firewall Rule Modification (T1562.013),x-mitre-detection-strategy--3a114d11-0850-4c33-b828-359e59b15250,relationship--14608f37-06ed-474a-b6ca-ccea80788f32,
DC0051,Firewall Rule Modification,x-mitre-data-component--d2ff4b56-8351-4ed8-b0fb-d8605366005f,T1669,Wi-Fi Networks,attack-pattern--fde016f6-211a-41c8-a4ab-301f1e419c62,False,DET0536,Detection Strategy for Wi-Fi Networks,x-mitre-detection-strategy--f9c29db2-8790-4255-957f-9a02f1d8d024,relationship--f5fef0bf-a8a0-41e2-b46a-71255836928d,
DC0052,Social Media,x-mitre-data-component--8fb2f315-1aca-4cef-ae0d-8105e1f95985,T1585,Establish Accounts,attack-pattern--cdfc5f0a-9bb9-4352-b896-553cfa2d8fd8,False,DET0873,Detection of Establish Accounts,x-mitre-detection-strategy--095e0e71-498f-4403-a69f-5a6e4ff50503,relationship--0c4c2d92-3e46-420b-aec9-addb022a5deb,
DC0052,Social Media,x-mitre-data-component--8fb2f315-1aca-4cef-ae0d-8105e1f95985,T1585.001,Social Media Accounts,attack-pattern--b1ccd744-3f78-4a0e-9bb2-2002057f7928,True,DET0851,Detection of Social Media Accounts,x-mitre-detection-strategy--5ff1a219-e2d2-4e4b-bb32-346fcaffa52b,relationship--bbdb0616-dd20-4b4f-82ea-c6ebc5a9679b,
DC0052,Social Media,x-mitre-data-component--8fb2f315-1aca-4cef-ae0d-8105e1f95985,T1586,Compromise Accounts,attack-pattern--81033c3b-16a4-46e4-8fed-9b030dd03c4a,False,DET0876,Detection of Compromise Accounts,x-mitre-detection-strategy--a1d413d7-0a28-45ce-9e4d-d250b4b6a492,relationship--addbc146-e378-4ca0-aca1-8de5443af453,
DC0052,Social Media,x-mitre-data-component--8fb2f315-1aca-4cef-ae0d-8105e1f95985,T1586.001,Social Media Accounts,attack-pattern--274770e0-2612-4ccf-a678-ef8e7bad365d,True,DET0870,Detection of Social Media Accounts,x-mitre-detection-strategy--172b779a-9d14-4c5f-ba4c-3e784b4ae1b6,relationship--8293a0b7-95f7-49b8-b5ae-9991d8da26ad,
DC0054,Drive Access,x-mitre-data-component--73ff2dcc-24b1-4368-b9dc-706dd9e68354,T1039,Data from Network Shared Drive,attack-pattern--ae676644-d2d2-41b7-af7e-9bed1b55898c,False,DET0410,Detection Strategy for Data from Network Shared Drive,x-mitre-detection-strategy--79eb1874-4762-461b-a748-df85e61f3216,relationship--7141f45b-597e-48a6-9b27-f3f2730dad87,
DC0054,Drive Access,x-mitre-data-component--73ff2dcc-24b1-4368-b9dc-706dd9e68354,T1120,Peripheral Device Discovery,attack-pattern--348f1eef-964b-4eb6-bb53-69b3dcb0c643,False,DET0491,Peripheral Device Enumeration via System Utilities and API Calls,x-mitre-detection-strategy--f273ee4a-e468-4a01-bb1a-f3a687518ded,relationship--c1e95758-4497-406e-a9a7-a5476bacc6f1,
DC0054,Drive Access,x-mitre-data-component--73ff2dcc-24b1-4368-b9dc-706dd9e68354,T1542,Pre-OS Boot,attack-pattern--7f0ca133-88c4-40c6-a62f-b3083a7fbc2e,False,DET0278,Detection Strategy for T1542 Pre-OS Boot,x-mitre-detection-strategy--abf6c96c-09f3-4bea-a5b7-1177f99881bc,relationship--31295488-09cd-4a34-a7e1-88f47fdef79e,
DC0054,Drive Access,x-mitre-data-component--73ff2dcc-24b1-4368-b9dc-706dd9e68354,T1542.001,System Firmware,attack-pattern--16ab6452-c3c1-497c-a47d-206018ca1ada,True,DET0099,Detection Strategy for T1542.001 Pre-OS Boot: System Firmware,x-mitre-detection-strategy--e90ab093-47a3-4c05-80b1-1919d2362ea9,relationship--46511214-e1d1-416e-b480-64c32350994b,
DC0054,Drive Access,x-mitre-data-component--73ff2dcc-24b1-4368-b9dc-706dd9e68354,T1542.003,Bootkit,attack-pattern--1b7b1806-7746-41a1-a35d-e48dae25ddba,True,DET0150,Detection Strategy for File Creation or Modification of Boot Files,x-mitre-detection-strategy--74252ca3-585e-466f-8020-ed77ebda3369,relationship--13bb7165-bf8b-4c39-a356-9a5c765956ea,
DC0054,Drive Access,x-mitre-data-component--73ff2dcc-24b1-4368-b9dc-706dd9e68354,T1561,Disk Wipe,attack-pattern--1988cc35-ced8-4dad-b2d1-7628488fa967,False,DET0137,Detection Strategy for Disk Wipe via Direct Disk Access and Destructive Commands,x-mitre-detection-strategy--da01afef-b769-4d31-964d-901fabaf6a8f,relationship--30219ee2-161b-4e3d-8190-b79069b8764f,
DC0054,Drive Access,x-mitre-data-component--73ff2dcc-24b1-4368-b9dc-706dd9e68354,T1561.001,Disk Content Wipe,attack-pattern--fb640c43-aa6b-431e-a961-a279010424ac,True,DET0316,Detection Strategy for Disk Content Wipe via Direct Access and Overwrite,x-mitre-detection-strategy--3a016ed2-47e0-414b-b90e-a44d1437354e,relationship--bd2a2912-3948-4c1e-aeb6-cee23227a6ca,
DC0054,Drive Access,x-mitre-data-component--73ff2dcc-24b1-4368-b9dc-706dd9e68354,T1561.002,Disk Structure Wipe,attack-pattern--0af0ca99-357d-4ba1-805f-674fdfb7bef9,True,DET0297,Detection Strategy for Disk Structure Wipe via Boot/Partition Overwrite,x-mitre-detection-strategy--1dd8a02b-b447-48ed-a146-ad955c9b2dc1,relationship--c70c05f4-d7bc-47a1-b077-f6f11fca564b,
DC0055,File Access,x-mitre-data-component--235b7491-2d2b-4617-9a52-3c0783680f71,T1003,OS Credential Dumping,attack-pattern--0a3ead4e-6d47-4ccb-854c-a6a4f9d96b22,False,DET0234,Credential Dumping via Sensitive Memory and Registry Access Correlation,x-mitre-detection-strategy--8b8cfd0f-bbe2-417b-b1d2-eebf84d3f008,relationship--a9f91861-99e7-4dee-b037-9c6fd56e9892,
DC0055,File Access,x-mitre-data-component--235b7491-2d2b-4617-9a52-3c0783680f71,T1003.005,Cached Domain Credentials,attack-pattern--6add2ab5-2711-4e9d-87c8-7a0be8531530,True,DET0513,Detection of Cached Domain Credential Dumping via Local Hash Cache Access,x-mitre-detection-strategy--90b5ad4f-44bf-46e2-ac66-6e81e573e3fb,relationship--234074de-96c1-4eb5-968d-09bdf988cb18,
DC0055,File Access,x-mitre-data-component--235b7491-2d2b-4617-9a52-3c0783680f71,T1003.007,Proc Filesystem,attack-pattern--3120b9fa-23b8-4500-ae73-09494f607b7d,True,DET0593,Detecting OS Credential Dumping via /proc Filesystem Access on Linux,x-mitre-detection-strategy--dc017318-98a3-450b-b903-fe1e7d988197,relationship--5b774635-ffa8-414a-8375-b8ef97c7d8b7,
DC0055,File Access,x-mitre-data-component--235b7491-2d2b-4617-9a52-3c0783680f71,T1003.008,/etc/passwd and /etc/shadow,attack-pattern--d0b4fcdb-d67d-4ed2-99ce-788b12f8c0f4,True,DET0446,Credential Access via /etc/passwd and /etc/shadow Parsing,x-mitre-detection-strategy--17c97a51-74c2-449c-bc95-cf6a7647fb83,relationship--4437edd7-cc02-4aaa-8078-7556b322344f,
DC0055,File Access,x-mitre-data-component--235b7491-2d2b-4617-9a52-3c0783680f71,T1005,Data from Local System,attack-pattern--3c4a2599-71ee-4405-ba1e-0e28414b4bc5,False,DET0380,Detection of Local Data Collection Prior to Exfiltration,x-mitre-detection-strategy--36bb5edf-e7b6-4d36-8ccc-1a18ddc573da,relationship--b10e4a51-3d68-427f-b14d-06c1d81a575d,
DC0055,File Access,x-mitre-data-component--235b7491-2d2b-4617-9a52-3c0783680f71,T1011.001,Exfiltration Over Bluetooth,attack-pattern--613d08bc-e8f4-4791-80b0-c8b974340dfd,True,DET0554,Detection of Bluetooth-Based Data Exfiltration,x-mitre-detection-strategy--267a6c25-8d34-47ae-8357-9ae173adaa13,relationship--7fa3a461-4e83-4a59-9909-479d2879a1a4,
DC0055,File Access,x-mitre-data-component--235b7491-2d2b-4617-9a52-3c0783680f71,T1016.002,Wi-Fi Discovery,attack-pattern--494ab9f0-36e0-4b06-b10d-57285b040a06,True,DET0464,Behavioral Detection of Wi-Fi Discovery Activity,x-mitre-detection-strategy--baea10fc-7921-4ae2-bfe6-572c3f107303,relationship--4d8df352-7fc2-43a8-93d3-ad7a24f15175,
DC0055,File Access,x-mitre-data-component--235b7491-2d2b-4617-9a52-3c0783680f71,T1018,Remote System Discovery,attack-pattern--e358d692-23c0-4a31-9eb6-ecc13a8d7735,False,DET0574,Detection Strategy for Remote System Enumeration Behavior,x-mitre-detection-strategy--9ec6dafe-3e93-4ebb-943e-26b84136f6a9,relationship--1a34cffa-3bac-4b7f-a011-4d09aca360b6,
DC0055,File Access,x-mitre-data-component--235b7491-2d2b-4617-9a52-3c0783680f71,T1021.007,Cloud Services,attack-pattern--8861073d-d1b8-4941-82ce-dce621d398f0,True,DET0008,Behavioral Detection of Remote Cloud Logins via Valid Accounts,x-mitre-detection-strategy--f6e514c0-120a-4ab1-ae3d-aa2de14e4324,relationship--e1f1aacb-bb91-4c5b-befe-5073914bf094,
DC0055,File Access,x-mitre-data-component--235b7491-2d2b-4617-9a52-3c0783680f71,T1025,Data from Removable Media,attack-pattern--1b7ba276-eedc-4951-a762-0ceea2c030ec,False,DET0511,Detection of Data Access and Collection from Removable Media,x-mitre-detection-strategy--a5800f15-f024-4701-912a-20d7e1cb465a,relationship--b3d51de7-1b65-4b89-9768-31c96a731a4d,
DC0055,File Access,x-mitre-data-component--235b7491-2d2b-4617-9a52-3c0783680f71,T1027.001,Binary Padding,attack-pattern--5bfccc3f-2326-4112-86cc-c1ece9d8a2b5,True,DET0553,Detection Strategy for Obfuscated Files or Information: Binary Padding,x-mitre-detection-strategy--9c2a1b83-eec8-4d0c-a0b5-e5b561dbd68f,relationship--1374f221-bba9-4477-819b-e2124e6d177e,
DC0055,File Access,x-mitre-data-component--235b7491-2d2b-4617-9a52-3c0783680f71,T1027.003,Steganography,attack-pattern--c2e147a9-d1a8-4074-811a-d8789202d916,True,DET0119,Detection Strategy for Steganographic Abuse in File & Script Execution,x-mitre-detection-strategy--a57c9ffb-8b18-4178-a07f-e596abe389bd,relationship--4ce59902-5b11-4759-81d1-a3561a06a8fc,
DC0055,File Access,x-mitre-data-component--235b7491-2d2b-4617-9a52-3c0783680f71,T1027.009,Embedded Payloads,attack-pattern--0533ab23-3f7d-463f-9bd8-634d27e4dee1,True,DET0214,Detection Strategy for Embedded Payloads,x-mitre-detection-strategy--99294309-83fd-46f3-9925-7443c03e5b79,relationship--640fef90-e384-4276-9f96-158998de65d5,
DC0055,File Access,x-mitre-data-component--235b7491-2d2b-4617-9a52-3c0783680f71,T1027.015,Compression,attack-pattern--fbd91bfc-75c2-4f0c-8116-3b4e722906b3,True,DET0281,Detection Strategy for Compressed Payload Creation and Execution,x-mitre-detection-strategy--f3d5d1d5-3d80-46b2-be05-f0c438625230,relationship--432c35d1-b40e-401c-8c75-601a5cf0f86e,
DC0055,File Access,x-mitre-data-component--235b7491-2d2b-4617-9a52-3c0783680f71,T1036.002,Right-to-Left Override,attack-pattern--77eae145-55db-4519-8ae5-77b0c7215d69,True,DET0527,Right-to-Left Override Masquerading Detection via Filename and Execution Context,x-mitre-detection-strategy--c3c32822-80b2-4399-8e82-15cefaa80333,relationship--3d514683-576d-46c8-b7ab-8bc67f08fc97,
DC0055,File Access,x-mitre-data-component--235b7491-2d2b-4617-9a52-3c0783680f71,T1036.005,Match Legitimate Resource Name or Location,attack-pattern--1c4e5d32-1fe9-4116-9d9d-59e3925bd6a2,True,DET0347,Detection Strategy for Masquerading via Legitimate Resource Name or Location,x-mitre-detection-strategy--b667390b-a805-401d-9e02-929204825114,relationship--e4659daa-3a14-4873-a1e3-5dc132420257,
DC0055,File Access,x-mitre-data-component--235b7491-2d2b-4617-9a52-3c0783680f71,T1036.006,Space after Filename,attack-pattern--e51137a5-1cdc-499e-911a-abaedaa5ac86,True,DET0292,Masquerading via Space After Filename - Behavioral Detection Strategy,x-mitre-detection-strategy--16462629-5b36-4bb6-a565-de4df01f75d4,relationship--ca314796-7dc4-401d-99bd-f3624f025832,
DC0055,File Access,x-mitre-data-component--235b7491-2d2b-4617-9a52-3c0783680f71,T1037,Boot or Logon Initialization Scripts,attack-pattern--03259939-0b57-482f-8eb5-87c0e0d54334,False,DET0112,Boot or Logon Initialization Scripts Detection Strategy,x-mitre-detection-strategy--6928b108-f04e-4a9b-bda5-53bb0c64ec9b,relationship--db152098-ded9-4b20-9b0a-0044921dae84,
DC0055,File Access,x-mitre-data-component--235b7491-2d2b-4617-9a52-3c0783680f71,T1037.001,Logon Script (Windows),attack-pattern--eb125d40-0b2d-41ac-a71a-3229241c2cd3,True,DET0072,Detect Logon Script Modifications and Execution,x-mitre-detection-strategy--3f27e858-2912-4b43-ac03-f668ef30c47e,relationship--aa3ea0d1-4bbf-400d-9e36-9369288de47e,
DC0055,File Access,x-mitre-data-component--235b7491-2d2b-4617-9a52-3c0783680f71,T1039,Data from Network Shared Drive,attack-pattern--ae676644-d2d2-41b7-af7e-9bed1b55898c,False,DET0410,Detection Strategy for Data from Network Shared Drive,x-mitre-detection-strategy--79eb1874-4762-461b-a748-df85e61f3216,relationship--7141f45b-597e-48a6-9b27-f3f2730dad87,
DC0055,File Access,x-mitre-data-component--235b7491-2d2b-4617-9a52-3c0783680f71,T1041,Exfiltration Over C2 Channel,attack-pattern--92d7da27-2d91-488e-a00c-059dc162766d,False,DET0348,Detection Strategy for Exfiltration Over C2 Channel,x-mitre-detection-strategy--beb3a98c-f1a4-434a-81e7-29d178b14db2,relationship--f8b1efaf-2f13-4844-a3f1-862619b88795,
DC0055,File Access,x-mitre-data-component--235b7491-2d2b-4617-9a52-3c0783680f71,T1048,Exfiltration Over Alternative Protocol,attack-pattern--a19e86f8-1c0a-4fea-8407-23b73d615776,False,DET0131,Behavioral Detection Strategy for Exfiltration Over Alternative Protocol,x-mitre-detection-strategy--ed9ef930-ec1f-4e57-a110-9b647e2ca195,relationship--0bd2a88c-9f76-42a8-be65-ce9706760dec,
DC0055,File Access,x-mitre-data-component--235b7491-2d2b-4617-9a52-3c0783680f71,T1048.002,Exfiltration Over Asymmetric Encrypted Non-C2 Protocol,attack-pattern--8e350c1d-ac79-4b5c-bd4e-7476d7e84ec5,True,DET0512,Detection of Exfiltration Over Asymmetric Encrypted Non-C2 Protocol,x-mitre-detection-strategy--d187b646-5fb3-4d65-a190-e25e2131f802,relationship--9cdfdc91-f659-40f9-af35-404ad07be215,
DC0055,File Access,x-mitre-data-component--235b7491-2d2b-4617-9a52-3c0783680f71,T1048.003,Exfiltration Over Unencrypted Non-C2 Protocol,attack-pattern--fb8d023d-45be-47e9-bc51-f56bcae6435b,True,DET0149,Detection of Exfiltration Over Unencrypted Non-C2 Protocol,x-mitre-detection-strategy--a772e6e0-017e-4ceb-b125-4620ac85a5bd,relationship--58e2dcbe-42f7-4c73-b717-696ff56494cb,
DC0055,File Access,x-mitre-data-component--235b7491-2d2b-4617-9a52-3c0783680f71,T1052,Exfiltration Over Physical Medium,attack-pattern--e6415f09-df0e-48de-9aba-928c902b7549,False,DET0123,Detection of Data Exfiltration via Removable Media,x-mitre-detection-strategy--7ac4c58e-73de-4da1-8fc3-c2ccc511d884,relationship--c5916728-0360-40c3-84f7-0f47a47f828f,
DC0055,File Access,x-mitre-data-component--235b7491-2d2b-4617-9a52-3c0783680f71,T1052.001,Exfiltration over USB,attack-pattern--a3e1e6c5-9c74-4fc0-a16c-a9d228c17829,True,DET0220,Detection of USB-Based Data Exfiltration,x-mitre-detection-strategy--f6dd18b4-8534-4883-8d57-80655418bed4,relationship--ac616a6d-dca9-4aec-b9f4-7121c56b271a,
DC0055,File Access,x-mitre-data-component--235b7491-2d2b-4617-9a52-3c0783680f71,T1055,Process Injection,attack-pattern--43e7dc91-05b2-474c-b9ac-2ed4fe101f4d,False,DET0508,Behavioral Detection of Process Injection Across Platforms,x-mitre-detection-strategy--9833b57b-4c83-4f58-b4cf-76f041b29273,relationship--9e795af2-1202-480c-88d1-5013027ede32,
DC0055,File Access,x-mitre-data-component--235b7491-2d2b-4617-9a52-3c0783680f71,T1055.009,Proc Memory,attack-pattern--d201d4cc-214d-4a74-a1ba-b3fa09fd4591,True,DET0541,Detection Strategy for /proc Memory Injection on Linux,x-mitre-detection-strategy--452c12a6-e74d-4244-a298-e9adaaf23794,relationship--2b5421b8-8bca-41b8-8a83-878f40e0b0c5,
DC0055,File Access,x-mitre-data-component--235b7491-2d2b-4617-9a52-3c0783680f71,T1056,Input Capture,attack-pattern--bb5a00de-e086-4859-a231-fa793f6797e2,False,DET0102,Behavioral Detection of Input Capture Across Platforms,x-mitre-detection-strategy--c922d994-74bd-4847-a870-c0ae216318c9,relationship--66b2b5b7-2947-46b5-a4b5-b98eea8c793c,
DC0055,File Access,x-mitre-data-component--235b7491-2d2b-4617-9a52-3c0783680f71,T1056.001,Keylogging,attack-pattern--09a60ea3-a8d1-4ae5-976e-5783248b72a4,True,DET0089,Behavioral Detection of Keylogging Activity Across Platforms,x-mitre-detection-strategy--fe0d7d82-1575-4685-9a4f-4bf83e0227a0,relationship--4ebf6dc6-2daf-42e3-8fc3-4f6d5ac4d63d,
DC0055,File Access,x-mitre-data-component--235b7491-2d2b-4617-9a52-3c0783680f71,T1056.004,Credential API Hooking,attack-pattern--f5946b5e-9408-485f-a7f7-b5efc88909b6,True,DET0139,Detection of Credential Harvesting via API Hooking,x-mitre-detection-strategy--d918611a-9d07-4f8b-b70e-2fe1c2f75faf,relationship--3d9168f6-4a61-45d4-b1d3-1c3cef2cafdc,
DC0055,File Access,x-mitre-data-component--235b7491-2d2b-4617-9a52-3c0783680f71,T1057,Process Discovery,attack-pattern--8f4a33ec-8b1f-4b80-a2f6-642b2e479580,False,DET0034,Detection of Adversarial Process Discovery Behavior,x-mitre-detection-strategy--309ca3cd-d3f0-4aea-8932-558550aa89f4,relationship--4da44310-3e7c-4d7c-934e-32d83935f5b0,
DC0055,File Access,x-mitre-data-component--235b7491-2d2b-4617-9a52-3c0783680f71,T1070.004,File Deletion,attack-pattern--d63a3fb8-9452-4e9d-a60a-54be68d5998c,True,DET0140,Behavioral Detection of Malicious File Deletion,x-mitre-detection-strategy--b96fce76-6b29-4e1c-b8b1-741f45a89fdc,relationship--835140e8-6e8f-4a51-a555-5b602d7b3390,
DC0055,File Access,x-mitre-data-component--235b7491-2d2b-4617-9a52-3c0783680f71,T1070.006,Timestomp,attack-pattern--47f2d673-ca62-47e9-929b-1b0be9657611,True,DET0591,Cross-Platform Behavioral Detection of File Timestomping via Metadata Tampering,x-mitre-detection-strategy--f9d25557-f87b-4920-a98b-8a3c9df4bfce,relationship--b146edce-c62f-45b3-950e-cc428f8cd7ef,
DC0055,File Access,x-mitre-data-component--235b7491-2d2b-4617-9a52-3c0783680f71,T1074,Data Staged,attack-pattern--7dd95ff6-712e-4056-9626-312ea4ab4c5e,False,DET0014,Detection of Data Staging Prior to Exfiltration,x-mitre-detection-strategy--11f7fa69-2da4-4280-90d2-abc2f0722683,relationship--f67ae035-646d-4152-aeed-b3b62009e0b2,
DC0055,File Access,x-mitre-data-component--235b7491-2d2b-4617-9a52-3c0783680f71,T1074.001,Local Data Staging,attack-pattern--1c34f7aa-9341-4a48-bfab-af22e51aca6c,True,DET0261,Detection of Local Data Staging Prior to Exfiltration,x-mitre-detection-strategy--e91165c5-e850-465e-9042-6ba82478b522,relationship--2d994d7b-b354-4824-bee6-7d3161fe0e8d,
DC0055,File Access,x-mitre-data-component--235b7491-2d2b-4617-9a52-3c0783680f71,T1074.002,Remote Data Staging,attack-pattern--359b00ad-9425-420b-bba5-6de8d600cbc0,True,DET0071,Detection of Remote Data Staging Prior to Exfiltration,x-mitre-detection-strategy--20f11806-1639-49c5-ae0b-84633a142870,relationship--a5138396-d20a-4980-8316-ab57d5fb0478,
DC0055,File Access,x-mitre-data-component--235b7491-2d2b-4617-9a52-3c0783680f71,T1083,File and Directory Discovery,attack-pattern--7bc57495-ea59-4380-be31-a64af124ef18,False,DET0370,Recursive Enumeration of Files and Directories Across Privilege Contexts,x-mitre-detection-strategy--33ab9d0c-5671-48e6-8465-f80560909c65,relationship--a6822af7-4da4-42c4-8649-2789a4127950,
DC0055,File Access,x-mitre-data-component--235b7491-2d2b-4617-9a52-3c0783680f71,T1087,Account Discovery,attack-pattern--72b74d71-8169-42aa-92e0-e7b04b9f5a08,False,DET0587,Enumeration of User or Account Information Across Platforms,x-mitre-detection-strategy--fdda430c-e4f6-43ce-95d6-0f97253ff6a2,relationship--6977ce04-33d6-4080-8e9c-ac61a4a48dfa,
DC0055,File Access,x-mitre-data-component--235b7491-2d2b-4617-9a52-3c0783680f71,T1087.001,Local Account,attack-pattern--25659dd6-ea12-45c4-97e6-381e3e4b593e,True,DET0303,Local Account Enumeration Across Host Platforms,x-mitre-detection-strategy--21ad7ddc-77f6-422b-8e0c-c82e184e0ad0,relationship--560a5271-afb1-483f-b45d-ecb5245d44ba,
DC0055,File Access,x-mitre-data-component--235b7491-2d2b-4617-9a52-3c0783680f71,T1091,Replication Through Removable Media,attack-pattern--3b744087-9945-4a6f-91e8-9dbceda417a4,False,DET0301,Removable Media Execution Chain Detection via File and Process Activity,x-mitre-detection-strategy--8225c396-cbf9-499a-b94d-bdc7a1f07458,relationship--9421f9f1-c10a-49bf-991f-1df07b8953f0,
DC0055,File Access,x-mitre-data-component--235b7491-2d2b-4617-9a52-3c0783680f71,T1110.002,Password Cracking,attack-pattern--1d24cdee-9ea2-4189-b08e-af110bf2435d,True,DET0105,Post-Credential Dump Password Cracking Detection via Suspicious File Access and Hash Analysis Tools,x-mitre-detection-strategy--ee07e9eb-8438-4c7c-8260-88a09fbe98de,relationship--4656281a-1d49-4b06-9470-dc81d50dc5fc,
DC0055,File Access,x-mitre-data-component--235b7491-2d2b-4617-9a52-3c0783680f71,T1114,Email Collection,attack-pattern--1608f3e1-598a-42f4-a01a-2e252e81728f,False,DET0476,Email Collection via Local Email Access and Auto-Forwarding Behavior,x-mitre-detection-strategy--2470975e-6748-42a5-9a48-74dc7b687fe9,relationship--48fe7200-61ea-4d8a-89a9-ddcedf2f3313,
DC0055,File Access,x-mitre-data-component--235b7491-2d2b-4617-9a52-3c0783680f71,T1114.001,Local Email Collection,attack-pattern--1e9eb839-294b-48cc-b0d3-c45555a2a004,True,DET0047,Detect Local Email Collection via Outlook Data File Access and Command Line Tooling,x-mitre-detection-strategy--8fb1967e-478f-4a83-9fb9-3da1015b8a26,relationship--8397947f-ea47-40e3-8a0d-8e20365d022f,
DC0055,File Access,x-mitre-data-component--235b7491-2d2b-4617-9a52-3c0783680f71,T1119,Automated Collection,attack-pattern--30208d3e-0d6b-43c8-883e-44462a514619,False,DET0186,Automated File and API Collection Detection Across Platforms,x-mitre-detection-strategy--5e9a51b5-7e4a-4e78-a1ba-215ce937c877,relationship--e2b97df1-c2d4-4c7d-a96a-907aa01c855f,
DC0055,File Access,x-mitre-data-component--235b7491-2d2b-4617-9a52-3c0783680f71,T1120,Peripheral Device Discovery,attack-pattern--348f1eef-964b-4eb6-bb53-69b3dcb0c643,False,DET0491,Peripheral Device Enumeration via System Utilities and API Calls,x-mitre-detection-strategy--f273ee4a-e468-4a01-bb1a-f3a687518ded,relationship--c1e95758-4497-406e-a9a7-a5476bacc6f1,
DC0055,File Access,x-mitre-data-component--235b7491-2d2b-4617-9a52-3c0783680f71,T1123,Audio Capture,attack-pattern--1035cdf2-3e5f-446f-a7a7-e8f6d7925967,False,DET0221,"Behavioral Detection Strategy for T1123 Audio Capture Across Windows, Linux, macOS",x-mitre-detection-strategy--c7471b0b-ac10-4eac-aae6-cfa821e707dd,relationship--a98091ed-435e-4359-913c-c1a86e4113af,
DC0055,File Access,x-mitre-data-component--235b7491-2d2b-4617-9a52-3c0783680f71,T1125,Video Capture,attack-pattern--6faf650d-bf31-4eb4-802d-1000cf38efaf,False,DET0197,"Behavior-chain, platform-aware detection strategy for T1125 Video Capture",x-mitre-detection-strategy--e9ee6ab5-333b-4cea-8637-23360d904472,relationship--2b034b90-9a02-4e29-b943-73b1b49459cb,
DC0055,File Access,x-mitre-data-component--235b7491-2d2b-4617-9a52-3c0783680f71,T1129,Shared Modules,attack-pattern--0a5231ec-41af-4a35-83d0-6bdf11f28c65,False,DET0018,"Behavior-chain, platform-aware detection strategy for T1129 Shared Modules",x-mitre-detection-strategy--928a6ce6-fca0-4d66-aba3-1121431b953e,relationship--20d31ad8-56fd-4268-b650-6106617cc9bc,
DC0055,File Access,x-mitre-data-component--235b7491-2d2b-4617-9a52-3c0783680f71,T1176.001,Browser Extensions,attack-pattern--278716b1-61ce-4a74-8d17-891d0c494101,True,DET0044,Detecting Malicious Browser Extensions Across Platforms,x-mitre-detection-strategy--101e19ca-f902-4c2d-8ceb-ddd07a43f1a7,relationship--427c5505-813e-488c-92b3-2e3c15170605,
DC0055,File Access,x-mitre-data-component--235b7491-2d2b-4617-9a52-3c0783680f71,T1203,Exploitation for Client Execution,attack-pattern--be2dcee9-a7a7-4e38-afd6-21b31ecc3d63,False,DET0287,Exploitation for Client Execution – cross-platform behavior chain (browser/Office/3rd-party apps),x-mitre-detection-strategy--1894c2d7-ce4f-4cfd-8644-decb1e14f0c5,relationship--f094c21c-9872-4e82-88c1-c759979c4f10,
DC0055,File Access,x-mitre-data-component--235b7491-2d2b-4617-9a52-3c0783680f71,T1204,User Execution,attack-pattern--8c32eb4d-805f-4fc5-bf60-c4d476c131b5,False,DET0478,User Execution – multi-surface behavior chain (documents/links → helper/unpacker → LOLBIN/child → egress),x-mitre-detection-strategy--70c9f174-2e96-4086-b59c-d2358e434f8e,relationship--7a3c280c-1116-4197-812a-e233eb1d5a17,
DC0055,File Access,x-mitre-data-component--235b7491-2d2b-4617-9a52-3c0783680f71,T1213,Data from Information Repositories,attack-pattern--d28ef391-8ed4-45dc-bc4a-2f43abf54416,False,DET0413,Abuse of Information Repositories for Data Collection,x-mitre-detection-strategy--48e8d8b1-0117-48bd-a32d-f4e43b665bf3,relationship--9f605e91-c94f-48b0-ab9f-1d692649eca5,
DC0055,File Access,x-mitre-data-component--235b7491-2d2b-4617-9a52-3c0783680f71,T1213.006,Databases,attack-pattern--248d3fe1-7fe1-4d71-91c7-8bb7ef35cad3,True,DET0242,Suspicious Database Access and Dump Activity Across Environments (T1213.006),x-mitre-detection-strategy--18fe3660-c079-4522-b1d7-7ce7f65f9686,relationship--0425a702-10d7-4033-9af3-7c2b76f4576b,
DC0055,File Access,x-mitre-data-component--235b7491-2d2b-4617-9a52-3c0783680f71,T1217,Browser Information Discovery,attack-pattern--5e4a2073-9643-44cb-a0b5-e7f4048446c7,False,DET0013,Detection of Local Browser Artifact Access for Reconnaissance,x-mitre-detection-strategy--3e5e2bda-40c0-4aea-90f1-8fc52096ad5e,relationship--48832f2d-d088-4d32-b41d-b15030559f96,
DC0055,File Access,x-mitre-data-component--235b7491-2d2b-4617-9a52-3c0783680f71,T1480,Execution Guardrails,attack-pattern--853c4192-4311-43e1-bfbb-b11b14911852,False,DET0562,Multi-Platform Execution Guardrails Environmental Validation Detection Strategy,x-mitre-detection-strategy--99bdd6d6-ebef-40e2-83d2-2f39408c82e3,relationship--d1b82c9a-003e-4eb2-b34d-d2b2dbbebe19,
DC0055,File Access,x-mitre-data-component--235b7491-2d2b-4617-9a52-3c0783680f71,T1480.001,Environmental Keying,attack-pattern--f244b8dd-af6c-4391-a497-fc03627ce995,True,DET0474,Environmental Keying Discovery-to-Decryption Behavioral Chain Detection Strategy,x-mitre-detection-strategy--a59f4a44-d581-4026-802d-5dc5c0c9f7d5,relationship--a7c4fd3b-02cd-496d-a633-a9cd23eb8115,
DC0055,File Access,x-mitre-data-component--235b7491-2d2b-4617-9a52-3c0783680f71,T1480.002,Mutual Exclusion,attack-pattern--49fca0d2-685d-41eb-8bd4-05451cc3a742,True,DET0132,Detection of Mutex-Based Execution Guardrails Across Platforms,x-mitre-detection-strategy--d22f1848-fc32-4fdb-999b-9c0845fb6552,relationship--fe03f09f-ee1e-40ce-a413-a06b023e80f6,
DC0055,File Access,x-mitre-data-component--235b7491-2d2b-4617-9a52-3c0783680f71,T1491.001,Internal Defacement,attack-pattern--8c41090b-aa47-4331-986b-8c9a51a91103,True,DET0082,Internal Website and System Content Defacement via UI or Messaging Modifications,x-mitre-detection-strategy--c8b4a2e4-386f-45b3-b32a-8ca4113e5592,relationship--0222a8bd-9f8c-45f0-9d1b-cb0a2bd3c408,
DC0055,File Access,x-mitre-data-component--235b7491-2d2b-4617-9a52-3c0783680f71,T1497.002,User Activity Based Checks,attack-pattern--91541e7e-b969-40c6-bbd8-1b5352ec2938,True,DET0420,Detect User Activity Based Sandbox Evasion via Input & Artifact Probing,x-mitre-detection-strategy--5463d676-c300-4ab8-9980-d3ed37ac4723,relationship--0e9828c1-9cf3-44a2-b079-41bb6fa79656,
DC0055,File Access,x-mitre-data-component--235b7491-2d2b-4617-9a52-3c0783680f71,T1518.002,Backup Software Discovery,attack-pattern--4a6cfdae-1417-40c7-a84e-f59d21c58266,True,DET0088,"Backup Software Discovery via CLI, Registry, and Process Inspection (T1518.002)",x-mitre-detection-strategy--a3bdd6e2-92d3-45db-a486-9f051c68672b,relationship--143dc28d-6b45-4a97-833f-e47469216e0b,
DC0055,File Access,x-mitre-data-component--235b7491-2d2b-4617-9a52-3c0783680f71,T1528,Steal Application Access Token,attack-pattern--890c9858-598c-401d-a4d5-c67ebcdd703a,False,DET0515,Detection Strategy for T1528 - Steal Application Access Token,x-mitre-detection-strategy--58bdb4c6-510b-4ffc-9703-852614116ac8,relationship--ba18f273-c399-46e3-be3e-205d1140f8d6,
DC0055,File Access,x-mitre-data-component--235b7491-2d2b-4617-9a52-3c0783680f71,T1539,Steal Web Session Cookie,attack-pattern--10ffac09-e42d-4f56-ab20-db94c67d76ff,False,DET0509,"Detection of Web Session Cookie Theft via File, Memory, and Network Artifacts",x-mitre-detection-strategy--26fdbcb2-abc1-4844-8e5d-2c6039336cb7,relationship--e664a59e-9529-43cd-bac0-0ff1ced6a41f,
DC0055,File Access,x-mitre-data-component--235b7491-2d2b-4617-9a52-3c0783680f71,T1546.005,Trap,attack-pattern--63220765-d418-44de-8fae-694b3912317d,True,DET0369,Detection Strategy for Event Triggered Execution via Trap (T1546.005),x-mitre-detection-strategy--07fb6847-efcb-426e-9344-bfc9dfcdebd4,relationship--2bc6f48f-6580-46d3-aefc-666ef4029233,
DC0055,File Access,x-mitre-data-component--235b7491-2d2b-4617-9a52-3c0783680f71,T1547.013,XDG Autostart Entries,attack-pattern--e0232cb0-ded5-4c2e-9dc7-2893142a5c11,True,DET0390,Linux Detection Strategy for T1547.013 - XDG Autostart Entries,x-mitre-detection-strategy--c265ea42-9c5a-41f0-9627-d7ac0063ec98,relationship--9130b83f-5494-4289-9034-e90a2175f2e6,
DC0055,File Access,x-mitre-data-component--235b7491-2d2b-4617-9a52-3c0783680f71,T1552,Unsecured Credentials,attack-pattern--435dfb86-2697-4867-85b5-2fef496c0517,False,DET0412,Detect Access or Search for Unsecured Credentials Across Platforms,x-mitre-detection-strategy--d1912fbc-aaac-4bb1-82f1-0713280ca9a1,relationship--9a673d77-b594-4115-9ffa-b1b38cf6de18,
DC0055,File Access,x-mitre-data-component--235b7491-2d2b-4617-9a52-3c0783680f71,T1552.001,Credentials In Files,attack-pattern--837f9164-50af-4ac0-8219-379d8a74cefc,True,DET0307,Detect Access to Unsecured Credential Files Across Platforms,x-mitre-detection-strategy--b34a9911-8261-45b4-af09-3885f9b82cc6,relationship--eb816beb-0df8-4b41-840b-891bd1cf0ffa,
DC0055,File Access,x-mitre-data-component--235b7491-2d2b-4617-9a52-3c0783680f71,T1552.003,Shell History,attack-pattern--8187bd2a-866f-4457-9009-86b0ddedffa3,True,DET0385,Detect Access and Parsing of .bash_history Files for Credential Harvesting,x-mitre-detection-strategy--653b555a-590f-40e4-9400-f14d0ed92252,relationship--e34c3bf9-4bb9-4afb-87f4-ba83818f7ee8,
DC0055,File Access,x-mitre-data-component--235b7491-2d2b-4617-9a52-3c0783680f71,T1552.004,Private Keys,attack-pattern--60b508a1-6a5e-46b1-821a-9f7b78752abf,True,DET0549,Detect Suspicious Access to Private Key Files and Export Attempts Across Platforms,x-mitre-detection-strategy--84b5d372-eedb-4b69-bf78-9d4815e2b2b7,relationship--8895c536-acb4-4c5c-b6dd-d4b9fe2f95b9,
DC0055,File Access,x-mitre-data-component--235b7491-2d2b-4617-9a52-3c0783680f71,T1553.005,Mark-of-the-Web Bypass,attack-pattern--7e7c2fba-7cca-486c-9582-4c1bb2851961,True,DET0257,Detect Mark-of-the-Web (MOTW) Bypass via Container and Disk Image Files,x-mitre-detection-strategy--2556841e-474a-45c0-b827-4f5db6dcca31,relationship--7e5a5d4c-3fb4-4db0-9c42-f7345d4a208a,
DC0055,File Access,x-mitre-data-component--235b7491-2d2b-4617-9a52-3c0783680f71,T1555,Credentials from Password Stores,attack-pattern--3fc9b85a-2862-4363-a64d-d692e3ffbee0,False,DET0430,Detect Credentials Access from Password Stores,x-mitre-detection-strategy--1a273fde-f4fc-4ca0-94d4-7df285167b5e,relationship--d682a414-3dc3-4bf0-b6de-cdb3d91d375c,
DC0055,File Access,x-mitre-data-component--235b7491-2d2b-4617-9a52-3c0783680f71,T1555.001,Keychain,attack-pattern--1eaebf46-e361-4437-bc23-d5d65a3b92e3,True,DET0396,Detect Access to macOS Keychain for Credential Theft,x-mitre-detection-strategy--cc6c18b5-1fa6-4e27-8c78-e479428bef44,relationship--2be99b50-1b1d-4188-adcb-9a5ad1da1026,
DC0055,File Access,x-mitre-data-component--235b7491-2d2b-4617-9a52-3c0783680f71,T1555.002,Securityd Memory,attack-pattern--1a80d097-54df-41d8-9d33-34e755ec5e72,True,DET0057,Detect Suspicious Access to securityd Memory for Credential Extraction,x-mitre-detection-strategy--f07cfa67-8a83-4a62-ae18-bee29bfc7569,relationship--c762f33f-8337-4d4a-b48c-6f1a4dc90bf6,
DC0055,File Access,x-mitre-data-component--235b7491-2d2b-4617-9a52-3c0783680f71,T1555.003,Credentials from Web Browsers,attack-pattern--58a3e6aa-4453-4cc8-a51f-4befe80b31a8,True,DET0037,Detect Suspicious Access to Browser Credential Stores,x-mitre-detection-strategy--90123c20-ff3d-4034-9a5f-905444bb0311,relationship--3bd41627-e68e-455a-ae00-ee7a07b3d539,
DC0055,File Access,x-mitre-data-component--235b7491-2d2b-4617-9a52-3c0783680f71,T1555.005,Password Managers,attack-pattern--315f51f0-6b03-4c1e-bfb2-84740afb8e21,True,DET0597,Detect Unauthorized Access to Password Managers,x-mitre-detection-strategy--a5600691-be46-424a-b8ef-a2c9159da49a,relationship--6a8c842f-73a3-4620-be9c-827895df25f0,
DC0055,File Access,x-mitre-data-component--235b7491-2d2b-4617-9a52-3c0783680f71,T1558,Steal or Forge Kerberos Tickets,attack-pattern--3fc01293-ef5e-41c6-86ce-61f10706b64a,False,DET0522,Detect Kerberos Ticket Theft or Forgery (T1558),x-mitre-detection-strategy--3638f523-dc38-4ff0-8682-d2027af5bd77,relationship--d1276173-76de-43a0-be72-ef59ce90c44c,
DC0055,File Access,x-mitre-data-component--235b7491-2d2b-4617-9a52-3c0783680f71,T1558.005,Ccache Files,attack-pattern--394220d9-8efc-4252-9040-664f7b115be6,True,DET0024,Detect Kerberos Ccache File Theft or Abuse (T1558.005),x-mitre-detection-strategy--5c4334d0-cda0-4372-8572-fe2a109d39cb,relationship--4fd70bfe-cbf3-4f11-8a28-4ccbcce12446,
DC0055,File Access,x-mitre-data-component--235b7491-2d2b-4617-9a52-3c0783680f71,T1559,Inter-Process Communication,attack-pattern--acd0ba37-7ba9-4cc5-ac61-796586cd856d,False,DET0493,Detect Abuse of Inter-Process Communication (T1559),x-mitre-detection-strategy--b38e114c-f00f-4c70-9623-267da801625a,relationship--1b2aecdf-2085-4488-9519-dabeb9402622,
DC0055,File Access,x-mitre-data-component--235b7491-2d2b-4617-9a52-3c0783680f71,T1564.012,File/Path Exclusions,attack-pattern--09b008a9-b4eb-462a-a751-a0eb58050cd9,True,DET0051,Detection Strategy for File/Path Exclusions,x-mitre-detection-strategy--f9175415-59ba-497c-b96f-639e01f4cf4e,relationship--34cc64f1-eeb5-49cd-8077-5986c332fe06,
DC0055,File Access,x-mitre-data-component--235b7491-2d2b-4617-9a52-3c0783680f71,T1565,Data Manipulation,attack-pattern--ac9e6b22-11bf-45d7-9181-c1cb08360931,False,DET0059,Detection Strategy for Data Manipulation,x-mitre-detection-strategy--cce3ccaf-87ac-47ae-b9e2-6507b91cb63d,relationship--c05c1979-c5f3-4c01-81dd-45db2055a28c,
DC0055,File Access,x-mitre-data-component--235b7491-2d2b-4617-9a52-3c0783680f71,T1567,Exfiltration Over Web Service,attack-pattern--40597f16-0963-4249-bf4c-ac93b7fb9807,False,DET0548,Detection Strategy for Exfiltration Over Web Service,x-mitre-detection-strategy--1753ab98-4530-4284-9bc3-5d4813abfb9e,relationship--2d284ff6-5204-4bde-b4f5-c172dd4c4ca3,
DC0055,File Access,x-mitre-data-component--235b7491-2d2b-4617-9a52-3c0783680f71,T1567.001,Exfiltration to Code Repository,attack-pattern--86a96bf6-cf8b-411c-aaeb-8959944d64f7,True,DET0318,Detection Strategy for Exfiltration to Code Repository,x-mitre-detection-strategy--ac9c6b7c-bf94-4eeb-926c-f576673c0a14,relationship--c97fce35-747a-489f-9421-808a69e950a4,
DC0055,File Access,x-mitre-data-component--235b7491-2d2b-4617-9a52-3c0783680f71,T1567.002,Exfiltration to Cloud Storage,attack-pattern--bf1b6176-597c-4600-bfcd-ac989670f96b,True,DET0570,Detection Strategy for Exfiltration to Cloud Storage,x-mitre-detection-strategy--c8895822-a3d1-41eb-952f-c67b4673eee2,relationship--6d01d586-c518-45db-96f3-5b718324c9da,
DC0055,File Access,x-mitre-data-component--235b7491-2d2b-4617-9a52-3c0783680f71,T1567.003,Exfiltration to Text Storage Sites,attack-pattern--ba04e672-da86-4e69-aa15-0eca5db25f43,True,DET0284,Detection Strategy for Exfiltration to Text Storage Sites,x-mitre-detection-strategy--6ab41bc0-2d89-4173-8149-728fbc2698b6,relationship--7478c9f5-d7a9-4423-9c1f-228bac8eb739,
DC0055,File Access,x-mitre-data-component--235b7491-2d2b-4617-9a52-3c0783680f71,T1567.004,Exfiltration Over Webhook,attack-pattern--43f2776f-b4bd-4118-94b8-fee47e69676d,True,DET0153,Detection Strategy for Exfiltration Over Webhook,x-mitre-detection-strategy--dcc26ef4-3ecd-4b37-b4b4-66faee084352,relationship--820a1ffe-27dd-4c0f-a791-f721d5662f5f,
DC0055,File Access,x-mitre-data-component--235b7491-2d2b-4617-9a52-3c0783680f71,T1606,Forge Web Credentials,attack-pattern--94cb00a4-b295-4d06-aa2b-5653b9c1be9c,False,DET0260,Detection Strategy for Forged Web Credentials,x-mitre-detection-strategy--44f32d03-50ce-480f-b531-481bcc6dc0a8,relationship--8f9b23a3-d06f-4be8-9073-86cbc90b2164,
DC0055,File Access,x-mitre-data-component--235b7491-2d2b-4617-9a52-3c0783680f71,T1606.001,Web Cookies,attack-pattern--861b8fd2-57f3-4ee1-ab5d-c19c3b8c7a4a,True,DET0171,Detection Strategy for Forged Web Cookies,x-mitre-detection-strategy--e1854c9f-2b70-4311-9a46-a420f6c0b6d0,relationship--a5166ebe-100e-4cae-abc9-2065c1d3bcd6,
DC0055,File Access,x-mitre-data-component--235b7491-2d2b-4617-9a52-3c0783680f71,T1622,Debugger Evasion,attack-pattern--e4dc8c01-417f-458d-9ee0-bb0617c1b391,False,DET0371,Detection Strategy for Debugger Evasion (T1622),x-mitre-detection-strategy--22f3a380-389d-44f7-a846-c6223fc06ddd,relationship--e6bda228-b1c4-4fc7-b877-457557628832,
DC0055,File Access,x-mitre-data-component--235b7491-2d2b-4617-9a52-3c0783680f71,T1649,Steal or Forge Authentication Certificates,attack-pattern--7de1f7ac-5d0c-4c9c-8873-627202205331,False,DET0240,Detection Strategy for Steal or Forge Authentication Certificates,x-mitre-detection-strategy--7b0ea292-22f5-4963-b1c2-0d396fb17619,relationship--12a19faf-b1ea-4eee-b921-059a2f65622a,
DC0055,File Access,x-mitre-data-component--235b7491-2d2b-4617-9a52-3c0783680f71,T1652,Device Driver Discovery,attack-pattern--215d9700-5881-48b8-8265-6449dbb7195d,False,DET0579,Detection Strategy for Device Driver Discovery,x-mitre-detection-strategy--ff6c2db6-cc1b-47e0-89a6-536f83b74906,relationship--0f347765-c631-46f7-8369-5bcdb568345b,
DC0055,File Access,x-mitre-data-component--235b7491-2d2b-4617-9a52-3c0783680f71,T1654,Log Enumeration,attack-pattern--866d0d6d-02c6-42bd-aa2f-02907fdc0969,False,DET0255,Detection Strategy for Log Enumeration,x-mitre-detection-strategy--170a958d-79a6-433a-8ab0-c8d654e2ca86,relationship--d47d41b9-233e-405c-99ef-e7b5592dabb3,
DC0056,Windows Registry Key Creation,x-mitre-data-component--7f70fae7-a68d-4730-a83a-f260b9606129,T1218.002,Control Panel,attack-pattern--4ff5d6a8-c062-4c68-a778-36fc5edd564f,True,DET0194,Detection of Malicious Control Panel Item Execution via control.exe or Rundll32,x-mitre-detection-strategy--012e526a-dacd-4019-a019-bc68733395d2,relationship--82a7ec61-7aa6-426e-b469-342388735ee2,
DC0056,Windows Registry Key Creation,x-mitre-data-component--7f70fae7-a68d-4730-a83a-f260b9606129,T1218.003,CMSTP,attack-pattern--4cbc6a62-9e34-4f94-8a19-5c1a11392a49,True,DET0328,Detection of Malicious Profile Installation via CMSTP.exe,x-mitre-detection-strategy--c254ecff-c728-4de8-a0f8-e5ad5015aa32,relationship--92a59f27-7dbc-4da9-b17e-816cb90fca1d,
DC0056,Windows Registry Key Creation,x-mitre-data-component--7f70fae7-a68d-4730-a83a-f260b9606129,T1218.009,Regsvcs/Regasm,attack-pattern--c48a67ee-b657-45c1-91bf-6cdbe27205f8,True,DET0361,Detecting .NET COM Registration Abuse via Regsvcs/Regasm,x-mitre-detection-strategy--9c03f003-b859-42c6-b16d-c0979dfc202b,relationship--23d3f30e-9f30-4411-abba-04d31573205a,
DC0056,Windows Registry Key Creation,x-mitre-data-component--7f70fae7-a68d-4730-a83a-f260b9606129,T1218.014,MMC,attack-pattern--ffbcfdb0-de22-4106-9ed3-fc23c8a01407,True,DET0222,Detecting MMC (.msc) Proxy Execution and Malicious COM Activation,x-mitre-detection-strategy--f4560945-d62f-48b6-ae94-dcd93c471c45,relationship--e79ec747-79ad-4467-ae3b-724da019de1d,
DC0056,Windows Registry Key Creation,x-mitre-data-component--7f70fae7-a68d-4730-a83a-f260b9606129,T1219,Remote Access Tools,attack-pattern--4061e78c-1284-44b4-9116-73e4ac3912f7,False,DET0496,Behavior-Chain Detection for Remote Access Tools (Tool-Agnostic),x-mitre-detection-strategy--ec412019-109f-4f84-aa2f-d623f40254e0,relationship--153e37f3-37a6-439d-a7a1-888dc45673f0,
DC0056,Windows Registry Key Creation,x-mitre-data-component--7f70fae7-a68d-4730-a83a-f260b9606129,T1546.012,Image File Execution Options Injection,attack-pattern--6d4a7fb3-5a24-42be-ae61-6728a2b581f6,True,DET0422,Detection Strategy for IFEO Injection on Windows,x-mitre-detection-strategy--d65ea5cc-52c6-4ec6-98a8-eef0be23ee72,relationship--aaed46cd-1490-4050-a035-257ec2ab3bc5,
DC0056,Windows Registry Key Creation,x-mitre-data-component--7f70fae7-a68d-4730-a83a-f260b9606129,T1547.008,LSASS Driver,attack-pattern--f0589bc3-a6ae-425a-a3d5-5659bfee07f4,True,DET0225,Detect unauthorized LSASS driver persistence via LSA plugin abuse (Windows),x-mitre-detection-strategy--fbac07bf-65d5-4222-88bb-0ef798417ebb,relationship--3c2ece76-c163-48ab-8c7e-8780ffd72461,
DC0056,Windows Registry Key Creation,x-mitre-data-component--7f70fae7-a68d-4730-a83a-f260b9606129,T1547.014,Active Setup,attack-pattern--22522668-ddf6-470b-a027-9d6866679f67,True,DET0312,Detect Active Setup Persistence via StubPath Execution,x-mitre-detection-strategy--ba8d3a5d-9ddc-4301-b021-84ca2c6854de,relationship--afb6aa42-751c-47fe-b955-0733344a444f,
DC0056,Windows Registry Key Creation,x-mitre-data-component--7f70fae7-a68d-4730-a83a-f260b9606129,T1553.004,Install Root Certificate,attack-pattern--c615231b-f253-4f58-9d47-d5b4cbdb6839,True,DET0056,Detection Strategy for Subvert Trust Controls via Install Root Certificate.,x-mitre-detection-strategy--d9e95391-5ea4-49af-a525-31655a72e470,relationship--ac19130e-d247-49e4-8aca-2837984906dc,
DC0056,Windows Registry Key Creation,x-mitre-data-component--7f70fae7-a68d-4730-a83a-f260b9606129,T1562,Impair Defenses,attack-pattern--3d333250-30e4-4a82-9edc-756c68afc529,False,DET0317,Detection Strategy for Impair Defenses Across Platforms,x-mitre-detection-strategy--e8e88bcd-0294-48d2-bd3c-0408814f4a69,relationship--d959e68e-9ed8-4e86-814a-4a0df15c0448,
DC0056,Windows Registry Key Creation,x-mitre-data-component--7f70fae7-a68d-4730-a83a-f260b9606129,T1562.009,Safe Mode Boot,attack-pattern--28170e17-8384-415c-8486-2e6b294cb803,True,DET0116,Detection Strategy for Safe Mode Boot Abuse,x-mitre-detection-strategy--8c92a33f-ac2f-4ae9-9258-7a6a67922ad4,relationship--3a7df8ad-46da-4597-be00-e6ea6401fcc0,
DC0057,Snapshot Creation,x-mitre-data-component--3da222e6-53f3-451c-a239-0b405c009432,T1074.001,Local Data Staging,attack-pattern--1c34f7aa-9341-4a48-bfab-af22e51aca6c,True,DET0261,Detection of Local Data Staging Prior to Exfiltration,x-mitre-detection-strategy--e91165c5-e850-465e-9042-6ba82478b522,relationship--2d994d7b-b354-4824-bee6-7d3161fe0e8d,
DC0057,Snapshot Creation,x-mitre-data-component--3da222e6-53f3-451c-a239-0b405c009432,T1537,Transfer Data to Cloud Account,attack-pattern--d4bdbdea-eaec-4071-b4f9-5105e12ea4b6,False,DET0573,Cross-Platform Detection of Data Transfer to Cloud Account,x-mitre-detection-strategy--22a31282-d190-449b-a102-2d562f906b7d,relationship--95e5c02b-7101-4399-8d56-b5758c3081a6,
DC0057,Snapshot Creation,x-mitre-data-component--3da222e6-53f3-451c-a239-0b405c009432,T1578,Modify Cloud Compute Infrastructure,attack-pattern--144e007b-e638-431d-a894-45d90c54ab90,False,DET0308,Detection Strategy for Modify Cloud Compute Infrastructure,x-mitre-detection-strategy--af0d25b2-1912-4821-85db-305abe318535,relationship--55386ce2-a1d3-426e-9e5a-37e52c20d18a,
DC0057,Snapshot Creation,x-mitre-data-component--3da222e6-53f3-451c-a239-0b405c009432,T1578.001,Create Snapshot,attack-pattern--ed2e45f9-d338-4eb2-8ce5-3a2e03323bc1,True,DET0423,Detection Strategy for Modify Cloud Compute Infrastructure: Create Snapshot,x-mitre-detection-strategy--160f132d-626e-412a-ae16-df265670c196,relationship--2e8e1e84-69c7-4302-abb9-3ae279f485c7,
DC0058,Snapshot Modification,x-mitre-data-component--f1eb6ea9-f3ab-414f-af35-2d5427199984,T1537,Transfer Data to Cloud Account,attack-pattern--d4bdbdea-eaec-4071-b4f9-5105e12ea4b6,False,DET0573,Cross-Platform Detection of Data Transfer to Cloud Account,x-mitre-detection-strategy--22a31282-d190-449b-a102-2d562f906b7d,relationship--95e5c02b-7101-4399-8d56-b5758c3081a6,
DC0058,Snapshot Modification,x-mitre-data-component--f1eb6ea9-f3ab-414f-af35-2d5427199984,T1578,Modify Cloud Compute Infrastructure,attack-pattern--144e007b-e638-431d-a894-45d90c54ab90,False,DET0308,Detection Strategy for Modify Cloud Compute Infrastructure,x-mitre-detection-strategy--af0d25b2-1912-4821-85db-305abe318535,relationship--55386ce2-a1d3-426e-9e5a-37e52c20d18a,
DC0059,File Metadata,x-mitre-data-component--639e87f3-acb6-448a-9645-258f20da4bc5,T1001.002,Steganography,attack-pattern--eec23884-3fa1-4d8a-ac50-6f104d51e235,True,DET0235,Detecting Steganographic Command and Control via File + Network Correlation,x-mitre-detection-strategy--0aa86929-f232-4fa7-bdc9-120f917a3509,relationship--69cfcff2-7983-45fa-a24d-9b361074b4d8,
DC0059,File Metadata,x-mitre-data-component--639e87f3-acb6-448a-9645-258f20da4bc5,T1027,Obfuscated Files or Information,attack-pattern--b3d682b6-98f2-4fb0-aa3b-b4df007ca70a,False,DET0378,Behavioral Detection of Obfuscated Files or Information,x-mitre-detection-strategy--e3758cbb-5dd9-4aad-b848-0539a8c56307,relationship--f1b0ce50-319c-455f-a8b2-a90f32310364,
DC0059,File Metadata,x-mitre-data-component--639e87f3-acb6-448a-9645-258f20da4bc5,T1027.005,Indicator Removal from Tools,attack-pattern--b0533c6e-8fea-4788-874f-b799cacc4b92,True,DET0189,Detection Strategy for Indicator Removal from Tools - Post-AV Evasion Modification,x-mitre-detection-strategy--6ab338c4-9ed3-4f63-9462-b13cea5a68b0,relationship--1afa36ca-4af6-4032-93be-aae1dd20d923,
DC0059,File Metadata,x-mitre-data-component--639e87f3-acb6-448a-9645-258f20da4bc5,T1027.006,HTML Smuggling,attack-pattern--d4dc46e3-5ba5-45b9-8204-010867cacfcb,True,DET0313,Detection Strategy for HTML Smuggling via JavaScript Blob + Dynamic File Drop,x-mitre-detection-strategy--a8067c32-46d5-426e-9c1a-e91d360be83d,relationship--a1177021-bbf1-4208-a1c3-de76bafb687d,
DC0059,File Metadata,x-mitre-data-component--639e87f3-acb6-448a-9645-258f20da4bc5,T1027.008,Stripped Payloads,attack-pattern--2f41939b-54c3-41d6-8f8b-35f1ec18ed97,True,DET0019,Detection Strategy for Stripped Payloads Across Platforms,x-mitre-detection-strategy--e4040d30-1f5a-4f80-9f06-f1c1d2a8c238,relationship--857d4009-5f94-4525-a5b9-d793821dadda,
DC0059,File Metadata,x-mitre-data-component--639e87f3-acb6-448a-9645-258f20da4bc5,T1027.009,Embedded Payloads,attack-pattern--0533ab23-3f7d-463f-9bd8-634d27e4dee1,True,DET0214,Detection Strategy for Embedded Payloads,x-mitre-detection-strategy--99294309-83fd-46f3-9925-7443c03e5b79,relationship--640fef90-e384-4276-9f96-158998de65d5,
DC0059,File Metadata,x-mitre-data-component--639e87f3-acb6-448a-9645-258f20da4bc5,T1027.011,Fileless Storage,attack-pattern--02c5abff-30bf-4703-ab92-1f6072fae939,True,DET0344,"Detection Strategy for Fileless Storage via Registry, WMI, and Shared Memory",x-mitre-detection-strategy--aea09aae-c0c3-4453-aa44-ea0153e5cb8c,relationship--46d67e25-2b9d-4848-b251-9c885658d80e,
DC0059,File Metadata,x-mitre-data-component--639e87f3-acb6-448a-9645-258f20da4bc5,T1027.012,LNK Icon Smuggling,attack-pattern--887274fc-2d63-4bdc-82f3-fae56d1d5fdc,True,DET0405,Detection Strategy for LNK Icon Smuggling,x-mitre-detection-strategy--ae3cb4bc-da0a-4e5b-b4ad-96617eccefaf,relationship--0e931240-cc44-41f6-ba44-c6855bd5511a,
DC0059,File Metadata,x-mitre-data-component--639e87f3-acb6-448a-9645-258f20da4bc5,T1027.015,Compression,attack-pattern--fbd91bfc-75c2-4f0c-8116-3b4e722906b3,True,DET0281,Detection Strategy for Compressed Payload Creation and Execution,x-mitre-detection-strategy--f3d5d1d5-3d80-46b2-be05-f0c438625230,relationship--432c35d1-b40e-401c-8c75-601a5cf0f86e,
DC0059,File Metadata,x-mitre-data-component--639e87f3-acb6-448a-9645-258f20da4bc5,T1036,Masquerading,attack-pattern--42e8de7b-37b2-4258-905a-6897815e58e0,False,DET0127,Behavioral Detection of Masquerading Across Platforms via Metadata and Execution Discrepancy,x-mitre-detection-strategy--408aedab-4a23-41ad-809d-fe9c3805b7f6,relationship--f6da021e-aaec-4010-baa9-1a02d9e40f9b,
DC0059,File Metadata,x-mitre-data-component--639e87f3-acb6-448a-9645-258f20da4bc5,T1036.001,Invalid Code Signature,attack-pattern--b4b7458f-81f2-4d38-84be-1c5ba0167a52,True,DET0031,Invalid Code Signature Execution Detection via Metadata and Behavioral Context,x-mitre-detection-strategy--fbf8f0b2-3587-45c3-be8d-d495384075be,relationship--d608ed5f-89d2-4936-900f-c736b071c85d,
DC0059,File Metadata,x-mitre-data-component--639e87f3-acb6-448a-9645-258f20da4bc5,T1036.002,Right-to-Left Override,attack-pattern--77eae145-55db-4519-8ae5-77b0c7215d69,True,DET0527,Right-to-Left Override Masquerading Detection via Filename and Execution Context,x-mitre-detection-strategy--c3c32822-80b2-4399-8e82-15cefaa80333,relationship--3d514683-576d-46c8-b7ab-8bc67f08fc97,
DC0059,File Metadata,x-mitre-data-component--639e87f3-acb6-448a-9645-258f20da4bc5,T1036.003,Rename Legitimate Utilities,attack-pattern--bd5b58a4-a52d-4a29-bc0d-3f1d3968eb6b,True,DET0005,Renamed Legitimate Utility Execution with Metadata Mismatch and Suspicious Path,x-mitre-detection-strategy--c2648552-806d-40ec-8ea7-59f4e44983eb,relationship--33b231d7-a3ef-417e-8cf1-bc10986f1bd1,
DC0059,File Metadata,x-mitre-data-component--639e87f3-acb6-448a-9645-258f20da4bc5,T1036.005,Match Legitimate Resource Name or Location,attack-pattern--1c4e5d32-1fe9-4116-9d9d-59e3925bd6a2,True,DET0347,Detection Strategy for Masquerading via Legitimate Resource Name or Location,x-mitre-detection-strategy--b667390b-a805-401d-9e02-929204825114,relationship--e4659daa-3a14-4873-a1e3-5dc132420257,
DC0059,File Metadata,x-mitre-data-component--639e87f3-acb6-448a-9645-258f20da4bc5,T1036.006,Space after Filename,attack-pattern--e51137a5-1cdc-499e-911a-abaedaa5ac86,True,DET0292,Masquerading via Space After Filename - Behavioral Detection Strategy,x-mitre-detection-strategy--16462629-5b36-4bb6-a565-de4df01f75d4,relationship--ca314796-7dc4-401d-99bd-f3624f025832,
DC0059,File Metadata,x-mitre-data-component--639e87f3-acb6-448a-9645-258f20da4bc5,T1036.008,Masquerade File Type,attack-pattern--208884f1-7b83-4473-ac22-4e1cf6c41471,True,DET0226,Detection Strategy for Masquerading via File Type Modification,x-mitre-detection-strategy--e2d84c66-3647-4aab-962b-c1ad89455a18,relationship--fd569220-693b-46da-a457-8ea314dce886,
DC0059,File Metadata,x-mitre-data-component--639e87f3-acb6-448a-9645-258f20da4bc5,T1037,Boot or Logon Initialization Scripts,attack-pattern--03259939-0b57-482f-8eb5-87c0e0d54334,False,DET0112,Boot or Logon Initialization Scripts Detection Strategy,x-mitre-detection-strategy--6928b108-f04e-4a9b-bda5-53bb0c64ec9b,relationship--db152098-ded9-4b20-9b0a-0044921dae84,
DC0059,File Metadata,x-mitre-data-component--639e87f3-acb6-448a-9645-258f20da4bc5,T1059.011,Lua,attack-pattern--afddee82-3385-4682-ad90-eeced33f2d07,True,DET0101,Detection Strategy for Lua Scripting Abuse,x-mitre-detection-strategy--be7a4dda-a46a-4245-8837-e69946a79d3f,relationship--1561faed-2a13-4416-9cab-06159d35f746,
DC0059,File Metadata,x-mitre-data-component--639e87f3-acb6-448a-9645-258f20da4bc5,T1070,Indicator Removal,attack-pattern--799ace7f-e227-4411-baa0-8868704f2a69,False,DET0184,Behavioral Detection of Indicator Removal Across Platforms,x-mitre-detection-strategy--7225a3bd-f235-4c13-a236-3c6b9a3d445c,relationship--9b0ed970-db3e-4239-92dc-51c509d6a9c6,
DC0059,File Metadata,x-mitre-data-component--639e87f3-acb6-448a-9645-258f20da4bc5,T1070.006,Timestomp,attack-pattern--47f2d673-ca62-47e9-929b-1b0be9657611,True,DET0591,Cross-Platform Behavioral Detection of File Timestomping via Metadata Tampering,x-mitre-detection-strategy--f9d25557-f87b-4920-a98b-8a3c9df4bfce,relationship--b146edce-c62f-45b3-950e-cc428f8cd7ef,
DC0059,File Metadata,x-mitre-data-component--639e87f3-acb6-448a-9645-258f20da4bc5,T1137.001,Office Template Macros,attack-pattern--79a47ad0-fc3b-4821-9f01-a026b1ddba21,True,DET0519,Detect Persistence via Office Template Macro Injection or Registry Hijack,x-mitre-detection-strategy--e04f7ddf-6a1e-4731-afd6-5edb74f4c624,relationship--0411dd33-93d8-4709-816d-c05b31a0b721,
DC0059,File Metadata,x-mitre-data-component--639e87f3-acb6-448a-9645-258f20da4bc5,T1195,Supply Chain Compromise,attack-pattern--3f18edba-28f4-4bb9-82c3-8aa60dcac5f7,False,DET0537,Behavioral detection for Supply Chain Compromise (package/update tamper → install → first-run),x-mitre-detection-strategy--18c9199f-d6b6-4efe-ac90-9a1b7b8c6f36,relationship--5f50e76f-fc9b-4f3f-948f-408f58ab2894,
DC0059,File Metadata,x-mitre-data-component--639e87f3-acb6-448a-9645-258f20da4bc5,T1195.001,Compromise Software Dependencies and Development Tools,attack-pattern--191cc6af-1bb2-4344-ab5f-28e496638720,True,DET0009,Supply-chain tamper in dependencies/dev-tools (manager→write/install→first-run→egress),x-mitre-detection-strategy--ec870f2d-bba3-43f9-95b8-c2f85678dba4,relationship--f21676c2-dc39-4d2e-b551-5ed654dddef3,
DC0059,File Metadata,x-mitre-data-component--639e87f3-acb6-448a-9645-258f20da4bc5,T1195.002,Compromise Software Supply Chain,attack-pattern--bd369cd9-abb8-41ce-b5bb-fff23ee86c00,True,DET0309,Compromised software/update chain (installer/write → first-run/child → egress/signature anomaly),x-mitre-detection-strategy--77d3b532-9c4f-4f9f-9581-3009b201435d,relationship--91cd8b1f-5c87-41be-b7e7-310d4c6b6c3e,
DC0059,File Metadata,x-mitre-data-component--639e87f3-acb6-448a-9645-258f20da4bc5,T1195.003,Compromise Hardware Supply Chain,attack-pattern--39131305-9282-45e4-ac3b-591d2d4fc3ef,True,DET0368,Hardware Supply Chain Compromise Detection via Host Status & Boot Integrity Checks,x-mitre-detection-strategy--4dfcf95f-0bbb-4ae7-8bd5-91e3e6c51809,relationship--37fa991d-a766-4131-9843-441d5bbe763b,
DC0059,File Metadata,x-mitre-data-component--639e87f3-acb6-448a-9645-258f20da4bc5,T1204.002,Malicious File,attack-pattern--232b7f21-adf9-4b42-b936-b9d6f7df856e,True,DET0294,User Execution – Malicious File via download/open → spawn chain (T1204.002),x-mitre-detection-strategy--e2023eb5-d813-4a08-985e-e8c998672037,relationship--407375dd-0cc3-4eb4-9dd5-f92a9040b349,
DC0059,File Metadata,x-mitre-data-component--639e87f3-acb6-448a-9645-258f20da4bc5,T1204.005,Malicious Library,attack-pattern--73b24a10-6bf4-4af1-a81e-67b8bcb6c4e6,True,DET0252,User-Initiated Malicious Library Installation via Package Manager (T1204.005),x-mitre-detection-strategy--09caebdc-2ce4-4698-a40c-d91cb65f9720,relationship--b3e3de71-b34f-4c75-a8ad-5204ed38fc81,
DC0059,File Metadata,x-mitre-data-component--639e87f3-acb6-448a-9645-258f20da4bc5,T1222,File and Directory Permissions Modification,attack-pattern--65917ae0-b854-4139-83fe-bf2441cf0196,False,DET0299,Multi-Platform File and Directory Permissions Modification Detection Strategy,x-mitre-detection-strategy--682ddf59-6de3-4765-a1c0-09b539fa5d4f,relationship--3f78696b-0ec4-4d0c-9e65-5bb26ee3ebe7,
DC0059,File Metadata,x-mitre-data-component--639e87f3-acb6-448a-9645-258f20da4bc5,T1222.001,Windows File and Directory Permissions Modification,attack-pattern--34e793de-0274-4982-9c1a-246ed1c19dee,True,DET0418,Windows DACL Manipulation Behavioral Chain Detection Strategy,x-mitre-detection-strategy--a1b25828-57bf-470c-8f47-8ad4e1f6bbdb,relationship--6f2a1b10-44ce-4ce5-bf9a-7af20837ff10,
DC0059,File Metadata,x-mitre-data-component--639e87f3-acb6-448a-9645-258f20da4bc5,T1222.002,Linux and Mac File and Directory Permissions Modification,attack-pattern--09b130a2-a77e-4af0-a361-f46f9aad1345,True,DET0351,Unix-like File Permission Manipulation Behavioral Chain Detection Strategy,x-mitre-detection-strategy--3243e976-0cf8-4f18-8b50-38b9ee5bfc4c,relationship--5189c69d-5296-4ed3-8d69-f5a7c732070c,
DC0059,File Metadata,x-mitre-data-component--639e87f3-acb6-448a-9645-258f20da4bc5,T1497.003,Time Based Checks,attack-pattern--4bed873f-0b7d-41d4-b93a-b6905d1f90b0,True,DET0141,"Detect Time-Based Evasion via Sleep, Timer Loops, and Delayed Execution",x-mitre-detection-strategy--90b6ef43-3f63-47c5-af59-ed4f95cc9c87,relationship--77e5d090-d1f4-43aa-a068-b1c040875e48,
DC0059,File Metadata,x-mitre-data-component--639e87f3-acb6-448a-9645-258f20da4bc5,T1546,Event Triggered Execution,attack-pattern--b6301b64-ef57-4cce-bb0b-77026f14a8db,False,DET0010,Behavioral Detection of Event Triggered Execution Across Platforms,x-mitre-detection-strategy--c5e3823f-5ee0-43db-b6fa-b63d6587b24c,relationship--e6a8c456-3c2e-44a6-8614-b5c3e7cb4d98,
DC0059,File Metadata,x-mitre-data-component--639e87f3-acb6-448a-9645-258f20da4bc5,T1546.006,LC_LOAD_DYLIB Addition,attack-pattern--10ff21b9-5a01-4268-a1b5-3b55015f1847,True,DET0216,Detection Strategy for LC_LOAD_DYLIB Modification in Mach-O Binaries on macOS,x-mitre-detection-strategy--4f95fef5-3b5e-435a-ad00-33d2d9765640,relationship--23a1591e-f62f-4138-939b-f68b16dcc2e0,
DC0059,File Metadata,x-mitre-data-component--639e87f3-acb6-448a-9645-258f20da4bc5,T1546.008,Accessibility Features,attack-pattern--70e52b04-2a0c-4cea-9d18-7149f1df9dc5,True,DET0033,Detection Strategy for Accessibility Feature Hijacking via Binary Replacement or Registry Modification,x-mitre-detection-strategy--05cb564b-df98-44d8-8982-176136eef26d,relationship--4d6a7211-acfc-449b-bad9-8984c86cb45a,
DC0059,File Metadata,x-mitre-data-component--639e87f3-acb6-448a-9645-258f20da4bc5,T1546.018,Python Startup Hooks,attack-pattern--c5087385-9b7c-4488-9923-d9e370bf08df,True,DET0258,Linux Python Startup Hook Persistence via .pth and Customize Files (T1546.018),x-mitre-detection-strategy--6034b1c9-84df-4349-b34f-957ad8ec34d3,relationship--59dfed9e-1e28-4f56-80e2-b56931e84ac7,
DC0059,File Metadata,x-mitre-data-component--639e87f3-acb6-448a-9645-258f20da4bc5,T1547.007,Re-opened Applications,attack-pattern--e5cc9e7a-e61a-46a1-b869-55fb6eab058e,True,DET0125,Detect persistence via reopened application plist modification (macOS),x-mitre-detection-strategy--5ac0e527-2ebd-44a1-8d87-4de8463b761c,relationship--8ec064e5-c9d4-49ec-a87e-ab164a6281db,
DC0059,File Metadata,x-mitre-data-component--639e87f3-acb6-448a-9645-258f20da4bc5,T1547.009,Shortcut Modification,attack-pattern--4ab929c6-ee2d-4fb5-aab4-b14be2ed7179,True,DET0180,Detection Strategy for T1547.009 – Shortcut Modification (Windows),x-mitre-detection-strategy--300931b1-bd28-4e91-ba6e-585f3563e8e4,relationship--29c78663-6f07-4ef3-a2be-8d43813d8880,
DC0059,File Metadata,x-mitre-data-component--639e87f3-acb6-448a-9645-258f20da4bc5,T1547.013,XDG Autostart Entries,attack-pattern--e0232cb0-ded5-4c2e-9dc7-2893142a5c11,True,DET0390,Linux Detection Strategy for T1547.013 - XDG Autostart Entries,x-mitre-detection-strategy--c265ea42-9c5a-41f0-9627-d7ac0063ec98,relationship--9130b83f-5494-4289-9034-e90a2175f2e6,
DC0059,File Metadata,x-mitre-data-component--639e87f3-acb6-448a-9645-258f20da4bc5,T1548,Abuse Elevation Control Mechanism,attack-pattern--67720091-eee3-4d2d-ae16-8264567f6f5b,False,DET0345,Detection Strategy for Abuse Elevation Control Mechanism (T1548),x-mitre-detection-strategy--9646aa18-4ebf-43c8-bf4c-670063bc5ef8,relationship--6c4a90f8-082b-4b90-9e8a-e0e900f94923,
DC0059,File Metadata,x-mitre-data-component--639e87f3-acb6-448a-9645-258f20da4bc5,T1553,Subvert Trust Controls,attack-pattern--b83e166d-13d7-4b52-8677-dff90c548fd7,False,DET0452,"Detect Subversion of Trust Controls via Certificate, Registry, and Attribute Manipulation",x-mitre-detection-strategy--73cde34a-247f-4ebc-87a5-ab6a9c400f40,relationship--9e91959a-a90f-4523-8ad3-8b713a919656,
DC0059,File Metadata,x-mitre-data-component--639e87f3-acb6-448a-9645-258f20da4bc5,T1553.001,Gatekeeper Bypass,attack-pattern--31a0a2ac-c67c-4a7e-b9ed-6a96477d4e8e,True,DET0288,Detect Gatekeeper Bypass via Quarantine Flag and Trust Control Manipulation,x-mitre-detection-strategy--62d7a748-dee5-46c7-b61c-77f57f371b4f,relationship--28c76ea2-9274-4291-b452-6c25bedbb4e4,
DC0059,File Metadata,x-mitre-data-component--639e87f3-acb6-448a-9645-258f20da4bc5,T1553.002,Code Signing,attack-pattern--32901740-b42c-4fdd-bc02-345b5dc57082,True,DET0230,Detect Suspicious or Malicious Code Signing Abuse,x-mitre-detection-strategy--01cc085c-7d7d-49fc-9d15-bc5b2226026a,relationship--e938af0c-04ae-43d6-bd23-5ee204c8e306,
DC0059,File Metadata,x-mitre-data-component--639e87f3-acb6-448a-9645-258f20da4bc5,T1553.005,Mark-of-the-Web Bypass,attack-pattern--7e7c2fba-7cca-486c-9582-4c1bb2851961,True,DET0257,Detect Mark-of-the-Web (MOTW) Bypass via Container and Disk Image Files,x-mitre-detection-strategy--2556841e-474a-45c0-b827-4f5db6dcca31,relationship--7e5a5d4c-3fb4-4db0-9c42-f7345d4a208a,
DC0059,File Metadata,x-mitre-data-component--639e87f3-acb6-448a-9645-258f20da4bc5,T1555.004,Windows Credential Manager,attack-pattern--d336b553-5da9-46ca-98a8-0b23f49fb447,True,DET0134,Detect Suspicious Access to Windows Credential Manager,x-mitre-detection-strategy--119f2b00-82ac-41fb-96ac-728bf56a8a29,relationship--cf8d5818-49bb-4b33-a2af-77f1fa5ff5cc,
DC0059,File Metadata,x-mitre-data-component--639e87f3-acb6-448a-9645-258f20da4bc5,T1555.005,Password Managers,attack-pattern--315f51f0-6b03-4c1e-bfb2-84740afb8e21,True,DET0597,Detect Unauthorized Access to Password Managers,x-mitre-detection-strategy--a5600691-be46-424a-b8ef-a2c9159da49a,relationship--6a8c842f-73a3-4620-be9c-827895df25f0,
DC0059,File Metadata,x-mitre-data-component--639e87f3-acb6-448a-9645-258f20da4bc5,T1564,Hide Artifacts,attack-pattern--22905430-4901-4c2a-84f6-98243cb173f8,False,DET0502,Detection Strategy for Hidden Artifacts Across Platforms,x-mitre-detection-strategy--bd2348f8-acef-4310-bd03-cf7b866d2592,relationship--cd3ee69c-01d3-41a0-9e5e-caebaf1776c7,
DC0059,File Metadata,x-mitre-data-component--639e87f3-acb6-448a-9645-258f20da4bc5,T1564.001,Hidden Files and Directories,attack-pattern--ec8fc7e2-b356-455c-8db5-2e37be158e7d,True,DET0032,Detection Strategy for Hidden Files and Directories,x-mitre-detection-strategy--3f59957a-2e55-4378-bbe7-090fb1e4f067,relationship--1c135a0c-a6dc-404e-8a38-d4db97d5eb4b,
DC0059,File Metadata,x-mitre-data-component--639e87f3-acb6-448a-9645-258f20da4bc5,T1564.004,NTFS File Attributes,attack-pattern--f2857333-11d4-45bf-b064-2c28d8525be5,True,DET0432,Detection Strategy for NTFS File Attribute Abuse (ADS/EAs),x-mitre-detection-strategy--08f7fa2b-13f3-4348-83b8-023c2a68493f,relationship--1c22fcf1-cfeb-4318-8573-c035b04680df,
DC0059,File Metadata,x-mitre-data-component--639e87f3-acb6-448a-9645-258f20da4bc5,T1564.007,VBA Stomping,attack-pattern--c898c4b5-bf36-4e6e-a4ad-5b8c4c13e35b,True,DET0012,Detection Strategy for VBA Stomping,x-mitre-detection-strategy--6d2e2f19-f5ae-4ba0-aea7-52cc257169e5,relationship--15d4e0ff-17f8-44f1-8f01-167dcad0e288,
DC0059,File Metadata,x-mitre-data-component--639e87f3-acb6-448a-9645-258f20da4bc5,T1564.009,Resource Forking,attack-pattern--b22e5153-ac28-4cc6-865c-2054e36285cb,True,DET0584,Detection Strategy for Resource Forking on macOS,x-mitre-detection-strategy--0f320fd9-cf15-4fd6-bcb3-c3a52760fe88,relationship--6aac8916-7bcf-4c99-b60c-260a2ea83e6e,
DC0059,File Metadata,x-mitre-data-component--639e87f3-acb6-448a-9645-258f20da4bc5,T1564.012,File/Path Exclusions,attack-pattern--09b008a9-b4eb-462a-a751-a0eb58050cd9,True,DET0051,Detection Strategy for File/Path Exclusions,x-mitre-detection-strategy--f9175415-59ba-497c-b96f-639e01f4cf4e,relationship--34cc64f1-eeb5-49cd-8077-5986c332fe06,
DC0059,File Metadata,x-mitre-data-component--639e87f3-acb6-448a-9645-258f20da4bc5,T1564.014,Extended Attributes,attack-pattern--762e6f29-a62f-4d96-91ed-d0073181431f,True,DET0406,Detection Strategy for Extended Attributes Abuse,x-mitre-detection-strategy--e32dbff1-9d06-4495-b815-48463481581b,relationship--5cfb1133-9b78-4d80-bf5e-774bf196f8b5,
DC0059,File Metadata,x-mitre-data-component--639e87f3-acb6-448a-9645-258f20da4bc5,T1565,Data Manipulation,attack-pattern--ac9e6b22-11bf-45d7-9181-c1cb08360931,False,DET0059,Detection Strategy for Data Manipulation,x-mitre-detection-strategy--cce3ccaf-87ac-47ae-b9e2-6507b91cb63d,relationship--c05c1979-c5f3-4c01-81dd-45db2055a28c,
DC0059,File Metadata,x-mitre-data-component--639e87f3-acb6-448a-9645-258f20da4bc5,T1565.001,Stored Data Manipulation,attack-pattern--1cfcb312-b8d7-47a4-b560-4b16cc677292,True,DET0193,Detection Strategy for Stored Data Manipulation across OS Platforms.,x-mitre-detection-strategy--e3776b4e-00b0-44cd-9e77-5df960a979d7,relationship--dd944718-7cca-4d53-9b2b-75ee9c253fc9,
DC0059,File Metadata,x-mitre-data-component--639e87f3-acb6-448a-9645-258f20da4bc5,T1565.002,Transmitted Data Manipulation,attack-pattern--d0613359-5781-4fd2-b5be-c269270be1f6,True,DET0254,Detection Strategy of Transmitted Data Manipulation,x-mitre-detection-strategy--1764bbd5-67d1-4225-9c06-0d5aa74d056f,relationship--80f99d79-d102-449e-be48-523a0da815a4,
DC0059,File Metadata,x-mitre-data-component--639e87f3-acb6-448a-9645-258f20da4bc5,T1565.003,Runtime Data Manipulation,attack-pattern--32ad5c86-2bcf-47d8-8fdc-d7f3d79a7490,True,DET0391,Detection Strategy for Runtime Data Manipulation.,x-mitre-detection-strategy--41107d12-dd2e-439f-af29-1a10dcfcb6ce,relationship--c3e03eff-201b-4857-ba09-4999335de433,
DC0059,File Metadata,x-mitre-data-component--639e87f3-acb6-448a-9645-258f20da4bc5,T1570,Lateral Tool Transfer,attack-pattern--bf90d72c-c00b-45e3-b3aa-68560560d4c5,False,DET0183,Detection Strategy for Lateral Tool Transfer across OS platforms,x-mitre-detection-strategy--156ddd81-b3ae-4a79-8c4e-7a75b6fd994c,relationship--f66b9063-a4c3-4f41-8fb3-4a7ea1eeb34c,
DC0059,File Metadata,x-mitre-data-component--639e87f3-acb6-448a-9645-258f20da4bc5,T1574.001,DLL,attack-pattern--2fee9321-3e71-4cf4-af24-d4d40d355b34,True,DET0201,Detection Strategy for Hijack Execution Flow for DLLs,x-mitre-detection-strategy--bd33de0c-1ed7-42ea-b77d-1fd5d33acd3b,relationship--21fcc54f-0e35-4b2f-8c97-294f0f345d3f,
DC0059,File Metadata,x-mitre-data-component--639e87f3-acb6-448a-9645-258f20da4bc5,T1574.005,Executable Installer File Permissions Weakness,attack-pattern--70d81154-b187-45f9-8ec5-295d01255979,True,DET0038,Detection Strategy for Hijack Execution Flow using Executable Installer File Permissions Weakness,x-mitre-detection-strategy--07b1eb42-4f7b-4420-972e-2f28f17c0fa0,relationship--3461a5d4-6ab6-4b4b-8c3c-b1a632d09dc2,
DC0059,File Metadata,x-mitre-data-component--639e87f3-acb6-448a-9645-258f20da4bc5,T1574.008,Path Interception by Search Order Hijacking,attack-pattern--58af3705-8740-4c68-9329-ec015a7013c2,True,DET0564,Detection Strategy for Hijack Execution Flow using Path Interception by Search Order Hijacking,x-mitre-detection-strategy--9050bfb8-840d-4464-b4e8-7a0dbdece715,relationship--0e86516c-14bb-4457-8869-aeda2a2b42f5,
DC0059,File Metadata,x-mitre-data-component--639e87f3-acb6-448a-9645-258f20da4bc5,T1574.009,Path Interception by Unquoted Path,attack-pattern--bf96a5a3-3bce-43b7-8597-88545984c07b,True,DET0064,Detection Strategy for Hijack Execution Flow through Path Interception by Unquoted Path,x-mitre-detection-strategy--26a281d7-c49e-4e36-ab51-26a757559cf0,relationship--b55f3cb7-c47c-4b8d-91b2-cb91da1ee73d,
DC0059,File Metadata,x-mitre-data-component--639e87f3-acb6-448a-9645-258f20da4bc5,T1574.010,Services File Permissions Weakness,attack-pattern--9e8b28c9-35fe-48ac-a14d-e6cc032dcbcd,True,DET0436,Detection Strategy for Hijack Execution Flow through Services File Permissions Weakness.,x-mitre-detection-strategy--7e71997a-80b5-4d0d-807e-472116b46b77,relationship--5346102a-9994-4eb2-ab3e-b430fe4f6c67,
DC0059,File Metadata,x-mitre-data-component--639e87f3-acb6-448a-9645-258f20da4bc5,T1601.002,Downgrade System Image,attack-pattern--fc74ba38-dc98-461f-8611-b3dbf9978e3d,True,DET0569,Detection Strategy for Downgrade System Image on Network Devices,x-mitre-detection-strategy--524a2282-e312-4707-82d1-2c34f015c85c,relationship--59bd78e7-9975-4340-be27-e1035d5529d8,
DC0059,File Metadata,x-mitre-data-component--639e87f3-acb6-448a-9645-258f20da4bc5,T1677,Poisoned Pipeline Execution,attack-pattern--7655ac3b-dfde-49c5-a967-242856174434,False,DET0533,Detection Strategy for Poisoned Pipeline Execution via SaaS CI/CD Workflows,x-mitre-detection-strategy--cad3cfb6-1838-4fa3-abfc-aa590f613436,relationship--ce76daca-413c-4075-9ca2-84a1ca1fbc93,
DC0060,Service Creation,x-mitre-data-component--5297a638-1382-4f0c-8472-0d21830bf705,T1014,Rootkit,attack-pattern--0f20e3cb-245b-4a61-8a91-2d93f7cb0e9b,False,DET0377,Detection of Kernel/User-Level Rootkit Behavior Across Platforms,x-mitre-detection-strategy--00a4e92b-8164-4342-a71c-013ecc777ad0,relationship--13f0f64f-c275-48dc-8fb3-dda48df60d8c,
DC0060,Service Creation,x-mitre-data-component--5297a638-1382-4f0c-8472-0d21830bf705,T1036,Masquerading,attack-pattern--42e8de7b-37b2-4258-905a-6897815e58e0,False,DET0127,Behavioral Detection of Masquerading Across Platforms via Metadata and Execution Discrepancy,x-mitre-detection-strategy--408aedab-4a23-41ad-809d-fe9c3805b7f6,relationship--f6da021e-aaec-4010-baa9-1a02d9e40f9b,
DC0060,Service Creation,x-mitre-data-component--5297a638-1382-4f0c-8472-0d21830bf705,T1036.004,Masquerade Task or Service,attack-pattern--7bdca9d5-d500-4d7d-8c52-5fd47baf4c0c,True,DET0117,Detection of Masqueraded Tasks or Services with Suspicious Naming and Execution,x-mitre-detection-strategy--45665335-5bf0-4553-9398-ea40d550cbff,relationship--f0f024f2-b4c2-432e-a3b9-5a2e5ecee53f,
DC0060,Service Creation,x-mitre-data-component--5297a638-1382-4f0c-8472-0d21830bf705,T1040,Network Sniffing,attack-pattern--3257eb21-f9a7-4430-8de1-d8b6e288f529,False,DET0314,Detection Strategy for Network Sniffing Across Platforms,x-mitre-detection-strategy--49505f6d-b778-4a84-a072-9236b700e7b5,relationship--0dcf6c3b-b899-4ee4-99ad-cad56967f9ca,
DC0060,Service Creation,x-mitre-data-component--5297a638-1382-4f0c-8472-0d21830bf705,T1056.001,Keylogging,attack-pattern--09a60ea3-a8d1-4ae5-976e-5783248b72a4,True,DET0089,Behavioral Detection of Keylogging Activity Across Platforms,x-mitre-detection-strategy--fe0d7d82-1575-4685-9a4f-4bf83e0227a0,relationship--4ebf6dc6-2daf-42e3-8fc3-4f6d5ac4d63d,
DC0060,Service Creation,x-mitre-data-component--5297a638-1382-4f0c-8472-0d21830bf705,T1090.001,Internal Proxy,attack-pattern--f6dacc85-b37d-458e-b58d-74fc4bbf5755,True,DET0075,Internal Proxy Behavior via Lateral Host-to-Host C2 Relay,x-mitre-detection-strategy--28630b41-d28f-4414-afc8-23cc9ce8696c,relationship--58aa13ea-1fc5-4b98-ba7a-721585eec425,
DC0060,Service Creation,x-mitre-data-component--5297a638-1382-4f0c-8472-0d21830bf705,T1197,BITS Jobs,attack-pattern--c8e87b83-edbb-48d4-9295-4974897525b7,False,DET0098,"Detect abuse of Windows BITS Jobs for download, execution and persistence",x-mitre-detection-strategy--de9fde27-426b-4cb1-afcd-dbe1f7d4273f,relationship--0967546e-b205-4de2-92eb-2847cb4ad94e,
DC0060,Service Creation,x-mitre-data-component--5297a638-1382-4f0c-8472-0d21830bf705,T1205.002,Socket Filters,attack-pattern--005cc321-08ce-4d17-b1ea-cb5275926520,True,DET0162,Socket-filter trigger → on-host raw-socket activity → reverse connection (T1205.002),x-mitre-detection-strategy--b4cdf164-9cb7-4cad-bdc3-81b5574f364a,relationship--829a3356-ec45-4101-8eb0-f0c168ff8f03,
DC0060,Service Creation,x-mitre-data-component--5297a638-1382-4f0c-8472-0d21830bf705,T1219,Remote Access Tools,attack-pattern--4061e78c-1284-44b4-9116-73e4ac3912f7,False,DET0496,Behavior-Chain Detection for Remote Access Tools (Tool-Agnostic),x-mitre-detection-strategy--ec412019-109f-4f84-aa2f-d623f40254e0,relationship--153e37f3-37a6-439d-a7a1-888dc45673f0,
DC0060,Service Creation,x-mitre-data-component--5297a638-1382-4f0c-8472-0d21830bf705,T1489,Service Stop,attack-pattern--20fb2507-d71c-455d-9b6d-6104461cf26b,False,DET0021,Behavioral Detection for Service Stop across Platforms,x-mitre-detection-strategy--ae37afa8-87d5-4091-ac33-010e78eefe97,relationship--091187a1-a960-4731-829d-de865e7d49a1,
DC0060,Service Creation,x-mitre-data-component--5297a638-1382-4f0c-8472-0d21830bf705,T1499.004,Application or System Exploitation,attack-pattern--2bee5ffb-7a7a-4119-b1f2-158151b19ac0,True,DET0304,Detection Strategy for Endpoint DoS via Application or System Exploitation,x-mitre-detection-strategy--28d6ebc3-3b01-45e1-b48e-6491364d23e9,relationship--9ce6810d-6c9e-4bcf-acd9-f93996267414,
DC0060,Service Creation,x-mitre-data-component--5297a638-1382-4f0c-8472-0d21830bf705,T1543,Create or Modify System Process,attack-pattern--106c0cf6-bf73-4601-9aa8-0945c2715ec5,False,DET0571,Detection of System Process Creation or Modification Across Platforms,x-mitre-detection-strategy--dab6c58b-2f44-4539-93e1-b03990fc1649,relationship--f2f4bc4a-1f7a-4cb8-8635-d8461de4480c,
DC0060,Service Creation,x-mitre-data-component--5297a638-1382-4f0c-8472-0d21830bf705,T1543.001,Launch Agent,attack-pattern--d10cbd34-42e3-45c0-84d2-535a09849584,True,DET0434,Detection of Launch Agent Creation or Modification on macOS,x-mitre-detection-strategy--4dbd7441-627f-4d5a-a060-28fe6a8cbb9e,relationship--0f6c39d6-ff29-4c5d-8427-53eaa02617f0,
DC0060,Service Creation,x-mitre-data-component--5297a638-1382-4f0c-8472-0d21830bf705,T1543.002,Systemd Service,attack-pattern--dfefe2ed-4389-4318-8762-f0272b350a1b,True,DET0253,Detection of Systemd Service Creation or Modification on Linux,x-mitre-detection-strategy--3c335443-c161-4149-9c85-d7a014550099,relationship--03591820-bd88-4ad5-8d1b-11e8f28d495e,
DC0060,Service Creation,x-mitre-data-component--5297a638-1382-4f0c-8472-0d21830bf705,T1543.003,Windows Service,attack-pattern--2959d63f-73fd-46a1-abd2-109d7dcede32,True,DET0552,Detection of Windows Service Creation or Modification,x-mitre-detection-strategy--c7d19c6f-a7f8-4323-af57-c626ccb74d88,relationship--67c2ad46-15c3-45d1-b209-4921f21eb8c3,
DC0060,Service Creation,x-mitre-data-component--5297a638-1382-4f0c-8472-0d21830bf705,T1543.004,Launch Daemon,attack-pattern--573ad264-1371-4ae0-8482-d2673b719dba,True,DET0401,Detection Strategy for Launch Daemon Creation or Modification (macOS),x-mitre-detection-strategy--dcbcea6d-e822-4fe3-b9df-86d4d9cd5667,relationship--d4902b04-2ad3-4c4e-9c05-8c2cf45fe38d,
DC0060,Service Creation,x-mitre-data-component--5297a638-1382-4f0c-8472-0d21830bf705,T1543.005,Container Service,attack-pattern--b0e54bf7-835e-4f44-bd8e-62f431b9b76a,True,DET0473,Detect persistent or elevated container services via container runtime or cluster manipulation,x-mitre-detection-strategy--81ac26e4-c4f6-4368-842f-50033ca8522b,relationship--a0a7fa79-fe0a-4f2c-aa23-5bc18c1c4891,
DC0060,Service Creation,x-mitre-data-component--5297a638-1382-4f0c-8472-0d21830bf705,T1557.001,LLMNR/NBT-NS Poisoning and SMB Relay,attack-pattern--650c784b-7504-4df7-ab2c-4ea882384d1e,True,DET0462,Detect LLMNR/NBT-NS Poisoning and SMB Relay on Windows,x-mitre-detection-strategy--2db51eaa-3407-4ad0-a45e-86ebf5f2abac,relationship--9da1b46a-7acd-44ed-9646-dff5ed075985,
DC0060,Service Creation,x-mitre-data-component--5297a638-1382-4f0c-8472-0d21830bf705,T1562,Impair Defenses,attack-pattern--3d333250-30e4-4a82-9edc-756c68afc529,False,DET0317,Detection Strategy for Impair Defenses Across Platforms,x-mitre-detection-strategy--e8e88bcd-0294-48d2-bd3c-0408814f4a69,relationship--d959e68e-9ed8-4e86-814a-4a0df15c0448,
DC0060,Service Creation,x-mitre-data-component--5297a638-1382-4f0c-8472-0d21830bf705,T1562.001,Disable or Modify Tools,attack-pattern--ac08589e-ee59-4935-8667-d845e38fe579,True,DET0497,Detection of Impair Defenses through Disabled or Modified Tools across OS Platforms.,x-mitre-detection-strategy--a21019ad-f6d2-4806-be7b-01ba27c63147,relationship--325b752a-0c12-42ec-9dfb-112a83c73518,
DC0060,Service Creation,x-mitre-data-component--5297a638-1382-4f0c-8472-0d21830bf705,T1562.011,Spoof Security Alerting,attack-pattern--bef8aaee-961d-4359-a308-4c2182bcedff,True,DET0311,Detection for Spoofing Security Alerting across OS Platforms,x-mitre-detection-strategy--fecfb9f9-645e-4e09-ba21-05bc60722688,relationship--ee5beba3-88c2-4152-a39f-17d1376f3d41,
DC0060,Service Creation,x-mitre-data-component--5297a638-1382-4f0c-8472-0d21830bf705,T1563.002,RDP Hijacking,attack-pattern--e0033c16-a07e-48aa-8204-7c3ca669998c,True,DET0588,Detection fo Remote Service Session Hijacking for RDP.,x-mitre-detection-strategy--2729a43c-3f8d-4fee-b2bd-f773436d051b,relationship--29016afa-0769-41ea-ba47-9f4aecf6228d,
DC0060,Service Creation,x-mitre-data-component--5297a638-1382-4f0c-8472-0d21830bf705,T1564.006,Run Virtual Instance,attack-pattern--b5327dd1-6bf9-4785-a199-25bcbd1f4a9d,True,DET0321,Detection Strategy for Hidden Virtual Instance Execution,x-mitre-detection-strategy--55321f9d-1646-45b9-b23e-e3c0fe105400,relationship--3ef5c5df-8e91-49c0-bdf8-e2d826c5e7b3,
DC0060,Service Creation,x-mitre-data-component--5297a638-1382-4f0c-8472-0d21830bf705,T1569,System Services,attack-pattern--d157f9d2-d09a-4efa-bb2a-64963f94e253,False,DET0279,Detection Strategy for System Services across OS platforms.,x-mitre-detection-strategy--38364d2d-7b25-4f75-9679-eca4dd18b213,relationship--20cd9b34-087b-42ab-9819-fe330c06c89d,
DC0060,Service Creation,x-mitre-data-component--5297a638-1382-4f0c-8472-0d21830bf705,T1569.001,Launchctl,attack-pattern--810aa4ad-61c9-49cb-993f-daa06199421d,True,DET0265,Detection Strategy for System Services: Launchctl,x-mitre-detection-strategy--77078baf-96f1-413a-bf5b-96b42486e26c,relationship--b7172625-94ca-4f14-8bde-7e195b8b7aae,
DC0060,Service Creation,x-mitre-data-component--5297a638-1382-4f0c-8472-0d21830bf705,T1569.002,Service Execution,attack-pattern--f1951e8a-500e-4a26-8803-76d95c4554b4,True,DET0421,Detection Strategy for System Services Service Execution,x-mitre-detection-strategy--ef1996dc-b6e9-4d8b-a216-77d14323b3e5,relationship--9b8e4d42-e77f-42c5-905f-2090c5859aaa,
DC0060,Service Creation,x-mitre-data-component--5297a638-1382-4f0c-8472-0d21830bf705,T1569.003,Systemctl,attack-pattern--4b46767d-4a61-4f30-995e-c19a75c2e536,True,DET0073,Detection Strategy for System Services: Systemctl,x-mitre-detection-strategy--8a9b730a-b290-40ce-b182-dbcb06fbad3d,relationship--27de0912-04bc-456c-b0bb-33d102067007,
DC0060,Service Creation,x-mitre-data-component--5297a638-1382-4f0c-8472-0d21830bf705,T1574.010,Services File Permissions Weakness,attack-pattern--9e8b28c9-35fe-48ac-a14d-e6cc032dcbcd,True,DET0436,Detection Strategy for Hijack Execution Flow through Services File Permissions Weakness.,x-mitre-detection-strategy--7e71997a-80b5-4d0d-807e-472116b46b77,relationship--5346102a-9994-4eb2-ab3e-b430fe4f6c67,
DC0061,File Modification,x-mitre-data-component--84572de3-9583-4c73-aabd-06ea88123dd8,T1003.002,Security Account Manager,attack-pattern--1644e709-12d2-41e5-a60f-3470991f5011,True,DET0085,Credential Dumping from SAM via Registry Dump and Local File Access,x-mitre-detection-strategy--13c88a68-15e3-45e5-958b-82fe7b948561,relationship--310c8128-3ebf-48fd-b207-d81e5251a686,
DC0061,File Modification,x-mitre-data-component--84572de3-9583-4c73-aabd-06ea88123dd8,T1003.003,NTDS,attack-pattern--edf91964-b26e-4b4a-9600-ccacd7d7df24,True,DET0586,Detection of NTDS.dit Credential Dumping from Domain Controllers,x-mitre-detection-strategy--a97fe87f-e9be-4f71-8530-af5d70eaddf3,relationship--1f368a24-aeeb-4892-991b-0653a7e13586,
DC0061,File Modification,x-mitre-data-component--84572de3-9583-4c73-aabd-06ea88123dd8,T1003.004,LSA Secrets,attack-pattern--1ecfdab8-7d59-4c98-95d4-dc41970f57fc,True,DET0437,Detection of LSA Secrets Dumping via Registry and Memory Extraction,x-mitre-detection-strategy--c29886a9-676a-441a-adcd-6f239f8eb6b0,relationship--f09e71bc-e010-4567-8a0e-2c0ed24b5c94,
DC0061,File Modification,x-mitre-data-component--84572de3-9583-4c73-aabd-06ea88123dd8,T1003.007,Proc Filesystem,attack-pattern--3120b9fa-23b8-4500-ae73-09494f607b7d,True,DET0593,Detecting OS Credential Dumping via /proc Filesystem Access on Linux,x-mitre-detection-strategy--dc017318-98a3-450b-b903-fe1e7d988197,relationship--5b774635-ffa8-414a-8375-b8ef97c7d8b7,
DC0061,File Modification,x-mitre-data-component--84572de3-9583-4c73-aabd-06ea88123dd8,T1014,Rootkit,attack-pattern--0f20e3cb-245b-4a61-8a91-2d93f7cb0e9b,False,DET0377,Detection of Kernel/User-Level Rootkit Behavior Across Platforms,x-mitre-detection-strategy--00a4e92b-8164-4342-a71c-013ecc777ad0,relationship--13f0f64f-c275-48dc-8fb3-dda48df60d8c,
DC0061,File Modification,x-mitre-data-component--84572de3-9583-4c73-aabd-06ea88123dd8,T1027,Obfuscated Files or Information,attack-pattern--b3d682b6-98f2-4fb0-aa3b-b4df007ca70a,False,DET0378,Behavioral Detection of Obfuscated Files or Information,x-mitre-detection-strategy--e3758cbb-5dd9-4aad-b848-0539a8c56307,relationship--f1b0ce50-319c-455f-a8b2-a90f32310364,
DC0061,File Modification,x-mitre-data-component--84572de3-9583-4c73-aabd-06ea88123dd8,T1027.008,Stripped Payloads,attack-pattern--2f41939b-54c3-41d6-8f8b-35f1ec18ed97,True,DET0019,Detection Strategy for Stripped Payloads Across Platforms,x-mitre-detection-strategy--e4040d30-1f5a-4f80-9f06-f1c1d2a8c238,relationship--857d4009-5f94-4525-a5b9-d793821dadda,
DC0061,File Modification,x-mitre-data-component--84572de3-9583-4c73-aabd-06ea88123dd8,T1027.009,Embedded Payloads,attack-pattern--0533ab23-3f7d-463f-9bd8-634d27e4dee1,True,DET0214,Detection Strategy for Embedded Payloads,x-mitre-detection-strategy--99294309-83fd-46f3-9925-7443c03e5b79,relationship--640fef90-e384-4276-9f96-158998de65d5,
DC0061,File Modification,x-mitre-data-component--84572de3-9583-4c73-aabd-06ea88123dd8,T1027.014,Polymorphic Code,attack-pattern--b577dfc1-0177-4522-8d5a-782127c8592b,True,DET0324,Detection Strategy for Polymorphic Code Mutation and Execution,x-mitre-detection-strategy--380da3b2-d92f-4361-b187-cedc8a118e0f,relationship--471e5702-2a73-4c6d-9ed8-78b037941b6f,
DC0061,File Modification,x-mitre-data-component--84572de3-9583-4c73-aabd-06ea88123dd8,T1027.015,Compression,attack-pattern--fbd91bfc-75c2-4f0c-8116-3b4e722906b3,True,DET0281,Detection Strategy for Compressed Payload Creation and Execution,x-mitre-detection-strategy--f3d5d1d5-3d80-46b2-be05-f0c438625230,relationship--432c35d1-b40e-401c-8c75-601a5cf0f86e,
DC0061,File Modification,x-mitre-data-component--84572de3-9583-4c73-aabd-06ea88123dd8,T1027.017,SVG Smuggling,attack-pattern--78b9e70d-1605-459c-b23d-e3a25036968c,True,DET0510,Detection Strategy for SVG Smuggling with Script Execution and Delivery Behavior,x-mitre-detection-strategy--6c59d987-c339-4743-bdb0-0eb21285deb7,relationship--5dd6ba3a-9e93-4a5f-b694-a1ec7c15095b,
DC0061,File Modification,x-mitre-data-component--84572de3-9583-4c73-aabd-06ea88123dd8,T1036,Masquerading,attack-pattern--42e8de7b-37b2-4258-905a-6897815e58e0,False,DET0127,Behavioral Detection of Masquerading Across Platforms via Metadata and Execution Discrepancy,x-mitre-detection-strategy--408aedab-4a23-41ad-809d-fe9c3805b7f6,relationship--f6da021e-aaec-4010-baa9-1a02d9e40f9b,
DC0061,File Modification,x-mitre-data-component--84572de3-9583-4c73-aabd-06ea88123dd8,T1036.001,Invalid Code Signature,attack-pattern--b4b7458f-81f2-4d38-84be-1c5ba0167a52,True,DET0031,Invalid Code Signature Execution Detection via Metadata and Behavioral Context,x-mitre-detection-strategy--fbf8f0b2-3587-45c3-be8d-d495384075be,relationship--d608ed5f-89d2-4936-900f-c736b071c85d,
DC0061,File Modification,x-mitre-data-component--84572de3-9583-4c73-aabd-06ea88123dd8,T1036.003,Rename Legitimate Utilities,attack-pattern--bd5b58a4-a52d-4a29-bc0d-3f1d3968eb6b,True,DET0005,Renamed Legitimate Utility Execution with Metadata Mismatch and Suspicious Path,x-mitre-detection-strategy--c2648552-806d-40ec-8ea7-59f4e44983eb,relationship--33b231d7-a3ef-417e-8cf1-bc10986f1bd1,
DC0061,File Modification,x-mitre-data-component--84572de3-9583-4c73-aabd-06ea88123dd8,T1037,Boot or Logon Initialization Scripts,attack-pattern--03259939-0b57-482f-8eb5-87c0e0d54334,False,DET0112,Boot or Logon Initialization Scripts Detection Strategy,x-mitre-detection-strategy--6928b108-f04e-4a9b-bda5-53bb0c64ec9b,relationship--db152098-ded9-4b20-9b0a-0044921dae84,
DC0061,File Modification,x-mitre-data-component--84572de3-9583-4c73-aabd-06ea88123dd8,T1037.002,Login Hook,attack-pattern--43ba2b05-cf72-4b6c-8243-03a4aba41ee0,True,DET0244,Detection Strategy for Login Hook Persistence on macOS,x-mitre-detection-strategy--6aa65bd1-4c0c-4bf7-ba74-ba0d8edd9cb9,relationship--397f9c3a-bc7c-44b0-9931-9d2f877073c7,
DC0061,File Modification,x-mitre-data-component--84572de3-9583-4c73-aabd-06ea88123dd8,T1037.004,RC Scripts,attack-pattern--dca670cf-eeec-438f-8185-fd959d9ef211,True,DET0237,Detection Strategy for Boot or Logon Initialization Scripts: RC Scripts,x-mitre-detection-strategy--be6a466c-40c6-4611-9b68-7cfcbcb35fb0,relationship--00b2d214-7126-4b80-866c-4321d6ace9b0,
DC0061,File Modification,x-mitre-data-component--84572de3-9583-4c73-aabd-06ea88123dd8,T1048,Exfiltration Over Alternative Protocol,attack-pattern--a19e86f8-1c0a-4fea-8407-23b73d615776,False,DET0131,Behavioral Detection Strategy for Exfiltration Over Alternative Protocol,x-mitre-detection-strategy--ed9ef930-ec1f-4e57-a110-9b647e2ca195,relationship--0bd2a88c-9f76-42a8-be65-ce9706760dec,
DC0061,File Modification,x-mitre-data-component--84572de3-9583-4c73-aabd-06ea88123dd8,T1053,Scheduled Task/Job,attack-pattern--35dd844a-b219-4e2b-a6bb-efa9a75995a9,False,DET0094,Cross-Platform Behavioral Detection of Scheduled Task/Job Abuse,x-mitre-detection-strategy--df11466a-27a2-4cb1-bf73-2a3a4aaee0d9,relationship--9f9f4610-d586-4dff-bbca-282297fd5526,
DC0061,File Modification,x-mitre-data-component--84572de3-9583-4c73-aabd-06ea88123dd8,T1053.002,At,attack-pattern--f3d95a1f-bba2-44ce-9af7-37866cd63fd0,True,DET0333,Cross-Platform Detection of Scheduled Task/Job Abuse via `at` Utility,x-mitre-detection-strategy--ca20fecb-6b8e-49ae-9ecf-19f4edd812ad,relationship--4928c2f8-a102-4a33-9543-8df8ecb8e806,
DC0061,File Modification,x-mitre-data-component--84572de3-9583-4c73-aabd-06ea88123dd8,T1053.003,Cron,attack-pattern--2acf44aa-542f-4366-b4eb-55ef5747759c,True,DET0290,Cross-Platform Detection of Cron Job Abuse for Persistence and Execution,x-mitre-detection-strategy--6bab4067-9bfc-4e7f-b7fc-e578acd81e6a,relationship--633a820e-8988-410d-a7ff-40b24f381d74,
DC0061,File Modification,x-mitre-data-component--84572de3-9583-4c73-aabd-06ea88123dd8,T1055.009,Proc Memory,attack-pattern--d201d4cc-214d-4a74-a1ba-b3fa09fd4591,True,DET0541,Detection Strategy for /proc Memory Injection on Linux,x-mitre-detection-strategy--452c12a6-e74d-4244-a298-e9adaaf23794,relationship--2b5421b8-8bca-41b8-8a83-878f40e0b0c5,
DC0061,File Modification,x-mitre-data-component--84572de3-9583-4c73-aabd-06ea88123dd8,T1056,Input Capture,attack-pattern--bb5a00de-e086-4859-a231-fa793f6797e2,False,DET0102,Behavioral Detection of Input Capture Across Platforms,x-mitre-detection-strategy--c922d994-74bd-4847-a870-c0ae216318c9,relationship--66b2b5b7-2947-46b5-a4b5-b98eea8c793c,
DC0061,File Modification,x-mitre-data-component--84572de3-9583-4c73-aabd-06ea88123dd8,T1056.003,Web Portal Capture,attack-pattern--69e5226d-05dc-4f15-95d7-44f5ed78d06e,True,DET0480,Detection of Credential Harvesting via Web Portal Modification,x-mitre-detection-strategy--8b2a91cd-4a15-4b25-9b75-581298f3ef82,relationship--a7ed21d5-98f1-4851-a163-f770a64fc7aa,
DC0061,File Modification,x-mitre-data-component--84572de3-9583-4c73-aabd-06ea88123dd8,T1070,Indicator Removal,attack-pattern--799ace7f-e227-4411-baa0-8868704f2a69,False,DET0184,Behavioral Detection of Indicator Removal Across Platforms,x-mitre-detection-strategy--7225a3bd-f235-4c13-a236-3c6b9a3d445c,relationship--9b0ed970-db3e-4239-92dc-51c509d6a9c6,
DC0061,File Modification,x-mitre-data-component--84572de3-9583-4c73-aabd-06ea88123dd8,T1070.002,Clear Linux or Mac System Logs,attack-pattern--2bce5b30-7014-4a5d-ade7-12913fe6ac36,True,DET0520,Behavioral Detection of Log File Clearing on Linux and macOS,x-mitre-detection-strategy--20d79eae-0c09-410a-b99a-f8cb6ec9153c,relationship--4f531187-6cf5-4f54-86c3-9437d594ec7e,
DC0061,File Modification,x-mitre-data-component--84572de3-9583-4c73-aabd-06ea88123dd8,T1070.003,Clear Command History,attack-pattern--3aef9463-9a7a-43ba-8957-a867e07c1e6a,True,DET0165,Behavioral Detection of Command History Clearing,x-mitre-detection-strategy--dcc65927-b113-4f42-b7bd-adb6caebf24a,relationship--eddaad17-65b1-4c89-a274-1a797080933e,
DC0061,File Modification,x-mitre-data-component--84572de3-9583-4c73-aabd-06ea88123dd8,T1070.004,File Deletion,attack-pattern--d63a3fb8-9452-4e9d-a60a-54be68d5998c,True,DET0140,Behavioral Detection of Malicious File Deletion,x-mitre-detection-strategy--b96fce76-6b29-4e1c-b8b1-741f45a89fdc,relationship--835140e8-6e8f-4a51-a555-5b602d7b3390,
DC0061,File Modification,x-mitre-data-component--84572de3-9583-4c73-aabd-06ea88123dd8,T1070.006,Timestomp,attack-pattern--47f2d673-ca62-47e9-929b-1b0be9657611,True,DET0591,Cross-Platform Behavioral Detection of File Timestomping via Metadata Tampering,x-mitre-detection-strategy--f9d25557-f87b-4920-a98b-8a3c9df4bfce,relationship--b146edce-c62f-45b3-950e-cc428f8cd7ef,
DC0061,File Modification,x-mitre-data-component--84572de3-9583-4c73-aabd-06ea88123dd8,T1070.007,Clear Network Connection History and Configurations,attack-pattern--3975dbb5-0e1e-4f5b-bae1-cf2ab84b46dc,True,DET0049,Behavioral Detection of Network History and Configuration Tampering,x-mitre-detection-strategy--45ac24cf-b8f4-44d5-97e1-3efe2bf28abc,relationship--2c374f4d-e32c-4676-be99-2265d60bced7,
DC0061,File Modification,x-mitre-data-component--84572de3-9583-4c73-aabd-06ea88123dd8,T1070.008,Clear Mailbox Data,attack-pattern--438c967d-3996-4870-bfc2-3954752a1927,True,DET0266,Behavioral Detection of Mailbox Data and Log Deletion for Anti-Forensics,x-mitre-detection-strategy--08633541-0006-480a-a2d9-e1c81952cc71,relationship--36707c40-9a27-4d62-8bcb-2ad419b3fa2d,
DC0061,File Modification,x-mitre-data-component--84572de3-9583-4c73-aabd-06ea88123dd8,T1070.010,Relocate Malware,attack-pattern--cc36eeae-2209-4e63-89d3-c97e19edf280,True,DET0439,Detection of Malware Relocation via Suspicious File Movement,x-mitre-detection-strategy--3fa3299e-a8c2-4555-890b-544314ae1e44,relationship--3008ab46-7c87-49dd-9c56-aa66c54b80af,
DC0061,File Modification,x-mitre-data-component--84572de3-9583-4c73-aabd-06ea88123dd8,T1080,Taint Shared Content,attack-pattern--246fd3c7-f5e3-466d-8787-4c13d9e3b61c,False,DET0471,Detection of Tainted Content Written to Shared Storage,x-mitre-detection-strategy--cdfe6166-43e9-434a-a961-139edd58ca0c,relationship--f4069924-bd74-4ec0-a2ef-af02e966dcea,
DC0061,File Modification,x-mitre-data-component--84572de3-9583-4c73-aabd-06ea88123dd8,T1098,Account Manipulation,attack-pattern--a10641f4-87b4-45a3-a906-92a149cb2c27,False,DET0096,Account Manipulation Behavior Chain Detection,x-mitre-detection-strategy--d6c4cc3b-6875-4288-8193-bf4c864560ab,relationship--94a27c31-1cda-4987-b42b-ed1868631177,
DC0061,File Modification,x-mitre-data-component--84572de3-9583-4c73-aabd-06ea88123dd8,T1098.004,SSH Authorized Keys,attack-pattern--6b57dc31-b814-4a03-8706-28bc20d739c4,True,DET0126,Detection Strategy for SSH Key Injection in Authorized Keys,x-mitre-detection-strategy--cf33849d-67f4-418e-9a41-6a6c082e576a,relationship--ace534ca-793e-4d09-8ed1-5d941ac89285,
DC0061,File Modification,x-mitre-data-component--84572de3-9583-4c73-aabd-06ea88123dd8,T1114.003,Email Forwarding Rule,attack-pattern--7d77a07d-02fe-4e88-8bd9-e9c008c01bf0,True,DET0576,Email Forwarding Rule Abuse Detection Across Platforms,x-mitre-detection-strategy--f66a9e86-49fb-4de6-963d-0e357a77f679,relationship--097ad539-3af8-45a7-9804-7f8925c693a3,
DC0061,File Modification,x-mitre-data-component--84572de3-9583-4c73-aabd-06ea88123dd8,T1124,System Time Discovery,attack-pattern--f3c544dc-673c-4ef3-accb-53229f1ae077,False,DET0151,"Behavior-chain, platform-aware detection strategy for T1124 System Time Discovery",x-mitre-detection-strategy--98ae5e06-7ea5-49b9-b793-7f97b1d306b2,relationship--a471c195-dbf1-4c84-a314-393189769d31,
DC0061,File Modification,x-mitre-data-component--84572de3-9583-4c73-aabd-06ea88123dd8,T1136,Create Account,attack-pattern--e01be9c5-e763-4caf-aeb7-000b416aef67,False,DET0583,Detection Strategy for T1136 - Create Account across platforms,x-mitre-detection-strategy--552bacaa-9df5-4c95-83de-a7d1948003b5,relationship--bd9b60eb-dc7a-4806-b882-040b17e4f5b4,
DC0061,File Modification,x-mitre-data-component--84572de3-9583-4c73-aabd-06ea88123dd8,T1136.001,Local Account,attack-pattern--635cbe30-392d-4e27-978e-66774357c762,True,DET0447,T1136.001 Detection Strategy - Local Account Creation Across Platforms,x-mitre-detection-strategy--2250ba04-1b95-4c72-9373-d87e8c1d7869,relationship--5e84ad25-7f2e-406e-943e-06ff9b53d3a6,
DC0061,File Modification,x-mitre-data-component--84572de3-9583-4c73-aabd-06ea88123dd8,T1137.006,Add-ins,attack-pattern--34f1d81d-fe88-4f97-bd3b-a3164536255d,True,DET0050,Detect Persistence via Malicious Office Add-ins,x-mitre-detection-strategy--53144b02-d6b1-42de-b5cf-e785a59c43bd,relationship--ce52ceb4-fced-4ec9-8e0a-8c1a1f871a64,
DC0061,File Modification,x-mitre-data-component--84572de3-9583-4c73-aabd-06ea88123dd8,T1187,Forced Authentication,attack-pattern--b77cf5f3-6060-475d-bd60-40ccbf28fdc2,False,DET0022,Detect Forced SMB/WebDAV Authentication via lure files and outbound NTLM,x-mitre-detection-strategy--b45310bb-d520-43b3-8758-e9d5a9738429,relationship--9ed19842-ee7d-4215-ae78-6a9382b3f9a1,
DC0061,File Modification,x-mitre-data-component--84572de3-9583-4c73-aabd-06ea88123dd8,T1195,Supply Chain Compromise,attack-pattern--3f18edba-28f4-4bb9-82c3-8aa60dcac5f7,False,DET0537,Behavioral detection for Supply Chain Compromise (package/update tamper → install → first-run),x-mitre-detection-strategy--18c9199f-d6b6-4efe-ac90-9a1b7b8c6f36,relationship--5f50e76f-fc9b-4f3f-948f-408f58ab2894,
DC0061,File Modification,x-mitre-data-component--84572de3-9583-4c73-aabd-06ea88123dd8,T1203,Exploitation for Client Execution,attack-pattern--be2dcee9-a7a7-4e38-afd6-21b31ecc3d63,False,DET0287,Exploitation for Client Execution – cross-platform behavior chain (browser/Office/3rd-party apps),x-mitre-detection-strategy--1894c2d7-ce4f-4cfd-8644-decb1e14f0c5,relationship--f094c21c-9872-4e82-88c1-c759979c4f10,
DC0061,File Modification,x-mitre-data-component--84572de3-9583-4c73-aabd-06ea88123dd8,T1204,User Execution,attack-pattern--8c32eb4d-805f-4fc5-bf60-c4d476c131b5,False,DET0478,User Execution – multi-surface behavior chain (documents/links → helper/unpacker → LOLBIN/child → egress),x-mitre-detection-strategy--70c9f174-2e96-4086-b59c-d2358e434f8e,relationship--7a3c280c-1116-4197-812a-e233eb1d5a17,
DC0061,File Modification,x-mitre-data-component--84572de3-9583-4c73-aabd-06ea88123dd8,T1222.002,Linux and Mac File and Directory Permissions Modification,attack-pattern--09b130a2-a77e-4af0-a361-f46f9aad1345,True,DET0351,Unix-like File Permission Manipulation Behavioral Chain Detection Strategy,x-mitre-detection-strategy--3243e976-0cf8-4f18-8b50-38b9ee5bfc4c,relationship--5189c69d-5296-4ed3-8d69-f5a7c732070c,
DC0061,File Modification,x-mitre-data-component--84572de3-9583-4c73-aabd-06ea88123dd8,T1484,Domain or Tenant Policy Modification,attack-pattern--ebb42bbe-62d7-47d7-a55f-3b08b61d792d,False,DET0270,Detection of Domain or Tenant Policy Modifications via AD and Identity Provider,x-mitre-detection-strategy--3eb428c7-5192-4ae2-a5a3-022ca9695ec8,relationship--e92bcd91-5617-4283-ba1e-bc100d897064,
DC0061,File Modification,x-mitre-data-component--84572de3-9583-4c73-aabd-06ea88123dd8,T1484.001,Group Policy Modification,attack-pattern--5d2be8b9-d24c-4e98-83bf-2f5f79477163,True,DET0305,Detection of Group Policy Modifications via AD Object Changes and File Activity,x-mitre-detection-strategy--7aa7d45f-64da-4f16-a905-b4881da82c62,relationship--a2e44357-a86a-4fe6-8f7f-d06558c6930e,
DC0061,File Modification,x-mitre-data-component--84572de3-9583-4c73-aabd-06ea88123dd8,T1486,Data Encrypted for Impact,attack-pattern--b80d107d-fa0d-4b60-9684-b0433e8bdba0,False,DET0215,Detection of Multi-Platform File Encryption for Impact,x-mitre-detection-strategy--d080a1b1-5ad1-45a1-8f7b-b736986c20d9,relationship--245046a7-adc8-4a5a-84b4-e0af6c3b8dc7,
DC0061,File Modification,x-mitre-data-component--84572de3-9583-4c73-aabd-06ea88123dd8,T1491,Defacement,attack-pattern--5909f20f-3c39-4795-be06-ef1ea40d350b,False,DET0238,Defacement via File and Web Content Modification Across Platforms,x-mitre-detection-strategy--2d5f2445-a395-4012-b378-c953f2df7353,relationship--84ae8dca-13f2-420f-b473-0d28480e2002,
DC0061,File Modification,x-mitre-data-component--84572de3-9583-4c73-aabd-06ea88123dd8,T1491.001,Internal Defacement,attack-pattern--8c41090b-aa47-4331-986b-8c9a51a91103,True,DET0082,Internal Website and System Content Defacement via UI or Messaging Modifications,x-mitre-detection-strategy--c8b4a2e4-386f-45b3-b32a-8ca4113e5592,relationship--0222a8bd-9f8c-45f0-9d1b-cb0a2bd3c408,
DC0061,File Modification,x-mitre-data-component--84572de3-9583-4c73-aabd-06ea88123dd8,T1491.002,External Defacement,attack-pattern--0cfe31a7-81fc-472c-bc45-e2808d1066a3,True,DET0590,Behavioral Detection of External Website Defacement across Platforms,x-mitre-detection-strategy--33bbfada-99c8-4cac-8b21-fa013959001d,relationship--d52b008d-870a-488e-b872-3485409845f3,
DC0061,File Modification,x-mitre-data-component--84572de3-9583-4c73-aabd-06ea88123dd8,T1505.002,Transport Agent,attack-pattern--35187df2-31ed-43b6-a1f5-2f1d3d58d3f1,True,DET0166,Detection Strategy for T1505.002 - Transport Agent Abuse (Windows/Linux),x-mitre-detection-strategy--90ee8005-5476-422f-abe0-6c231f004cd6,relationship--91401670-9f34-4ba3-8e54-690c2d700021,
DC0061,File Modification,x-mitre-data-component--84572de3-9583-4c73-aabd-06ea88123dd8,T1505.003,Web Shell,attack-pattern--5d0d3609-d06d-49e1-b9c9-b544e0c618cb,True,DET0394,Web Shell Detection via Server Behavior and File Execution Chains,x-mitre-detection-strategy--abb052c6-4edd-4592-9b9b-e53a55ac53b8,relationship--6b31d2da-bc19-4d4e-9da4-b61688d0bd39,
DC0061,File Modification,x-mitre-data-component--84572de3-9583-4c73-aabd-06ea88123dd8,T1505.004,IIS Components,attack-pattern--b46a801b-fd98-491c-a25a-bca25d6e3001,True,DET0068,Detection Strategy for T1505.004 - Malicious IIS Components,x-mitre-detection-strategy--32af4177-8c33-43d8-8e2c-9e11ac6dd451,relationship--53537327-ef81-4b1d-ae90-710954832d4b,
DC0061,File Modification,x-mitre-data-component--84572de3-9583-4c73-aabd-06ea88123dd8,T1505.006,vSphere Installation Bundles,attack-pattern--f8ba7d61-11c5-4130-bafd-7c3ff5fbf4b5,True,DET0535,Detect Abuse of vSphere Installation Bundles (VIBs) for Persistent Access,x-mitre-detection-strategy--000d7b6f-0bb5-4144-a3eb-1aa822433da1,relationship--01afe57f-87a3-4745-886d-58c3c347a1db,
DC0061,File Modification,x-mitre-data-component--84572de3-9583-4c73-aabd-06ea88123dd8,T1539,Steal Web Session Cookie,attack-pattern--10ffac09-e42d-4f56-ab20-db94c67d76ff,False,DET0509,"Detection of Web Session Cookie Theft via File, Memory, and Network Artifacts",x-mitre-detection-strategy--26fdbcb2-abc1-4844-8e5d-2c6039336cb7,relationship--e664a59e-9529-43cd-bac0-0ff1ced6a41f,
DC0061,File Modification,x-mitre-data-component--84572de3-9583-4c73-aabd-06ea88123dd8,T1542,Pre-OS Boot,attack-pattern--7f0ca133-88c4-40c6-a62f-b3083a7fbc2e,False,DET0278,Detection Strategy for T1542 Pre-OS Boot,x-mitre-detection-strategy--abf6c96c-09f3-4bea-a5b7-1177f99881bc,relationship--31295488-09cd-4a34-a7e1-88f47fdef79e,
DC0061,File Modification,x-mitre-data-component--84572de3-9583-4c73-aabd-06ea88123dd8,T1542.003,Bootkit,attack-pattern--1b7b1806-7746-41a1-a35d-e48dae25ddba,True,DET0150,Detection Strategy for File Creation or Modification of Boot Files,x-mitre-detection-strategy--74252ca3-585e-466f-8020-ed77ebda3369,relationship--13bb7165-bf8b-4c39-a356-9a5c765956ea,
DC0061,File Modification,x-mitre-data-component--84572de3-9583-4c73-aabd-06ea88123dd8,T1543,Create or Modify System Process,attack-pattern--106c0cf6-bf73-4601-9aa8-0945c2715ec5,False,DET0571,Detection of System Process Creation or Modification Across Platforms,x-mitre-detection-strategy--dab6c58b-2f44-4539-93e1-b03990fc1649,relationship--f2f4bc4a-1f7a-4cb8-8635-d8461de4480c,
DC0061,File Modification,x-mitre-data-component--84572de3-9583-4c73-aabd-06ea88123dd8,T1543.001,Launch Agent,attack-pattern--d10cbd34-42e3-45c0-84d2-535a09849584,True,DET0434,Detection of Launch Agent Creation or Modification on macOS,x-mitre-detection-strategy--4dbd7441-627f-4d5a-a060-28fe6a8cbb9e,relationship--0f6c39d6-ff29-4c5d-8427-53eaa02617f0,
DC0061,File Modification,x-mitre-data-component--84572de3-9583-4c73-aabd-06ea88123dd8,T1543.002,Systemd Service,attack-pattern--dfefe2ed-4389-4318-8762-f0272b350a1b,True,DET0253,Detection of Systemd Service Creation or Modification on Linux,x-mitre-detection-strategy--3c335443-c161-4149-9c85-d7a014550099,relationship--03591820-bd88-4ad5-8d1b-11e8f28d495e,
DC0061,File Modification,x-mitre-data-component--84572de3-9583-4c73-aabd-06ea88123dd8,T1543.004,Launch Daemon,attack-pattern--573ad264-1371-4ae0-8482-d2673b719dba,True,DET0401,Detection Strategy for Launch Daemon Creation or Modification (macOS),x-mitre-detection-strategy--dcbcea6d-e822-4fe3-b9df-86d4d9cd5667,relationship--d4902b04-2ad3-4c4e-9c05-8c2cf45fe38d,
DC0061,File Modification,x-mitre-data-component--84572de3-9583-4c73-aabd-06ea88123dd8,T1546,Event Triggered Execution,attack-pattern--b6301b64-ef57-4cce-bb0b-77026f14a8db,False,DET0010,Behavioral Detection of Event Triggered Execution Across Platforms,x-mitre-detection-strategy--c5e3823f-5ee0-43db-b6fa-b63d6587b24c,relationship--e6a8c456-3c2e-44a6-8614-b5c3e7cb4d98,
DC0061,File Modification,x-mitre-data-component--84572de3-9583-4c73-aabd-06ea88123dd8,T1546.004,Unix Shell Configuration Modification,attack-pattern--b63a34e8-0a61-4c97-a23b-bf8a2ed812e2,True,DET0020,Detect Shell Configuration Modification for Persistence via Event-Triggered Execution,x-mitre-detection-strategy--f09870f8-77d4-4b58-8bda-2b3f2e29c897,relationship--666b59c9-ba59-4f22-b4d3-5186a624bae7,
DC0061,File Modification,x-mitre-data-component--84572de3-9583-4c73-aabd-06ea88123dd8,T1546.005,Trap,attack-pattern--63220765-d418-44de-8fae-694b3912317d,True,DET0369,Detection Strategy for Event Triggered Execution via Trap (T1546.005),x-mitre-detection-strategy--07fb6847-efcb-426e-9344-bfc9dfcdebd4,relationship--2bc6f48f-6580-46d3-aefc-666ef4029233,
DC0061,File Modification,x-mitre-data-component--84572de3-9583-4c73-aabd-06ea88123dd8,T1546.006,LC_LOAD_DYLIB Addition,attack-pattern--10ff21b9-5a01-4268-a1b5-3b55015f1847,True,DET0216,Detection Strategy for LC_LOAD_DYLIB Modification in Mach-O Binaries on macOS,x-mitre-detection-strategy--4f95fef5-3b5e-435a-ad00-33d2d9765640,relationship--23a1591e-f62f-4138-939b-f68b16dcc2e0,
DC0061,File Modification,x-mitre-data-component--84572de3-9583-4c73-aabd-06ea88123dd8,T1546.013,PowerShell Profile,attack-pattern--0f2c410d-d740-4ed9-abb1-b8f4a7faf6c3,True,DET0451,Detection Strategy for PowerShell Profile Persistence via profile.ps1 Modification,x-mitre-detection-strategy--f31ad178-1f54-41a6-b286-8040e7eb7158,relationship--bfe24cb5-f0d2-44e8-b576-b0550df5e75f,
DC0061,File Modification,x-mitre-data-component--84572de3-9583-4c73-aabd-06ea88123dd8,T1546.014,Emond,attack-pattern--9c45eaa3-8604-4780-8988-b5074dbb9ecd,True,DET0555,Detection Strategy for Event Triggered Execution via emond on macOS,x-mitre-detection-strategy--f0ef3932-5f60-4dfc-9725-8639d67349cc,relationship--a8e4b20c-1909-4e84-ac37-1132d6ddc178,
DC0061,File Modification,x-mitre-data-component--84572de3-9583-4c73-aabd-06ea88123dd8,T1546.017,Udev Rules,attack-pattern--f4c3f644-ab33-433d-8648-75cc03a95792,True,DET0375,Detection Strategy for T1546.017 - Udev Rules (Linux),x-mitre-detection-strategy--408fb023-a9d7-473c-8db8-a7d3c66eded7,relationship--ead170a2-4988-4931-a899-0ff26cd815a0,
DC0061,File Modification,x-mitre-data-component--84572de3-9583-4c73-aabd-06ea88123dd8,T1546.018,Python Startup Hooks,attack-pattern--c5087385-9b7c-4488-9923-d9e370bf08df,True,DET0258,Linux Python Startup Hook Persistence via .pth and Customize Files (T1546.018),x-mitre-detection-strategy--6034b1c9-84df-4349-b34f-957ad8ec34d3,relationship--59dfed9e-1e28-4f56-80e2-b56931e84ac7,
DC0061,File Modification,x-mitre-data-component--84572de3-9583-4c73-aabd-06ea88123dd8,T1547,Boot or Logon Autostart Execution,attack-pattern--1ecb2399-e8ba-4f6b-8ba7-5c27d49405cf,False,DET0274,Boot or Logon Autostart Execution Detection Strategy,x-mitre-detection-strategy--a9796458-df5d-467f-b037-acad6c261f25,relationship--5a1625a0-a01c-41ca-8601-89faa103e31d,
DC0061,File Modification,x-mitre-data-component--84572de3-9583-4c73-aabd-06ea88123dd8,T1547.006,Kernel Modules and Extensions,attack-pattern--a1b52199-c8c5-438a-9ded-656f1d0888c6,True,DET0450,Detection Strategy for Kernel Modules and Extensions Autostart Execution,x-mitre-detection-strategy--df1da8e4-cabf-42f0-8f5f-2fa8086b1423,relationship--0fd967ee-9c2d-45ef-acfb-61ac5a909eaa,
DC0061,File Modification,x-mitre-data-component--84572de3-9583-4c73-aabd-06ea88123dd8,T1547.007,Re-opened Applications,attack-pattern--e5cc9e7a-e61a-46a1-b869-55fb6eab058e,True,DET0125,Detect persistence via reopened application plist modification (macOS),x-mitre-detection-strategy--5ac0e527-2ebd-44a1-8d87-4de8463b761c,relationship--8ec064e5-c9d4-49ec-a87e-ab164a6281db,
DC0061,File Modification,x-mitre-data-component--84572de3-9583-4c73-aabd-06ea88123dd8,T1547.008,LSASS Driver,attack-pattern--f0589bc3-a6ae-425a-a3d5-5659bfee07f4,True,DET0225,Detect unauthorized LSASS driver persistence via LSA plugin abuse (Windows),x-mitre-detection-strategy--fbac07bf-65d5-4222-88bb-0ef798417ebb,relationship--3c2ece76-c163-48ab-8c7e-8780ffd72461,
DC0061,File Modification,x-mitre-data-component--84572de3-9583-4c73-aabd-06ea88123dd8,T1547.009,Shortcut Modification,attack-pattern--4ab929c6-ee2d-4fb5-aab4-b14be2ed7179,True,DET0180,Detection Strategy for T1547.009 – Shortcut Modification (Windows),x-mitre-detection-strategy--300931b1-bd28-4e91-ba6e-585f3563e8e4,relationship--29c78663-6f07-4ef3-a2be-8d43813d8880,
DC0061,File Modification,x-mitre-data-component--84572de3-9583-4c73-aabd-06ea88123dd8,T1547.015,Login Items,attack-pattern--84601337-6a55-4ad7-9c35-79e0d1ea2ab3,True,DET0121,Detection Strategy for T1547.015 – Login Items on macOS,x-mitre-detection-strategy--f3cd8bda-d509-4452-a119-3feebb8f05b6,relationship--9dcb8e93-1c4b-41c0-ae2d-6466f46a4d90,
DC0061,File Modification,x-mitre-data-component--84572de3-9583-4c73-aabd-06ea88123dd8,T1548.003,Sudo and Sudo Caching,attack-pattern--1365fe3b-0f50-455d-b4da-266ce31c23b0,True,DET0052,Behavioral Detection Strategy for Abuse of Sudo and Sudo Caching,x-mitre-detection-strategy--31f41970-898c-4c64-b018-e03eabb81916,relationship--03a824e7-d39f-4286-9833-525b81bc63d4,
DC0061,File Modification,x-mitre-data-component--84572de3-9583-4c73-aabd-06ea88123dd8,T1548.006,TCC Manipulation,attack-pattern--e8a0a025-3601-4755-abfb-8d08283329fb,True,DET0534,TCC Database Manipulation via Launchctl and Unprotected SIP,x-mitre-detection-strategy--f1fdcaa2-7040-4cea-a934-7397566a312b,relationship--114f8e08-4e45-4e20-aad7-d7b265a9f5f2,
DC0061,File Modification,x-mitre-data-component--84572de3-9583-4c73-aabd-06ea88123dd8,T1553.001,Gatekeeper Bypass,attack-pattern--31a0a2ac-c67c-4a7e-b9ed-6a96477d4e8e,True,DET0288,Detect Gatekeeper Bypass via Quarantine Flag and Trust Control Manipulation,x-mitre-detection-strategy--62d7a748-dee5-46c7-b61c-77f57f371b4f,relationship--28c76ea2-9274-4291-b452-6c25bedbb4e4,
DC0061,File Modification,x-mitre-data-component--84572de3-9583-4c73-aabd-06ea88123dd8,T1553.003,SIP and Trust Provider Hijacking,attack-pattern--543fceb5-cb92-40cb-aacf-6913d4db58bc,True,DET0442,Detection Strategy for Subvert Trust Controls using SIP and Trust Provider Hijacking.,x-mitre-detection-strategy--541f2335-1046-4621-9829-1a4a305069c5,relationship--1473a2c5-641b-42cb-93ee-9ff61b542453,
DC0061,File Modification,x-mitre-data-component--84572de3-9583-4c73-aabd-06ea88123dd8,T1553.004,Install Root Certificate,attack-pattern--c615231b-f253-4f58-9d47-d5b4cbdb6839,True,DET0056,Detection Strategy for Subvert Trust Controls via Install Root Certificate.,x-mitre-detection-strategy--d9e95391-5ea4-49af-a525-31655a72e470,relationship--ac19130e-d247-49e4-8aca-2837984906dc,
DC0061,File Modification,x-mitre-data-component--84572de3-9583-4c73-aabd-06ea88123dd8,T1554,Compromise Host Software Binary,attack-pattern--960c3c86-1480-4d72-b4e0-8c242e84a5c5,False,DET0336,Detect Compromise of Host Software Binaries,x-mitre-detection-strategy--110a934e-881a-4e42-9619-b6de30f4a39e,relationship--3e8f14c9-f336-4f2a-ad91-5d82669d1d90,
DC0061,File Modification,x-mitre-data-component--84572de3-9583-4c73-aabd-06ea88123dd8,T1556,Modify Authentication Process,attack-pattern--f4c1826f-a322-41cd-9557-562100848c84,False,DET0104,Detect Modification of Authentication Processes Across Platforms,x-mitre-detection-strategy--d51dd574-9171-4c46-89bc-0e3bb1178dfe,relationship--d071af46-206b-4ad4-994a-a4ffb350676e,
DC0061,File Modification,x-mitre-data-component--84572de3-9583-4c73-aabd-06ea88123dd8,T1556.001,Domain Controller Authentication,attack-pattern--d4b96d2c-1032-4b22-9235-2b5b649d0605,True,DET0271,Detect Domain Controller Authentication Process Modification (Skeleton Key),x-mitre-detection-strategy--3ac249d7-5e15-47b4-a507-18d94b11de4d,relationship--8dd635ff-46d9-4c4c-96f3-d1f94643ae30,
DC0061,File Modification,x-mitre-data-component--84572de3-9583-4c73-aabd-06ea88123dd8,T1556.003,Pluggable Authentication Modules,attack-pattern--06c00069-771a-4d57-8ef5-d3718c1a8771,True,DET0454,Detect Malicious Modification of Pluggable Authentication Modules (PAM),x-mitre-detection-strategy--9af47d08-fbb3-4122-8af4-74105cc23b62,relationship--78b03594-f1a5-43d7-bba0-dc55d074956b,
DC0061,File Modification,x-mitre-data-component--84572de3-9583-4c73-aabd-06ea88123dd8,T1556.004,Network Device Authentication,attack-pattern--fa44a152-ac48-441e-a524-dd7b04b8adcd,True,DET0272,Detect Modification of Network Device Authentication via Patched System Images,x-mitre-detection-strategy--8a9ce0df-e256-4739-8db5-3e850e102e48,relationship--21d51911-648d-4d48-b0e4-52dcbb639c8c,
DC0061,File Modification,x-mitre-data-component--84572de3-9583-4c73-aabd-06ea88123dd8,T1556.006,Multi-Factor Authentication,attack-pattern--b4409cd8-0da9-46e1-a401-a241afd4d1cc,True,DET0190,Detect MFA Modification or Disabling Across Platforms,x-mitre-detection-strategy--eccad822-4f5b-4337-8c8b-825cf617f853,relationship--0cf350af-0fc3-4584-9e84-0af50eb17eca,
DC0061,File Modification,x-mitre-data-component--84572de3-9583-4c73-aabd-06ea88123dd8,T1557,Adversary-in-the-Middle,attack-pattern--035bb001-ab69-4a0b-9f6c-2de8b09e1b9d,False,DET0296,Detect Adversary-in-the-Middle via Network and Configuration Anomalies,x-mitre-detection-strategy--0eb48c77-9056-4178-900b-7ac23fd1c7cd,relationship--58bbe5a4-6de5-48e3-a003-028348c408ce,
DC0061,File Modification,x-mitre-data-component--84572de3-9583-4c73-aabd-06ea88123dd8,T1562.012,Disable or Modify Linux Audit System,attack-pattern--562e9b64-7239-493d-80f4-2bff900d9054,True,DET0062,Detection Strategy for Disable or Modify Linux Audit System,x-mitre-detection-strategy--1d769567-7e82-47f4-8dc8-5a503f524134,relationship--2c4b8cd4-3eb9-40c0-87ef-05fb39bc5f48,
DC0061,File Modification,x-mitre-data-component--84572de3-9583-4c73-aabd-06ea88123dd8,T1564.002,Hidden Users,attack-pattern--8c4aef43-48d5-49aa-b2af-c0cd58d30c3d,True,DET0353,Detection Strategy for Hidden User Accounts,x-mitre-detection-strategy--c48fd7e3-fbfb-4ab5-b577-12cc0be21f2c,relationship--153e979f-a34d-4baf-99d5-c2ba0196d558,
DC0061,File Modification,x-mitre-data-component--84572de3-9583-4c73-aabd-06ea88123dd8,T1564.003,Hidden Window,attack-pattern--cbb66055-0325-4111-aca0-40547b6ad5b0,True,DET0128,Detection Strategy for Hidden Windows,x-mitre-detection-strategy--1167a6c8-d735-4d5d-81f5-d81c6eafe239,relationship--d08a8b58-a5eb-4e4d-b6e7-017015a498dc,
DC0061,File Modification,x-mitre-data-component--84572de3-9583-4c73-aabd-06ea88123dd8,T1564.005,Hidden File System,attack-pattern--dfebc3b7-d19d-450b-81c7-6dafe4184c04,True,DET0461,Detection Strategy for Hidden File System Abuse,x-mitre-detection-strategy--82c31276-f916-4d67-be83-f09534c0c77e,relationship--d311635f-0633-404f-9535-51ee87662507,
DC0061,File Modification,x-mitre-data-component--84572de3-9583-4c73-aabd-06ea88123dd8,T1564.006,Run Virtual Instance,attack-pattern--b5327dd1-6bf9-4785-a199-25bcbd1f4a9d,True,DET0321,Detection Strategy for Hidden Virtual Instance Execution,x-mitre-detection-strategy--55321f9d-1646-45b9-b23e-e3c0fe105400,relationship--3ef5c5df-8e91-49c0-bdf8-e2d826c5e7b3,
DC0061,File Modification,x-mitre-data-component--84572de3-9583-4c73-aabd-06ea88123dd8,T1564.008,Email Hiding Rules,attack-pattern--0cf55441-b176-4332-89e7-2c4c7799d0ff,True,DET0192,Detection Strategy for Email Hiding Rules,x-mitre-detection-strategy--54aaab69-62fb-4d40-b2e0-0d07594353ed,relationship--2f7af5f4-4ab7-48df-b228-5169033ae194,
DC0061,File Modification,x-mitre-data-component--84572de3-9583-4c73-aabd-06ea88123dd8,T1565,Data Manipulation,attack-pattern--ac9e6b22-11bf-45d7-9181-c1cb08360931,False,DET0059,Detection Strategy for Data Manipulation,x-mitre-detection-strategy--cce3ccaf-87ac-47ae-b9e2-6507b91cb63d,relationship--c05c1979-c5f3-4c01-81dd-45db2055a28c,
DC0061,File Modification,x-mitre-data-component--84572de3-9583-4c73-aabd-06ea88123dd8,T1565.001,Stored Data Manipulation,attack-pattern--1cfcb312-b8d7-47a4-b560-4b16cc677292,True,DET0193,Detection Strategy for Stored Data Manipulation across OS Platforms.,x-mitre-detection-strategy--e3776b4e-00b0-44cd-9e77-5df960a979d7,relationship--dd944718-7cca-4d53-9b2b-75ee9c253fc9,
DC0061,File Modification,x-mitre-data-component--84572de3-9583-4c73-aabd-06ea88123dd8,T1565.003,Runtime Data Manipulation,attack-pattern--32ad5c86-2bcf-47d8-8fdc-d7f3d79a7490,True,DET0391,Detection Strategy for Runtime Data Manipulation.,x-mitre-detection-strategy--41107d12-dd2e-439f-af29-1a10dcfcb6ce,relationship--c3e03eff-201b-4857-ba09-4999335de433,
DC0061,File Modification,x-mitre-data-component--84572de3-9583-4c73-aabd-06ea88123dd8,T1569,System Services,attack-pattern--d157f9d2-d09a-4efa-bb2a-64963f94e253,False,DET0279,Detection Strategy for System Services across OS platforms.,x-mitre-detection-strategy--38364d2d-7b25-4f75-9679-eca4dd18b213,relationship--20cd9b34-087b-42ab-9819-fe330c06c89d,
DC0061,File Modification,x-mitre-data-component--84572de3-9583-4c73-aabd-06ea88123dd8,T1569.001,Launchctl,attack-pattern--810aa4ad-61c9-49cb-993f-daa06199421d,True,DET0265,Detection Strategy for System Services: Launchctl,x-mitre-detection-strategy--77078baf-96f1-413a-bf5b-96b42486e26c,relationship--b7172625-94ca-4f14-8bde-7e195b8b7aae,
DC0061,File Modification,x-mitre-data-component--84572de3-9583-4c73-aabd-06ea88123dd8,T1569.003,Systemctl,attack-pattern--4b46767d-4a61-4f30-995e-c19a75c2e536,True,DET0073,Detection Strategy for System Services: Systemctl,x-mitre-detection-strategy--8a9b730a-b290-40ce-b182-dbcb06fbad3d,relationship--27de0912-04bc-456c-b0bb-33d102067007,
DC0061,File Modification,x-mitre-data-component--84572de3-9583-4c73-aabd-06ea88123dd8,T1574,Hijack Execution Flow,attack-pattern--aedfca76-3b30-4866-b2aa-0f1d7fd1e4b6,False,DET0218,Detection Strategy for Hijack Execution Flow across OS platforms.,x-mitre-detection-strategy--07669925-383b-455b-a3e2-3a79e18eed27,relationship--978cce2b-4185-4d79-87c9-4754712b5623,
DC0061,File Modification,x-mitre-data-component--84572de3-9583-4c73-aabd-06ea88123dd8,T1574.004,Dylib Hijacking,attack-pattern--fc742192-19e3-466c-9eb5-964a97b29490,True,DET0152,Detection Strategy for Hijack Execution Flow: Dylib Hijacking,x-mitre-detection-strategy--eca47fcc-6bee-43b1-9569-631a22be5fe0,relationship--89ecadf2-0a07-44d5-9209-6215eb4fab32,
DC0061,File Modification,x-mitre-data-component--84572de3-9583-4c73-aabd-06ea88123dd8,T1574.006,Dynamic Linker Hijacking,attack-pattern--633a100c-b2c9-41bf-9be5-905c1b16c825,True,DET0435,Detection Strategy for Hijack Execution Flow: Dynamic Linker Hijacking,x-mitre-detection-strategy--da2107bd-4733-4d0b-a35c-33f7883e9ae9,relationship--7cc0a19d-6627-483b-9de1-a723124fa736,
DC0061,File Modification,x-mitre-data-component--84572de3-9583-4c73-aabd-06ea88123dd8,T1574.007,Path Interception by PATH Environment Variable,attack-pattern--0c2d00da-7742-49e7-9928-4514e5075d32,True,DET0004,Detection Strategy for Hijack Execution Flow using Path Interception by PATH Environment Variable.,x-mitre-detection-strategy--4b2bc278-fc80-4ff8-87a3-a6843a9e683a,relationship--275bda52-48a5-48ee-b578-2298cd7a32d7,
DC0061,File Modification,x-mitre-data-component--84572de3-9583-4c73-aabd-06ea88123dd8,T1600,Weaken Encryption,attack-pattern--1f9012ef-1e10-4e48-915e-e03563435fe8,False,DET0339,Detection Strategy for Weaken Encryption on Network Devices,x-mitre-detection-strategy--de98fda3-10f9-4013-a163-fb9b6c117a9b,relationship--ad530072-41ad-41aa-aaac-0030320feca8,
DC0061,File Modification,x-mitre-data-component--84572de3-9583-4c73-aabd-06ea88123dd8,T1600.001,Reduce Key Space,attack-pattern--3a40f208-a9c1-4efa-a598-4003c3681fb8,True,DET0243,Detection Strategy for Weaken Encryption: Reduce Key Space on Network Devices,x-mitre-detection-strategy--bcddd949-40be-40dd-949e-8f69f893360b,relationship--04a5acf8-e348-427d-868b-e5a35a1e9880,
DC0061,File Modification,x-mitre-data-component--84572de3-9583-4c73-aabd-06ea88123dd8,T1600.002,Disable Crypto Hardware,attack-pattern--7efba77e-3bc4-4ca5-8292-d8201dcd64b5,True,DET0494,Detection Strategy for Weaken Encryption: Disable Crypto Hardware on Network Devices,x-mitre-detection-strategy--2fed2eb7-2b3e-494f-9154-b996090b5a1e,relationship--82c53252-e692-40eb-a345-f91ee83fb49a,
DC0061,File Modification,x-mitre-data-component--84572de3-9583-4c73-aabd-06ea88123dd8,T1601,Modify System Image,attack-pattern--ae7f3575-0a5e-427e-991b-fe03ad44c754,False,DET0170,Detection Strategy for Modify System Image on Network Devices,x-mitre-detection-strategy--536eed5d-a4b6-4377-a936-90283bb1b25c,relationship--01ffdd1a-27e9-4a1c-8f6c-06c2b54adc4a,
DC0061,File Modification,x-mitre-data-component--84572de3-9583-4c73-aabd-06ea88123dd8,T1601.001,Patch System Image,attack-pattern--d245808a-7086-4310-984a-a84aaaa43f8f,True,DET0469,Detection Strategy for Patch System Image on Network Devices,x-mitre-detection-strategy--ca16d7e8-77f3-4d0c-88a3-31696224ed67,relationship--ce9ce398-22ae-42da-93c4-591f51cd8d62,
DC0061,File Modification,x-mitre-data-component--84572de3-9583-4c73-aabd-06ea88123dd8,T1601.002,Downgrade System Image,attack-pattern--fc74ba38-dc98-461f-8611-b3dbf9978e3d,True,DET0569,Detection Strategy for Downgrade System Image on Network Devices,x-mitre-detection-strategy--524a2282-e312-4707-82d1-2c34f015c85c,relationship--59bd78e7-9975-4340-be27-e1035d5529d8,
DC0061,File Modification,x-mitre-data-component--84572de3-9583-4c73-aabd-06ea88123dd8,T1602.001,SNMP (MIB Dump),attack-pattern--ee7ff928-801c-4f34-8a99-3df965e581a5,True,DET0453,Detection Strategy for SNMP (MIB Dump) on Network Devices,x-mitre-detection-strategy--2dc6a789-2dd7-4d64-be82-73db6fc3fb70,relationship--8b80bbc6-57c9-41b1-93cd-2bd2ae433f4f,
DC0061,File Modification,x-mitre-data-component--84572de3-9583-4c73-aabd-06ea88123dd8,T1647,Plist File Modification,attack-pattern--7d20fff9-8751-404e-badd-ccd71bda0236,False,DET0109,Detection Strategy for Plist File Modification (T1647),x-mitre-detection-strategy--0548423e-c893-4474-9e5d-7fdd7c2a0a71,relationship--6a3d5c63-dcba-4382-8bf3-dca205b80eb2,
DC0061,File Modification,x-mitre-data-component--84572de3-9583-4c73-aabd-06ea88123dd8,T1653,Power Settings,attack-pattern--ea071aa0-8f17-416f-ab0d-2bab7e79003d,False,DET0417,Detection Strategy for Power Settings Abuse,x-mitre-detection-strategy--40701244-5af5-477f-a9a7-ba661907f318,relationship--1f2b3674-7dfb-4c2f-a314-8202521116fe,
DC0061,File Modification,x-mitre-data-component--84572de3-9583-4c73-aabd-06ea88123dd8,T1657,Financial Theft,attack-pattern--851e071f-208d-4c79-adc6-5974c85c78f3,False,DET0495,Detection Strategy for Financial Theft,x-mitre-detection-strategy--e767f434-dda3-41fe-a9ea-e7aaae251e61,relationship--9ae66715-6d4e-4fb5-b359-1658c57052b1,
DC0061,File Modification,x-mitre-data-component--84572de3-9583-4c73-aabd-06ea88123dd8,T1679,Selective Exclusion,attack-pattern--9b00925a-7c4b-4e53-bfc8-9a6a806fde03,False,DET0897,Detection of Selective Exclusion,x-mitre-detection-strategy--7c1262bb-c0d1-4e0c-bab8-a232f7bed9d5,relationship--e7512377-4cb8-4552-97d6-518038b765f7,
DC0062,Snapshot Metadata,x-mitre-data-component--8bc66f94-54a9-4be4-bdd1-fe90df643774,T1537,Transfer Data to Cloud Account,attack-pattern--d4bdbdea-eaec-4071-b4f9-5105e12ea4b6,False,DET0573,Cross-Platform Detection of Data Transfer to Cloud Account,x-mitre-detection-strategy--22a31282-d190-449b-a102-2d562f906b7d,relationship--95e5c02b-7101-4399-8d56-b5758c3081a6,
DC0062,Snapshot Metadata,x-mitre-data-component--8bc66f94-54a9-4be4-bdd1-fe90df643774,T1578.001,Create Snapshot,attack-pattern--ed2e45f9-d338-4eb2-8ce5-3a2e03323bc1,True,DET0423,Detection Strategy for Modify Cloud Compute Infrastructure: Create Snapshot,x-mitre-detection-strategy--160f132d-626e-412a-ae16-df265670c196,relationship--2e8e1e84-69c7-4302-abb9-3ae279f485c7,
DC0063,Windows Registry Key Modification,x-mitre-data-component--da85d358-741a-410d-9433-20d6269a6170,T1003.001,LSASS Memory,attack-pattern--65f2d882-3f41-4d48-8a06-29af77ec9f90,True,DET0363,Detection of Credential Dumping from LSASS Memory via Access and Dump Sequence,x-mitre-detection-strategy--793c70fb-bc7a-4a77-95aa-7b0c583f10b4,relationship--7740826e-65ad-4fa8-853a-c4f09ed81f5f,
DC0063,Windows Registry Key Modification,x-mitre-data-component--da85d358-741a-410d-9433-20d6269a6170,T1003.002,Security Account Manager,attack-pattern--1644e709-12d2-41e5-a60f-3470991f5011,True,DET0085,Credential Dumping from SAM via Registry Dump and Local File Access,x-mitre-detection-strategy--13c88a68-15e3-45e5-958b-82fe7b948561,relationship--310c8128-3ebf-48fd-b207-d81e5251a686,
DC0063,Windows Registry Key Modification,x-mitre-data-component--da85d358-741a-410d-9433-20d6269a6170,T1012,Query Registry,attack-pattern--c32f7008-9fea-41f7-8366-5eb9b74bd896,False,DET0209,Detection of Registry Query for Environmental Discovery,x-mitre-detection-strategy--106e32a9-29b7-4ec7-80cf-768662706490,relationship--e4fec267-da7b-4c33-bf87-d3b2fc2b0513,
DC0063,Windows Registry Key Modification,x-mitre-data-component--da85d358-741a-410d-9433-20d6269a6170,T1027.011,Fileless Storage,attack-pattern--02c5abff-30bf-4703-ab92-1f6072fae939,True,DET0344,"Detection Strategy for Fileless Storage via Registry, WMI, and Shared Memory",x-mitre-detection-strategy--aea09aae-c0c3-4453-aa44-ea0153e5cb8c,relationship--46d67e25-2b9d-4848-b251-9c885658d80e,
DC0063,Windows Registry Key Modification,x-mitre-data-component--da85d358-741a-410d-9433-20d6269a6170,T1037,Boot or Logon Initialization Scripts,attack-pattern--03259939-0b57-482f-8eb5-87c0e0d54334,False,DET0112,Boot or Logon Initialization Scripts Detection Strategy,x-mitre-detection-strategy--6928b108-f04e-4a9b-bda5-53bb0c64ec9b,relationship--db152098-ded9-4b20-9b0a-0044921dae84,
DC0063,Windows Registry Key Modification,x-mitre-data-component--da85d358-741a-410d-9433-20d6269a6170,T1053.005,Scheduled Task,attack-pattern--005a06c6-14bf-4118-afa0-ebcd8aebb0c9,True,DET0441,Detection of Suspicious Scheduled Task Creation and Execution on Windows,x-mitre-detection-strategy--c7bdd7d7-19dc-4042-8565-5e0cf4656102,relationship--44fe6cf4-fdb3-4fa9-9855-14f3b59dc984,
DC0063,Windows Registry Key Modification,x-mitre-data-component--da85d358-741a-410d-9433-20d6269a6170,T1056.001,Keylogging,attack-pattern--09a60ea3-a8d1-4ae5-976e-5783248b72a4,True,DET0089,Behavioral Detection of Keylogging Activity Across Platforms,x-mitre-detection-strategy--fe0d7d82-1575-4685-9a4f-4bf83e0227a0,relationship--4ebf6dc6-2daf-42e3-8fc3-4f6d5ac4d63d,
DC0063,Windows Registry Key Modification,x-mitre-data-component--da85d358-741a-410d-9433-20d6269a6170,T1070,Indicator Removal,attack-pattern--799ace7f-e227-4411-baa0-8868704f2a69,False,DET0184,Behavioral Detection of Indicator Removal Across Platforms,x-mitre-detection-strategy--7225a3bd-f235-4c13-a236-3c6b9a3d445c,relationship--9b0ed970-db3e-4239-92dc-51c509d6a9c6,
DC0063,Windows Registry Key Modification,x-mitre-data-component--da85d358-741a-410d-9433-20d6269a6170,T1070.007,Clear Network Connection History and Configurations,attack-pattern--3975dbb5-0e1e-4f5b-bae1-cf2ab84b46dc,True,DET0049,Behavioral Detection of Network History and Configuration Tampering,x-mitre-detection-strategy--45ac24cf-b8f4-44d5-97e1-3efe2bf28abc,relationship--2c374f4d-e32c-4676-be99-2265d60bced7,
DC0063,Windows Registry Key Modification,x-mitre-data-component--da85d358-741a-410d-9433-20d6269a6170,T1070.009,Clear Persistence,attack-pattern--d2c4e5ea-dbdf-4113-805a-b1e2a337fb33,True,DET0040,Detection of Persistence Artifact Removal Across Host Platforms,x-mitre-detection-strategy--80eb76bc-6599-4adf-8d8c-8126e7e63d12,relationship--b1a5df9f-7a6e-48f4-b779-cc11e9db0e24,
DC0063,Windows Registry Key Modification,x-mitre-data-component--da85d358-741a-410d-9433-20d6269a6170,T1111,Multi-Factor Authentication Interception,attack-pattern--dd43c543-bb85-4a6f-aa6e-160d90d06a49,False,DET0246,Detection Strategy for MFA Interception via Input Capture and Smart Card Proxying,x-mitre-detection-strategy--6df13a5a-7d2b-4c9d-8c6e-d57ca850fe15,relationship--16857a1a-a782-4c5e-952d-bf00b8f0d782,
DC0063,Windows Registry Key Modification,x-mitre-data-component--da85d358-741a-410d-9433-20d6269a6170,T1112,Modify Registry,attack-pattern--57340c81-c025-4189-8fa0-fc7ede51bae4,False,DET0280,Behavior-Based Registry Modification Detection on Windows,x-mitre-detection-strategy--cf6a38ec-4c16-4c7f-8730-6e04f6dd6e67,relationship--964280e0-838f-4d22-a1e6-70a853be314a,
DC0063,Windows Registry Key Modification,x-mitre-data-component--da85d358-741a-410d-9433-20d6269a6170,T1137,Office Application Startup,attack-pattern--2c4d4e92-0ccf-4a97-b54c-86d662988a53,False,DET0398,"Detect Office Startup-Based Persistence via Macros, Forms, and Registry Hooks",x-mitre-detection-strategy--71a8576b-c9ef-4485-b461-d706fd757a67,relationship--0feff064-74a2-4323-bce0-7b67d0002b39,
DC0063,Windows Registry Key Modification,x-mitre-data-component--da85d358-741a-410d-9433-20d6269a6170,T1137.001,Office Template Macros,attack-pattern--79a47ad0-fc3b-4821-9f01-a026b1ddba21,True,DET0519,Detect Persistence via Office Template Macro Injection or Registry Hijack,x-mitre-detection-strategy--e04f7ddf-6a1e-4731-afd6-5edb74f4c624,relationship--0411dd33-93d8-4709-816d-c05b31a0b721,
DC0063,Windows Registry Key Modification,x-mitre-data-component--da85d358-741a-410d-9433-20d6269a6170,T1137.002,Office Test,attack-pattern--ed7efd4d-ce28-4a19-a8e6-c58011eb2c7a,True,DET0315,Detect Persistence via Office Test Registry DLL Injection,x-mitre-detection-strategy--cb0a01e5-d88a-4ac8-a70a-1472c5dccd10,relationship--579ccb1f-91d2-4933-9067-6f07af17446d,
DC0063,Windows Registry Key Modification,x-mitre-data-component--da85d358-741a-410d-9433-20d6269a6170,T1137.006,Add-ins,attack-pattern--34f1d81d-fe88-4f97-bd3b-a3164536255d,True,DET0050,Detect Persistence via Malicious Office Add-ins,x-mitre-detection-strategy--53144b02-d6b1-42de-b5cf-e785a59c43bd,relationship--ce52ceb4-fced-4ec9-8e0a-8c1a1f871a64,
DC0063,Windows Registry Key Modification,x-mitre-data-component--da85d358-741a-410d-9433-20d6269a6170,T1176,Software Extensions,attack-pattern--389735f1-f21c-4208-b8f0-f8031e7169b8,False,DET0092,Detection of Malicious or Unauthorized Software Extensions,x-mitre-detection-strategy--eaa0f0da-bee7-4ce3-97e5-46d5ac2a9257,relationship--fcd8e924-69a3-4c53-b9c0-e30738e54c61,
DC0063,Windows Registry Key Modification,x-mitre-data-component--da85d358-741a-410d-9433-20d6269a6170,T1176.001,Browser Extensions,attack-pattern--278716b1-61ce-4a74-8d17-891d0c494101,True,DET0044,Detecting Malicious Browser Extensions Across Platforms,x-mitre-detection-strategy--101e19ca-f902-4c2d-8ceb-ddd07a43f1a7,relationship--427c5505-813e-488c-92b3-2e3c15170605,
DC0063,Windows Registry Key Modification,x-mitre-data-component--da85d358-741a-410d-9433-20d6269a6170,T1195.001,Compromise Software Dependencies and Development Tools,attack-pattern--191cc6af-1bb2-4344-ab5f-28e496638720,True,DET0009,Supply-chain tamper in dependencies/dev-tools (manager→write/install→first-run→egress),x-mitre-detection-strategy--ec870f2d-bba3-43f9-95b8-c2f85678dba4,relationship--f21676c2-dc39-4d2e-b551-5ed654dddef3,
DC0063,Windows Registry Key Modification,x-mitre-data-component--da85d358-741a-410d-9433-20d6269a6170,T1195.002,Compromise Software Supply Chain,attack-pattern--bd369cd9-abb8-41ce-b5bb-fff23ee86c00,True,DET0309,Compromised software/update chain (installer/write → first-run/child → egress/signature anomaly),x-mitre-detection-strategy--77d3b532-9c4f-4f9f-9581-3009b201435d,relationship--91cd8b1f-5c87-41be-b7e7-310d4c6b6c3e,
DC0063,Windows Registry Key Modification,x-mitre-data-component--da85d358-741a-410d-9433-20d6269a6170,T1218.003,CMSTP,attack-pattern--4cbc6a62-9e34-4f94-8a19-5c1a11392a49,True,DET0328,Detection of Malicious Profile Installation via CMSTP.exe,x-mitre-detection-strategy--c254ecff-c728-4de8-a0f8-e5ad5015aa32,relationship--92a59f27-7dbc-4da9-b17e-816cb90fca1d,
DC0063,Windows Registry Key Modification,x-mitre-data-component--da85d358-741a-410d-9433-20d6269a6170,T1218.009,Regsvcs/Regasm,attack-pattern--c48a67ee-b657-45c1-91bf-6cdbe27205f8,True,DET0361,Detecting .NET COM Registration Abuse via Regsvcs/Regasm,x-mitre-detection-strategy--9c03f003-b859-42c6-b16d-c0979dfc202b,relationship--23d3f30e-9f30-4411-abba-04d31573205a,
DC0063,Windows Registry Key Modification,x-mitre-data-component--da85d358-741a-410d-9433-20d6269a6170,T1218.012,Verclsid,attack-pattern--808e6329-ca91-4b87-ac2d-8eadc5f8f327,True,DET0042,Detection Strategy for T1218.012 Verclsid Abuse,x-mitre-detection-strategy--1d738832-3de4-45f0-98e5-ac37642619e8,relationship--fb84562a-e701-4a0f-a204-d0a6234efdd7,
DC0063,Windows Registry Key Modification,x-mitre-data-component--da85d358-741a-410d-9433-20d6269a6170,T1218.014,MMC,attack-pattern--ffbcfdb0-de22-4106-9ed3-fc23c8a01407,True,DET0222,Detecting MMC (.msc) Proxy Execution and Malicious COM Activation,x-mitre-detection-strategy--f4560945-d62f-48b6-ae94-dcd93c471c45,relationship--e79ec747-79ad-4467-ae3b-724da019de1d,
DC0063,Windows Registry Key Modification,x-mitre-data-component--da85d358-741a-410d-9433-20d6269a6170,T1219,Remote Access Tools,attack-pattern--4061e78c-1284-44b4-9116-73e4ac3912f7,False,DET0496,Behavior-Chain Detection for Remote Access Tools (Tool-Agnostic),x-mitre-detection-strategy--ec412019-109f-4f84-aa2f-d623f40254e0,relationship--153e37f3-37a6-439d-a7a1-888dc45673f0,
DC0063,Windows Registry Key Modification,x-mitre-data-component--da85d358-741a-410d-9433-20d6269a6170,T1480,Execution Guardrails,attack-pattern--853c4192-4311-43e1-bfbb-b11b14911852,False,DET0562,Multi-Platform Execution Guardrails Environmental Validation Detection Strategy,x-mitre-detection-strategy--99bdd6d6-ebef-40e2-83d2-2f39408c82e3,relationship--d1b82c9a-003e-4eb2-b34d-d2b2dbbebe19,
DC0063,Windows Registry Key Modification,x-mitre-data-component--da85d358-741a-410d-9433-20d6269a6170,T1490,Inhibit System Recovery,attack-pattern--f5d8eed6-48a9-4cdf-a3d7-d1ffa99c3d2a,False,DET0329,Behavioral Detection for T1490 - Inhibit System Recovery,x-mitre-detection-strategy--b13116ed-e9c0-4cd5-81f6-676074078477,relationship--e34bd177-1fb3-46fe-adc1-d40f6538aae7,
DC0063,Windows Registry Key Modification,x-mitre-data-component--da85d358-741a-410d-9433-20d6269a6170,T1505.005,Terminal Services DLL,attack-pattern--379809f6-2fac-42c1-bd2e-e9dee70b27f8,True,DET0212,Detection Strategy for T1505.005 – Terminal Services DLL Modification (Windows),x-mitre-detection-strategy--d9073646-f875-4c38-9b37-e9ac11c40188,relationship--1b08f84f-6a97-4f3c-a5e6-4b99e09d9575,
DC0063,Windows Registry Key Modification,x-mitre-data-component--da85d358-741a-410d-9433-20d6269a6170,T1518.002,Backup Software Discovery,attack-pattern--4a6cfdae-1417-40c7-a84e-f59d21c58266,True,DET0088,"Backup Software Discovery via CLI, Registry, and Process Inspection (T1518.002)",x-mitre-detection-strategy--a3bdd6e2-92d3-45db-a486-9f051c68672b,relationship--143dc28d-6b45-4a97-833f-e47469216e0b,
DC0063,Windows Registry Key Modification,x-mitre-data-component--da85d358-741a-410d-9433-20d6269a6170,T1543,Create or Modify System Process,attack-pattern--106c0cf6-bf73-4601-9aa8-0945c2715ec5,False,DET0571,Detection of System Process Creation or Modification Across Platforms,x-mitre-detection-strategy--dab6c58b-2f44-4539-93e1-b03990fc1649,relationship--f2f4bc4a-1f7a-4cb8-8635-d8461de4480c,
DC0063,Windows Registry Key Modification,x-mitre-data-component--da85d358-741a-410d-9433-20d6269a6170,T1543.003,Windows Service,attack-pattern--2959d63f-73fd-46a1-abd2-109d7dcede32,True,DET0552,Detection of Windows Service Creation or Modification,x-mitre-detection-strategy--c7d19c6f-a7f8-4323-af57-c626ccb74d88,relationship--67c2ad46-15c3-45d1-b209-4921f21eb8c3,
DC0063,Windows Registry Key Modification,x-mitre-data-component--da85d358-741a-410d-9433-20d6269a6170,T1546,Event Triggered Execution,attack-pattern--b6301b64-ef57-4cce-bb0b-77026f14a8db,False,DET0010,Behavioral Detection of Event Triggered Execution Across Platforms,x-mitre-detection-strategy--c5e3823f-5ee0-43db-b6fa-b63d6587b24c,relationship--e6a8c456-3c2e-44a6-8614-b5c3e7cb4d98,
DC0063,Windows Registry Key Modification,x-mitre-data-component--da85d358-741a-410d-9433-20d6269a6170,T1546.001,Change Default File Association,attack-pattern--98034fef-d9fb-4667-8dc4-2eab6231724c,True,DET0061,Detect Default File Association Hijack via Registry & Execution Correlation on Windows,x-mitre-detection-strategy--61585647-dcc0-4c46-9333-c59796997826,relationship--f9cdbd39-2d59-4376-aaa4-65fa974cb30b,
DC0063,Windows Registry Key Modification,x-mitre-data-component--da85d358-741a-410d-9433-20d6269a6170,T1546.002,Screensaver,attack-pattern--ce4b7013-640e-48a9-b501-d0025a95f4bf,True,DET0154,Detect Screensaver-Based Persistence via Registry and Execution Chains,x-mitre-detection-strategy--d3a3919f-2f04-49f4-808e-1f88538ee02b,relationship--52ea1e49-b2e7-4da7-ae57-3ad02bf63d35,
DC0063,Windows Registry Key Modification,x-mitre-data-component--da85d358-741a-410d-9433-20d6269a6170,T1546.007,Netsh Helper DLL,attack-pattern--f63fe421-b1d1-45c0-b8a7-02cd16ff2bed,True,DET0575,Detection Strategy for Netsh Helper DLL Persistence via Registry and Child Process Monitoring (Windows),x-mitre-detection-strategy--8d407bff-f721-4b74-a593-1e55c14c5263,relationship--82657836-1b90-4d18-9828-1e4337fdaf37,
DC0063,Windows Registry Key Modification,x-mitre-data-component--da85d358-741a-410d-9433-20d6269a6170,T1546.008,Accessibility Features,attack-pattern--70e52b04-2a0c-4cea-9d18-7149f1df9dc5,True,DET0033,Detection Strategy for Accessibility Feature Hijacking via Binary Replacement or Registry Modification,x-mitre-detection-strategy--05cb564b-df98-44d8-8982-176136eef26d,relationship--4d6a7211-acfc-449b-bad9-8984c86cb45a,
DC0063,Windows Registry Key Modification,x-mitre-data-component--da85d358-741a-410d-9433-20d6269a6170,T1546.009,AppCert DLLs,attack-pattern--7d57b371-10c2-45e5-b3cc-83a8fb380e4c,True,DET0362,Detection Strategy for AppCert DLLs Persistence via Registry Injection,x-mitre-detection-strategy--3de93376-739e-4842-875d-d6e9948db8d4,relationship--e4e45e24-c4de-45b9-bf54-762269aec2eb,
DC0063,Windows Registry Key Modification,x-mitre-data-component--da85d358-741a-410d-9433-20d6269a6170,T1546.010,AppInit DLLs,attack-pattern--cc89ecbd-3d33-4a41-bcca-001e702d18fd,True,DET0557,Detection Strategy for Event Triggered Execution: AppInit DLLs (Windows),x-mitre-detection-strategy--6f59bdfc-8352-4e6f-bef1-cc59b4e9b04d,relationship--c1e7f701-1a6e-4f87-89fb-f929a0034b88,
DC0063,Windows Registry Key Modification,x-mitre-data-component--da85d358-741a-410d-9433-20d6269a6170,T1546.011,Application Shimming,attack-pattern--42fe883a-21ea-4cfb-b94a-78b6476dcc83,True,DET0017,Detection Strategy for Application Shimming via sdbinst.exe and Registry Artifacts (Windows),x-mitre-detection-strategy--22fe898e-3b53-468c-b2b2-dd59abc83297,relationship--d2ad0b63-ab0e-48a3-a8bc-2793f3897358,
DC0063,Windows Registry Key Modification,x-mitre-data-component--da85d358-741a-410d-9433-20d6269a6170,T1546.012,Image File Execution Options Injection,attack-pattern--6d4a7fb3-5a24-42be-ae61-6728a2b581f6,True,DET0422,Detection Strategy for IFEO Injection on Windows,x-mitre-detection-strategy--d65ea5cc-52c6-4ec6-98a8-eef0be23ee72,relationship--aaed46cd-1490-4050-a035-257ec2ab3bc5,
DC0063,Windows Registry Key Modification,x-mitre-data-component--da85d358-741a-410d-9433-20d6269a6170,T1546.015,Component Object Model Hijacking,attack-pattern--bc0f5e80-91c0-4e04-9fbb-e4e332c85dae,True,DET0481,Windows COM Hijacking Detection via Registry and DLL Load Correlation,x-mitre-detection-strategy--78340b60-535e-4f2e-a376-c6fcc53a3c4a,relationship--f779a804-fdd3-4bf3-a0bb-2e1c4d2ab31f,
DC0063,Windows Registry Key Modification,x-mitre-data-component--da85d358-741a-410d-9433-20d6269a6170,T1547,Boot or Logon Autostart Execution,attack-pattern--1ecb2399-e8ba-4f6b-8ba7-5c27d49405cf,False,DET0274,Boot or Logon Autostart Execution Detection Strategy,x-mitre-detection-strategy--a9796458-df5d-467f-b037-acad6c261f25,relationship--5a1625a0-a01c-41ca-8601-89faa103e31d,
DC0063,Windows Registry Key Modification,x-mitre-data-component--da85d358-741a-410d-9433-20d6269a6170,T1547.001,Registry Run Keys / Startup Folder,attack-pattern--9efb1ea7-c37b-4595-9640-b7680cd84279,True,DET0365,Detect Registry and Startup Folder Persistence (Windows),x-mitre-detection-strategy--8febbfe8-91ae-4625-8fc7-656639b90a11,relationship--78cd373e-443f-46e5-bde8-b05b15ca3d1e,
DC0063,Windows Registry Key Modification,x-mitre-data-component--da85d358-741a-410d-9433-20d6269a6170,T1547.002,Authentication Package,attack-pattern--b8cfed42-6a8a-4989-ad72-541af74475ec,True,DET0207,Detect LSA Authentication Package Persistence via Registry and LSASS DLL Load,x-mitre-detection-strategy--1525b951-a0fb-42ac-97b7-05ac6f412020,relationship--8aa3fb7a-a553-48e5-899e-faa868363a68,
DC0063,Windows Registry Key Modification,x-mitre-data-component--da85d358-741a-410d-9433-20d6269a6170,T1547.003,Time Providers,attack-pattern--61afc315-860c-4364-825d-0d62b2e91edc,True,DET0122,Detect Abuse of Windows Time Providers for Persistence,x-mitre-detection-strategy--9c4b0b07-df7f-4697-8cd1-0b95ff6a6361,relationship--0b8b7d52-f626-4477-917c-74138035e5db,
DC0063,Windows Registry Key Modification,x-mitre-data-component--da85d358-741a-410d-9433-20d6269a6170,T1547.004,Winlogon Helper DLL,attack-pattern--6836813e-8ec8-4375-b459-abb388cb1a35,True,DET0404,Detect Winlogon Helper DLL Abuse via Registry and Process Artifacts on Windows,x-mitre-detection-strategy--63135c50-7c7a-4a44-a053-28abd2388f21,relationship--1da61cf7-c299-443f-8987-b6a25b805915,
DC0063,Windows Registry Key Modification,x-mitre-data-component--da85d358-741a-410d-9433-20d6269a6170,T1547.005,Security Support Provider,attack-pattern--5095a853-299c-4876-abd7-ac0050fb5462,True,DET0542,Registry and LSASS Monitoring for Security Support Provider Abuse,x-mitre-detection-strategy--6b47bf45-a3f2-4d4b-884a-3cec3ef3f994,relationship--4020a93b-55d4-417d-bafd-8304062dcbca,
DC0063,Windows Registry Key Modification,x-mitre-data-component--da85d358-741a-410d-9433-20d6269a6170,T1547.008,LSASS Driver,attack-pattern--f0589bc3-a6ae-425a-a3d5-5659bfee07f4,True,DET0225,Detect unauthorized LSASS driver persistence via LSA plugin abuse (Windows),x-mitre-detection-strategy--fbac07bf-65d5-4222-88bb-0ef798417ebb,relationship--3c2ece76-c163-48ab-8c7e-8780ffd72461,
DC0063,Windows Registry Key Modification,x-mitre-data-component--da85d358-741a-410d-9433-20d6269a6170,T1547.010,Port Monitors,attack-pattern--43881e51-ac74-445b-b4c6-f9f9e9bf23fe,True,DET0204,Detection Strategy for T1547.010 – Port Monitor DLL Persistence via spoolsv.exe (Windows),x-mitre-detection-strategy--a62dbd10-5b61-489c-a465-8f792792778e,relationship--c30dfb12-041c-49d3-bce4-a7de82917d1e,
DC0063,Windows Registry Key Modification,x-mitre-data-component--da85d358-741a-410d-9433-20d6269a6170,T1547.012,Print Processors,attack-pattern--2de47683-f398-448f-b947-9abcc3e32fad,True,DET0026,Windows Detection Strategy for T1547.012 - Print Processor DLL Persistence,x-mitre-detection-strategy--b661f959-953f-4329-a43a-f1b060e7626b,relationship--1ac36840-525f-4361-86dc-3d6567a18b0a,
DC0063,Windows Registry Key Modification,x-mitre-data-component--da85d358-741a-410d-9433-20d6269a6170,T1547.014,Active Setup,attack-pattern--22522668-ddf6-470b-a027-9d6866679f67,True,DET0312,Detect Active Setup Persistence via StubPath Execution,x-mitre-detection-strategy--ba8d3a5d-9ddc-4301-b021-84ca2c6854de,relationship--afb6aa42-751c-47fe-b955-0733344a444f,
DC0063,Windows Registry Key Modification,x-mitre-data-component--da85d358-741a-410d-9433-20d6269a6170,T1548,Abuse Elevation Control Mechanism,attack-pattern--67720091-eee3-4d2d-ae16-8264567f6f5b,False,DET0345,Detection Strategy for Abuse Elevation Control Mechanism (T1548),x-mitre-detection-strategy--9646aa18-4ebf-43c8-bf4c-670063bc5ef8,relationship--6c4a90f8-082b-4b90-9e8a-e0e900f94923,
DC0063,Windows Registry Key Modification,x-mitre-data-component--da85d358-741a-410d-9433-20d6269a6170,T1548.002,Bypass User Account Control,attack-pattern--120d5519-3098-4e1c-9191-2aa61232f073,True,DET0388,Detection Strategy for T1548.002 – Bypass User Account Control (UAC),x-mitre-detection-strategy--d6619253-10cd-4b90-84b5-364c418d2484,relationship--f05583ec-3ed9-42f7-8779-05399318616e,
DC0063,Windows Registry Key Modification,x-mitre-data-component--da85d358-741a-410d-9433-20d6269a6170,T1552,Unsecured Credentials,attack-pattern--435dfb86-2697-4867-85b5-2fef496c0517,False,DET0412,Detect Access or Search for Unsecured Credentials Across Platforms,x-mitre-detection-strategy--d1912fbc-aaac-4bb1-82f1-0713280ca9a1,relationship--9a673d77-b594-4115-9ffa-b1b38cf6de18,
DC0063,Windows Registry Key Modification,x-mitre-data-component--da85d358-741a-410d-9433-20d6269a6170,T1552.002,Credentials in Registry,attack-pattern--341e222a-a6e3-4f6f-b69c-831d792b1580,True,DET0250,Detect Credential Discovery via Windows Registry Enumeration,x-mitre-detection-strategy--6c9e1f65-7d75-4091-b97d-e5f88ed12812,relationship--bf037bec-0676-4fd3-ba2f-e2c32dc4239e,
DC0063,Windows Registry Key Modification,x-mitre-data-component--da85d358-741a-410d-9433-20d6269a6170,T1553,Subvert Trust Controls,attack-pattern--b83e166d-13d7-4b52-8677-dff90c548fd7,False,DET0452,"Detect Subversion of Trust Controls via Certificate, Registry, and Attribute Manipulation",x-mitre-detection-strategy--73cde34a-247f-4ebc-87a5-ab6a9c400f40,relationship--9e91959a-a90f-4523-8ad3-8b713a919656,
DC0063,Windows Registry Key Modification,x-mitre-data-component--da85d358-741a-410d-9433-20d6269a6170,T1553.003,SIP and Trust Provider Hijacking,attack-pattern--543fceb5-cb92-40cb-aacf-6913d4db58bc,True,DET0442,Detection Strategy for Subvert Trust Controls using SIP and Trust Provider Hijacking.,x-mitre-detection-strategy--541f2335-1046-4621-9829-1a4a305069c5,relationship--1473a2c5-641b-42cb-93ee-9ff61b542453,
DC0063,Windows Registry Key Modification,x-mitre-data-component--da85d358-741a-410d-9433-20d6269a6170,T1553.004,Install Root Certificate,attack-pattern--c615231b-f253-4f58-9d47-d5b4cbdb6839,True,DET0056,Detection Strategy for Subvert Trust Controls via Install Root Certificate.,x-mitre-detection-strategy--d9e95391-5ea4-49af-a525-31655a72e470,relationship--ac19130e-d247-49e4-8aca-2837984906dc,
DC0063,Windows Registry Key Modification,x-mitre-data-component--da85d358-741a-410d-9433-20d6269a6170,T1553.006,Code Signing Policy Modification,attack-pattern--565275d5-fcc3-4b66-b4e7-928e4cac6b8c,True,DET0523,Detect Code Signing Policy Modification (Windows & macOS),x-mitre-detection-strategy--eec6a137-c506-4654-8780-8e3028f3fd28,relationship--cfb6fe1a-05c5-4b7a-86c7-4ae65c9f37a1,
DC0063,Windows Registry Key Modification,x-mitre-data-component--da85d358-741a-410d-9433-20d6269a6170,T1556,Modify Authentication Process,attack-pattern--f4c1826f-a322-41cd-9557-562100848c84,False,DET0104,Detect Modification of Authentication Processes Across Platforms,x-mitre-detection-strategy--d51dd574-9171-4c46-89bc-0e3bb1178dfe,relationship--d071af46-206b-4ad4-994a-a4ffb350676e,
DC0063,Windows Registry Key Modification,x-mitre-data-component--da85d358-741a-410d-9433-20d6269a6170,T1556.002,Password Filter DLL,attack-pattern--3731fbcd-0e43-47ae-ae6c-d15e510f0d42,True,DET0472,Detect Malicious Password Filter DLL Registration,x-mitre-detection-strategy--f722c058-8449-49ee-8e18-c3e76ec60a51,relationship--a19f09ed-2ca4-4b50-ac5c-1709b490ab3e,
DC0063,Windows Registry Key Modification,x-mitre-data-component--da85d358-741a-410d-9433-20d6269a6170,T1556.008,Network Provider DLL,attack-pattern--90c4a591-d02d-490b-92aa-619d9701ac04,True,DET0580,Detect Network Provider DLL Registration and Credential Capture,x-mitre-detection-strategy--552a7d85-4ac4-48cd-9072-61a4c6b2c682,relationship--f80b62c3-bab4-4c50-b725-1e49c90961bf,
DC0063,Windows Registry Key Modification,x-mitre-data-component--da85d358-741a-410d-9433-20d6269a6170,T1557,Adversary-in-the-Middle,attack-pattern--035bb001-ab69-4a0b-9f6c-2de8b09e1b9d,False,DET0296,Detect Adversary-in-the-Middle via Network and Configuration Anomalies,x-mitre-detection-strategy--0eb48c77-9056-4178-900b-7ac23fd1c7cd,relationship--58bbe5a4-6de5-48e3-a003-028348c408ce,
DC0063,Windows Registry Key Modification,x-mitre-data-component--da85d358-741a-410d-9433-20d6269a6170,T1557.001,LLMNR/NBT-NS Poisoning and SMB Relay,attack-pattern--650c784b-7504-4df7-ab2c-4ea882384d1e,True,DET0462,Detect LLMNR/NBT-NS Poisoning and SMB Relay on Windows,x-mitre-detection-strategy--2db51eaa-3407-4ad0-a45e-86ebf5f2abac,relationship--9da1b46a-7acd-44ed-9646-dff5ed075985,
DC0063,Windows Registry Key Modification,x-mitre-data-component--da85d358-741a-410d-9433-20d6269a6170,T1562,Impair Defenses,attack-pattern--3d333250-30e4-4a82-9edc-756c68afc529,False,DET0317,Detection Strategy for Impair Defenses Across Platforms,x-mitre-detection-strategy--e8e88bcd-0294-48d2-bd3c-0408814f4a69,relationship--d959e68e-9ed8-4e86-814a-4a0df15c0448,
DC0063,Windows Registry Key Modification,x-mitre-data-component--da85d358-741a-410d-9433-20d6269a6170,T1562.001,Disable or Modify Tools,attack-pattern--ac08589e-ee59-4935-8667-d845e38fe579,True,DET0497,Detection of Impair Defenses through Disabled or Modified Tools across OS Platforms.,x-mitre-detection-strategy--a21019ad-f6d2-4806-be7b-01ba27c63147,relationship--325b752a-0c12-42ec-9dfb-112a83c73518,
DC0063,Windows Registry Key Modification,x-mitre-data-component--da85d358-741a-410d-9433-20d6269a6170,T1562.002,Disable Windows Event Logging,attack-pattern--4eb28bed-d11a-4641-9863-c2ac017d910a,True,DET0187,Detect disabled Windows event logging,x-mitre-detection-strategy--cfedfc6c-6e31-481b-be1e-e23a760fec44,relationship--3e567c4c-4248-4219-b51c-749618197c71,
DC0063,Windows Registry Key Modification,x-mitre-data-component--da85d358-741a-410d-9433-20d6269a6170,T1562.004,Disable or Modify System Firewall,attack-pattern--5372c5fe-f424-4def-bcd5-d3a8e770f07b,True,DET0145,Detection of Disabled or Modified System Firewalls across OS Platforms.,x-mitre-detection-strategy--acb9a314-aa08-4a0f-b3ba-201d87fa4cc8,relationship--8b6fce49-bb7b-4645-a0d1-ee2a69df72e2,
DC0063,Windows Registry Key Modification,x-mitre-data-component--da85d358-741a-410d-9433-20d6269a6170,T1562.006,Indicator Blocking,attack-pattern--74d2a63f-3c7b-4852-92da-02d8fbab16da,True,DET0239,Detection Strategy for Impair Defenses Indicator Blocking,x-mitre-detection-strategy--0596d971-9552-4cd0-a5aa-4385cf707371,relationship--93fc4a2c-22f3-448b-b0c0-3b9282299558,
DC0063,Windows Registry Key Modification,x-mitre-data-component--da85d358-741a-410d-9433-20d6269a6170,T1562.009,Safe Mode Boot,attack-pattern--28170e17-8384-415c-8486-2e6b294cb803,True,DET0116,Detection Strategy for Safe Mode Boot Abuse,x-mitre-detection-strategy--8c92a33f-ac2f-4ae9-9258-7a6a67922ad4,relationship--3a7df8ad-46da-4597-be00-e6ea6401fcc0,
DC0063,Windows Registry Key Modification,x-mitre-data-component--da85d358-741a-410d-9433-20d6269a6170,T1562.010,Downgrade Attack,attack-pattern--824add00-99a1-4b15-9a2d-6c5683b7b497,True,DET0350,Detecting Downgrade Attacks,x-mitre-detection-strategy--63d80d1b-ca5b-427d-b603-cf65e6e245b9,relationship--2547138d-1e52-4455-9dea-4954184427e8,
DC0063,Windows Registry Key Modification,x-mitre-data-component--da85d358-741a-410d-9433-20d6269a6170,T1564,Hide Artifacts,attack-pattern--22905430-4901-4c2a-84f6-98243cb173f8,False,DET0502,Detection Strategy for Hidden Artifacts Across Platforms,x-mitre-detection-strategy--bd2348f8-acef-4310-bd03-cf7b866d2592,relationship--cd3ee69c-01d3-41a0-9e5e-caebaf1776c7,
DC0063,Windows Registry Key Modification,x-mitre-data-component--da85d358-741a-410d-9433-20d6269a6170,T1564.002,Hidden Users,attack-pattern--8c4aef43-48d5-49aa-b2af-c0cd58d30c3d,True,DET0353,Detection Strategy for Hidden User Accounts,x-mitre-detection-strategy--c48fd7e3-fbfb-4ab5-b577-12cc0be21f2c,relationship--153e979f-a34d-4baf-99d5-c2ba0196d558,
DC0063,Windows Registry Key Modification,x-mitre-data-component--da85d358-741a-410d-9433-20d6269a6170,T1564.003,Hidden Window,attack-pattern--cbb66055-0325-4111-aca0-40547b6ad5b0,True,DET0128,Detection Strategy for Hidden Windows,x-mitre-detection-strategy--1167a6c8-d735-4d5d-81f5-d81c6eafe239,relationship--d08a8b58-a5eb-4e4d-b6e7-017015a498dc,
DC0063,Windows Registry Key Modification,x-mitre-data-component--da85d358-741a-410d-9433-20d6269a6170,T1564.005,Hidden File System,attack-pattern--dfebc3b7-d19d-450b-81c7-6dafe4184c04,True,DET0461,Detection Strategy for Hidden File System Abuse,x-mitre-detection-strategy--82c31276-f916-4d67-be83-f09534c0c77e,relationship--d311635f-0633-404f-9535-51ee87662507,
DC0063,Windows Registry Key Modification,x-mitre-data-component--da85d358-741a-410d-9433-20d6269a6170,T1564.006,Run Virtual Instance,attack-pattern--b5327dd1-6bf9-4785-a199-25bcbd1f4a9d,True,DET0321,Detection Strategy for Hidden Virtual Instance Execution,x-mitre-detection-strategy--55321f9d-1646-45b9-b23e-e3c0fe105400,relationship--3ef5c5df-8e91-49c0-bdf8-e2d826c5e7b3,
DC0063,Windows Registry Key Modification,x-mitre-data-component--da85d358-741a-410d-9433-20d6269a6170,T1565.003,Runtime Data Manipulation,attack-pattern--32ad5c86-2bcf-47d8-8fdc-d7f3d79a7490,True,DET0391,Detection Strategy for Runtime Data Manipulation.,x-mitre-detection-strategy--41107d12-dd2e-439f-af29-1a10dcfcb6ce,relationship--c3e03eff-201b-4857-ba09-4999335de433,
DC0063,Windows Registry Key Modification,x-mitre-data-component--da85d358-741a-410d-9433-20d6269a6170,T1569,System Services,attack-pattern--d157f9d2-d09a-4efa-bb2a-64963f94e253,False,DET0279,Detection Strategy for System Services across OS platforms.,x-mitre-detection-strategy--38364d2d-7b25-4f75-9679-eca4dd18b213,relationship--20cd9b34-087b-42ab-9819-fe330c06c89d,
DC0063,Windows Registry Key Modification,x-mitre-data-component--da85d358-741a-410d-9433-20d6269a6170,T1569.002,Service Execution,attack-pattern--f1951e8a-500e-4a26-8803-76d95c4554b4,True,DET0421,Detection Strategy for System Services Service Execution,x-mitre-detection-strategy--ef1996dc-b6e9-4d8b-a216-77d14323b3e5,relationship--9b8e4d42-e77f-42c5-905f-2090c5859aaa,
DC0063,Windows Registry Key Modification,x-mitre-data-component--da85d358-741a-410d-9433-20d6269a6170,T1574,Hijack Execution Flow,attack-pattern--aedfca76-3b30-4866-b2aa-0f1d7fd1e4b6,False,DET0218,Detection Strategy for Hijack Execution Flow across OS platforms.,x-mitre-detection-strategy--07669925-383b-455b-a3e2-3a79e18eed27,relationship--978cce2b-4185-4d79-87c9-4754712b5623,
DC0063,Windows Registry Key Modification,x-mitre-data-component--da85d358-741a-410d-9433-20d6269a6170,T1574.001,DLL,attack-pattern--2fee9321-3e71-4cf4-af24-d4d40d355b34,True,DET0201,Detection Strategy for Hijack Execution Flow for DLLs,x-mitre-detection-strategy--bd33de0c-1ed7-42ea-b77d-1fd5d33acd3b,relationship--21fcc54f-0e35-4b2f-8c97-294f0f345d3f,
DC0063,Windows Registry Key Modification,x-mitre-data-component--da85d358-741a-410d-9433-20d6269a6170,T1574.007,Path Interception by PATH Environment Variable,attack-pattern--0c2d00da-7742-49e7-9928-4514e5075d32,True,DET0004,Detection Strategy for Hijack Execution Flow using Path Interception by PATH Environment Variable.,x-mitre-detection-strategy--4b2bc278-fc80-4ff8-87a3-a6843a9e683a,relationship--275bda52-48a5-48ee-b578-2298cd7a32d7,
DC0063,Windows Registry Key Modification,x-mitre-data-component--da85d358-741a-410d-9433-20d6269a6170,T1574.009,Path Interception by Unquoted Path,attack-pattern--bf96a5a3-3bce-43b7-8597-88545984c07b,True,DET0064,Detection Strategy for Hijack Execution Flow through Path Interception by Unquoted Path,x-mitre-detection-strategy--26a281d7-c49e-4e36-ab51-26a757559cf0,relationship--b55f3cb7-c47c-4b8d-91b2-cb91da1ee73d,
DC0063,Windows Registry Key Modification,x-mitre-data-component--da85d358-741a-410d-9433-20d6269a6170,T1574.011,Services Registry Permissions Weakness,attack-pattern--17cc750b-e95b-4d7d-9dde-49e0de24148c,True,DET0427,Detection Strategy for Hijack Execution Flow through Service Registry Premission Weakness.,x-mitre-detection-strategy--a44e6677-25d9-495a-91fd-e2611dac9477,relationship--09844268-99de-4254-99b1-347e7ec29e25,
DC0063,Windows Registry Key Modification,x-mitre-data-component--da85d358-741a-410d-9433-20d6269a6170,T1574.012,COR_PROFILER,attack-pattern--ffeb0780-356e-4261-b036-cfb6bd234335,True,DET0479,Detection Strategy for Hijack Execution Flow using the Windows COR_PROFILER.,x-mitre-detection-strategy--8276f61b-0147-4e72-94fb-7cdd47dc60ec,relationship--d6cbd80f-a221-4c61-b859-c54576b15b0e,
DC0063,Windows Registry Key Modification,x-mitre-data-component--da85d358-741a-410d-9433-20d6269a6170,T1652,Device Driver Discovery,attack-pattern--215d9700-5881-48b8-8265-6449dbb7195d,False,DET0579,Detection Strategy for Device Driver Discovery,x-mitre-detection-strategy--ff6c2db6-cc1b-47e0-89a6-536f83b74906,relationship--0f347765-c631-46f7-8369-5bcdb568345b,
DC0064,Command Execution,x-mitre-data-component--685f917a-e95e-4ba0-ade1-c7d354dae6e0,T1005,Data from Local System,attack-pattern--3c4a2599-71ee-4405-ba1e-0e28414b4bc5,False,DET0380,Detection of Local Data Collection Prior to Exfiltration,x-mitre-detection-strategy--36bb5edf-e7b6-4d36-8ccc-1a18ddc573da,relationship--b10e4a51-3d68-427f-b14d-06c1d81a575d,
DC0064,Command Execution,x-mitre-data-component--685f917a-e95e-4ba0-ade1-c7d354dae6e0,T1006,Direct Volume Access,attack-pattern--0c8ab3eb-df48-4b9c-ace7-beacaac81cc5,False,DET0426,Detection of Direct Volume Access for File System Evasion,x-mitre-detection-strategy--ee674b38-f59a-4f21-860a-19d065e13aaf,relationship--6748068f-c437-42b7-b09d-d057a1f49dc1,
DC0064,Command Execution,x-mitre-data-component--685f917a-e95e-4ba0-ade1-c7d354dae6e0,T1007,System Service Discovery,attack-pattern--322bad5a-1c49-4d23-ab79-76d641794afa,False,DET0483,Detection of System Service Discovery Commands Across OS Platforms,x-mitre-detection-strategy--d8e8768e-34c1-45f4-95d2-fa7ba317b63a,relationship--e3fe4c82-6100-4f69-8895-c11bc8d53e8d,
DC0064,Command Execution,x-mitre-data-component--685f917a-e95e-4ba0-ade1-c7d354dae6e0,T1010,Application Window Discovery,attack-pattern--4ae4f953-fe58-4cc8-a327-33257e30a830,False,DET0097,Detection of Application Window Enumeration via API or Scripting,x-mitre-detection-strategy--d2daf569-4fc9-46a3-97b7-4d3d76c04a64,relationship--5d3892e4-5a49-482a-929b-883fb2cdb765,
DC0064,Command Execution,x-mitre-data-component--685f917a-e95e-4ba0-ade1-c7d354dae6e0,T1011,Exfiltration Over Other Network Medium,attack-pattern--51ea26b1-ff1e-4faa-b1a0-1114cd298c87,False,DET0077,Detection of Exfiltration Over Alternate Network Interfaces,x-mitre-detection-strategy--9280a84d-bf77-4a86-a052-ce6ea0d50e72,relationship--9cd323fc-5b81-49ac-9457-4c17292ba25e,
DC0064,Command Execution,x-mitre-data-component--685f917a-e95e-4ba0-ade1-c7d354dae6e0,T1011.001,Exfiltration Over Bluetooth,attack-pattern--613d08bc-e8f4-4791-80b0-c8b974340dfd,True,DET0554,Detection of Bluetooth-Based Data Exfiltration,x-mitre-detection-strategy--267a6c25-8d34-47ae-8357-9ae173adaa13,relationship--7fa3a461-4e83-4a59-9909-479d2879a1a4,
DC0064,Command Execution,x-mitre-data-component--685f917a-e95e-4ba0-ade1-c7d354dae6e0,T1012,Query Registry,attack-pattern--c32f7008-9fea-41f7-8366-5eb9b74bd896,False,DET0209,Detection of Registry Query for Environmental Discovery,x-mitre-detection-strategy--106e32a9-29b7-4ec7-80cf-768662706490,relationship--e4fec267-da7b-4c33-bf87-d3b2fc2b0513,
DC0064,Command Execution,x-mitre-data-component--685f917a-e95e-4ba0-ade1-c7d354dae6e0,T1016,System Network Configuration Discovery,attack-pattern--707399d6-ab3e-4963-9315-d9d3818cd6a0,False,DET0195,Behavioral Detection of System Network Configuration Discovery,x-mitre-detection-strategy--172cff54-a89b-4207-abc2-8d0c9601025e,relationship--229b177b-8a94-4206-b6d9-9c295604df22,
DC0064,Command Execution,x-mitre-data-component--685f917a-e95e-4ba0-ade1-c7d354dae6e0,T1016.001,Internet Connection Discovery,attack-pattern--132d5b37-aac5-4378-a8dc-3127b18a73dc,True,DET0357,Behavioral Detection of Internet Connection Discovery,x-mitre-detection-strategy--24eeb599-bc8c-4e86-9adf-232153bcb14b,relationship--f7e3057f-2ed5-4c48-9c93-d10906d28b39,
DC0064,Command Execution,x-mitre-data-component--685f917a-e95e-4ba0-ade1-c7d354dae6e0,T1016.002,Wi-Fi Discovery,attack-pattern--494ab9f0-36e0-4b06-b10d-57285b040a06,True,DET0464,Behavioral Detection of Wi-Fi Discovery Activity,x-mitre-detection-strategy--baea10fc-7921-4ae2-bfe6-572c3f107303,relationship--4d8df352-7fc2-43a8-93d3-ad7a24f15175,
DC0064,Command Execution,x-mitre-data-component--685f917a-e95e-4ba0-ade1-c7d354dae6e0,T1018,Remote System Discovery,attack-pattern--e358d692-23c0-4a31-9eb6-ecc13a8d7735,False,DET0574,Detection Strategy for Remote System Enumeration Behavior,x-mitre-detection-strategy--9ec6dafe-3e93-4ebb-943e-26b84136f6a9,relationship--1a34cffa-3bac-4b7f-a011-4d09aca360b6,
DC0064,Command Execution,x-mitre-data-component--685f917a-e95e-4ba0-ade1-c7d354dae6e0,T1021,Remote Services,attack-pattern--54a649ff-439a-41a4-9856-8d144a2551ba,False,DET0269,Behavioral Detection Strategy for Remote Service Logins and Post-Access Activity,x-mitre-detection-strategy--d33ffd4e-6328-4b10-84c0-7ad4a241b02d,relationship--84cda73f-83eb-490a-a7ad-1b72f787ecd9,
DC0064,Command Execution,x-mitre-data-component--685f917a-e95e-4ba0-ade1-c7d354dae6e0,T1021.004,SSH,attack-pattern--2db31dcd-54da-405d-acef-b9129b816ed6,True,DET0596,Behavioral Detection of Remote SSH Logins Followed by Post-Login Execution,x-mitre-detection-strategy--5367273a-2f30-413e-a961-1dbd323be5b0,relationship--8111392d-8ec1-466e-9e0b-9e5162c3e857,
DC0064,Command Execution,x-mitre-data-component--685f917a-e95e-4ba0-ade1-c7d354dae6e0,T1021.007,Cloud Services,attack-pattern--8861073d-d1b8-4941-82ce-dce621d398f0,True,DET0008,Behavioral Detection of Remote Cloud Logins via Valid Accounts,x-mitre-detection-strategy--f6e514c0-120a-4ab1-ae3d-aa2de14e4324,relationship--e1f1aacb-bb91-4c5b-befe-5073914bf094,
DC0064,Command Execution,x-mitre-data-component--685f917a-e95e-4ba0-ade1-c7d354dae6e0,T1027,Obfuscated Files or Information,attack-pattern--b3d682b6-98f2-4fb0-aa3b-b4df007ca70a,False,DET0378,Behavioral Detection of Obfuscated Files or Information,x-mitre-detection-strategy--e3758cbb-5dd9-4aad-b848-0539a8c56307,relationship--f1b0ce50-319c-455f-a8b2-a90f32310364,
DC0064,Command Execution,x-mitre-data-component--685f917a-e95e-4ba0-ade1-c7d354dae6e0,T1027.010,Command Obfuscation,attack-pattern--d511a6f6-4a33-41d5-bc95-c343875d1377,True,DET0505,Detection Strategy for Command Obfuscation,x-mitre-detection-strategy--72d668ba-f4d1-43ff-b7b1-0dbad9ec6ed9,relationship--29eaf11e-f8e1-4690-aaff-d147eb8333f7,
DC0064,Command Execution,x-mitre-data-component--685f917a-e95e-4ba0-ade1-c7d354dae6e0,T1027.013,Encrypted/Encoded File,attack-pattern--0d91b3c0-5e50-47c3-949a-2a796f04d144,True,DET0087,Encrypted or Encoded File Payload Detection Strategy,x-mitre-detection-strategy--d70b8fdd-de14-4143-a350-56e3b885b37b,relationship--579a5b5b-38be-48df-8fe7-0718578149fa,
DC0064,Command Execution,x-mitre-data-component--685f917a-e95e-4ba0-ade1-c7d354dae6e0,T1033,System Owner/User Discovery,attack-pattern--03d7999c-1f4c-42cc-8373-e7690d318104,False,DET0093,Behavioral Detection of User Discovery via Local and Remote Enumeration,x-mitre-detection-strategy--050d236f-745a-4801-add6-50cb58248615,relationship--8fdf3a18-e1c3-4db4-8f68-15121c910826,
DC0064,Command Execution,x-mitre-data-component--685f917a-e95e-4ba0-ade1-c7d354dae6e0,T1036,Masquerading,attack-pattern--42e8de7b-37b2-4258-905a-6897815e58e0,False,DET0127,Behavioral Detection of Masquerading Across Platforms via Metadata and Execution Discrepancy,x-mitre-detection-strategy--408aedab-4a23-41ad-809d-fe9c3805b7f6,relationship--f6da021e-aaec-4010-baa9-1a02d9e40f9b,
DC0064,Command Execution,x-mitre-data-component--685f917a-e95e-4ba0-ade1-c7d354dae6e0,T1036.001,Invalid Code Signature,attack-pattern--b4b7458f-81f2-4d38-84be-1c5ba0167a52,True,DET0031,Invalid Code Signature Execution Detection via Metadata and Behavioral Context,x-mitre-detection-strategy--fbf8f0b2-3587-45c3-be8d-d495384075be,relationship--d608ed5f-89d2-4936-900f-c736b071c85d,
DC0064,Command Execution,x-mitre-data-component--685f917a-e95e-4ba0-ade1-c7d354dae6e0,T1036.002,Right-to-Left Override,attack-pattern--77eae145-55db-4519-8ae5-77b0c7215d69,True,DET0527,Right-to-Left Override Masquerading Detection via Filename and Execution Context,x-mitre-detection-strategy--c3c32822-80b2-4399-8e82-15cefaa80333,relationship--3d514683-576d-46c8-b7ab-8bc67f08fc97,
DC0064,Command Execution,x-mitre-data-component--685f917a-e95e-4ba0-ade1-c7d354dae6e0,T1036.003,Rename Legitimate Utilities,attack-pattern--bd5b58a4-a52d-4a29-bc0d-3f1d3968eb6b,True,DET0005,Renamed Legitimate Utility Execution with Metadata Mismatch and Suspicious Path,x-mitre-detection-strategy--c2648552-806d-40ec-8ea7-59f4e44983eb,relationship--33b231d7-a3ef-417e-8cf1-bc10986f1bd1,
DC0064,Command Execution,x-mitre-data-component--685f917a-e95e-4ba0-ade1-c7d354dae6e0,T1037.004,RC Scripts,attack-pattern--dca670cf-eeec-438f-8185-fd959d9ef211,True,DET0237,Detection Strategy for Boot or Logon Initialization Scripts: RC Scripts,x-mitre-detection-strategy--be6a466c-40c6-4611-9b68-7cfcbcb35fb0,relationship--00b2d214-7126-4b80-866c-4321d6ace9b0,
DC0064,Command Execution,x-mitre-data-component--685f917a-e95e-4ba0-ade1-c7d354dae6e0,T1040,Network Sniffing,attack-pattern--3257eb21-f9a7-4430-8de1-d8b6e288f529,False,DET0314,Detection Strategy for Network Sniffing Across Platforms,x-mitre-detection-strategy--49505f6d-b778-4a84-a072-9236b700e7b5,relationship--0dcf6c3b-b899-4ee4-99ad-cad56967f9ca,
DC0064,Command Execution,x-mitre-data-component--685f917a-e95e-4ba0-ade1-c7d354dae6e0,T1048,Exfiltration Over Alternative Protocol,attack-pattern--a19e86f8-1c0a-4fea-8407-23b73d615776,False,DET0131,Behavioral Detection Strategy for Exfiltration Over Alternative Protocol,x-mitre-detection-strategy--ed9ef930-ec1f-4e57-a110-9b647e2ca195,relationship--0bd2a88c-9f76-42a8-be65-ce9706760dec,
DC0064,Command Execution,x-mitre-data-component--685f917a-e95e-4ba0-ade1-c7d354dae6e0,T1048.001,Exfiltration Over Symmetric Encrypted Non-C2 Protocol,attack-pattern--79a4052e-1a89-4b09-aea6-51f1d11fe19c,True,DET0503,Behavioral Detection Strategy for Exfiltration Over Symmetric Encrypted Non-C2 Protocol,x-mitre-detection-strategy--5d368ccf-2946-4a01-bfae-c18064b6187a,relationship--56d9655a-f594-427f-b487-09f3e3d8fca3,
DC0064,Command Execution,x-mitre-data-component--685f917a-e95e-4ba0-ade1-c7d354dae6e0,T1048.002,Exfiltration Over Asymmetric Encrypted Non-C2 Protocol,attack-pattern--8e350c1d-ac79-4b5c-bd4e-7476d7e84ec5,True,DET0512,Detection of Exfiltration Over Asymmetric Encrypted Non-C2 Protocol,x-mitre-detection-strategy--d187b646-5fb3-4d65-a190-e25e2131f802,relationship--9cdfdc91-f659-40f9-af35-404ad07be215,
DC0064,Command Execution,x-mitre-data-component--685f917a-e95e-4ba0-ade1-c7d354dae6e0,T1048.003,Exfiltration Over Unencrypted Non-C2 Protocol,attack-pattern--fb8d023d-45be-47e9-bc51-f56bcae6435b,True,DET0149,Detection of Exfiltration Over Unencrypted Non-C2 Protocol,x-mitre-detection-strategy--a772e6e0-017e-4ceb-b125-4620ac85a5bd,relationship--58e2dcbe-42f7-4c73-b717-696ff56494cb,
DC0064,Command Execution,x-mitre-data-component--685f917a-e95e-4ba0-ade1-c7d354dae6e0,T1049,System Network Connections Discovery,attack-pattern--7e150503-88e7-4861-866b-ff1ac82c4475,False,DET0320,Detection of System Network Connections Discovery Across Platforms,x-mitre-detection-strategy--7c45d09a-030e-4b30-b2d9-41fee3daa293,relationship--e287f030-f0b4-4491-b4c8-d5b5d9057e81,
DC0064,Command Execution,x-mitre-data-component--685f917a-e95e-4ba0-ade1-c7d354dae6e0,T1052,Exfiltration Over Physical Medium,attack-pattern--e6415f09-df0e-48de-9aba-928c902b7549,False,DET0123,Detection of Data Exfiltration via Removable Media,x-mitre-detection-strategy--7ac4c58e-73de-4da1-8fc3-c2ccc511d884,relationship--c5916728-0360-40c3-84f7-0f47a47f828f,
DC0064,Command Execution,x-mitre-data-component--685f917a-e95e-4ba0-ade1-c7d354dae6e0,T1053,Scheduled Task/Job,attack-pattern--35dd844a-b219-4e2b-a6bb-efa9a75995a9,False,DET0094,Cross-Platform Behavioral Detection of Scheduled Task/Job Abuse,x-mitre-detection-strategy--df11466a-27a2-4cb1-bf73-2a3a4aaee0d9,relationship--9f9f4610-d586-4dff-bbca-282297fd5526,
DC0064,Command Execution,x-mitre-data-component--685f917a-e95e-4ba0-ade1-c7d354dae6e0,T1053.002,At,attack-pattern--f3d95a1f-bba2-44ce-9af7-37866cd63fd0,True,DET0333,Cross-Platform Detection of Scheduled Task/Job Abuse via `at` Utility,x-mitre-detection-strategy--ca20fecb-6b8e-49ae-9ecf-19f4edd812ad,relationship--4928c2f8-a102-4a33-9543-8df8ecb8e806,
DC0064,Command Execution,x-mitre-data-component--685f917a-e95e-4ba0-ade1-c7d354dae6e0,T1056.002,GUI Input Capture,attack-pattern--a2029942-0a85-4947-b23c-ca434698171d,True,DET0521,Behavioral Detection of Spoofed GUI Credential Prompts,x-mitre-detection-strategy--909c86ca-ddd0-4e96-8464-39f5f80ef20e,relationship--a6a8076f-c1d4-4b6c-845e-82022cff159c,
DC0064,Command Execution,x-mitre-data-component--685f917a-e95e-4ba0-ade1-c7d354dae6e0,T1057,Process Discovery,attack-pattern--8f4a33ec-8b1f-4b80-a2f6-642b2e479580,False,DET0034,Detection of Adversarial Process Discovery Behavior,x-mitre-detection-strategy--309ca3cd-d3f0-4aea-8932-558550aa89f4,relationship--4da44310-3e7c-4d7c-934e-32d83935f5b0,
DC0064,Command Execution,x-mitre-data-component--685f917a-e95e-4ba0-ade1-c7d354dae6e0,T1059,Command and Scripting Interpreter,attack-pattern--7385dfaf-6886-4229-9ecd-6fd678040830,False,DET0516,Behavioral Detection of Command and Scripting Interpreter Abuse,x-mitre-detection-strategy--8582f5e6-44a5-4950-b7e8-a3e1b6d58d63,relationship--51b6dafa-da43-4f59-aea4-30caa3a10005,
DC0064,Command Execution,x-mitre-data-component--685f917a-e95e-4ba0-ade1-c7d354dae6e0,T1059.001,PowerShell,attack-pattern--970a3432-3237-47ad-bcca-7d8cbb217736,True,DET0455,Abuse of PowerShell for Arbitrary Execution,x-mitre-detection-strategy--72b209e2-8c65-4217-8532-fabd0cb54ae5,relationship--029c6872-0b48-4838-ab3b-3a7c0e637be9,
DC0064,Command Execution,x-mitre-data-component--685f917a-e95e-4ba0-ade1-c7d354dae6e0,T1059.004,Unix Shell,attack-pattern--a9d4b653-6915-42af-98b2-5758c4ceee56,True,DET0384,Behavioral Detection of Unix Shell Execution,x-mitre-detection-strategy--4a89bf52-7be1-405d-8d02-462e52553bc5,relationship--a9b074ff-ade1-47d6-b74b-ed0b14c0a276,
DC0064,Command Execution,x-mitre-data-component--685f917a-e95e-4ba0-ade1-c7d354dae6e0,T1059.005,Visual Basic,attack-pattern--dfd7cc1d-e1d8-4394-a198-97c4cab8aa67,True,DET0076,Behavioral Detection of Visual Basic Execution (VBS/VBA/VBScript),x-mitre-detection-strategy--4a7f1bc4-4396-49e1-9c75-caa6ecd64047,relationship--0700bc4e-dc25-46d5-9ad0-4c64c7a46fbc,
DC0064,Command Execution,x-mitre-data-component--685f917a-e95e-4ba0-ade1-c7d354dae6e0,T1059.006,Python,attack-pattern--cc3502b5-30cc-4473-ad48-42d51a6ef6d1,True,DET0063,Cross-Platform Behavioral Detection of Python Execution,x-mitre-detection-strategy--195e8d37-dfe6-4dc8-8012-dc80984872aa,relationship--c1456815-e466-4af0-9777-210636bb342f,
DC0064,Command Execution,x-mitre-data-component--685f917a-e95e-4ba0-ade1-c7d354dae6e0,T1059.007,JavaScript,attack-pattern--0f4a0c76-ab2d-4cb0-85d3-3f0efb8cba0d,True,DET0264,Cross-Platform Detection of JavaScript Execution Abuse,x-mitre-detection-strategy--6dd441e4-d264-4f7f-b145-9c122955c532,relationship--04ec88c4-d2a0-4d1a-ab06-068dd78fad09,
DC0064,Command Execution,x-mitre-data-component--685f917a-e95e-4ba0-ade1-c7d354dae6e0,T1059.008,Network Device CLI,attack-pattern--818302b2-d640-477b-bf88-873120ce85c4,True,DET0142,Behavioral Detection of CLI Abuse on Network Devices,x-mitre-detection-strategy--ca871237-8615-47b7-9981-92d1d920d346,relationship--a99a0154-fa87-46e6-a681-2e179827b4e1,
DC0064,Command Execution,x-mitre-data-component--685f917a-e95e-4ba0-ade1-c7d354dae6e0,T1059.009,Cloud API,attack-pattern--55bb4471-ff1f-43b4-88c1-c9384ec47abf,True,DET0078,Behavioral Detection of Malicious Cloud API Scripting,x-mitre-detection-strategy--e7bd0f37-f2cf-4e3c-a9c1-c41f63b67e1c,relationship--a26146c9-0c9f-4668-972c-ad607ea1ab0f,
DC0064,Command Execution,x-mitre-data-component--685f917a-e95e-4ba0-ade1-c7d354dae6e0,T1059.011,Lua,attack-pattern--afddee82-3385-4682-ad90-eeced33f2d07,True,DET0101,Detection Strategy for Lua Scripting Abuse,x-mitre-detection-strategy--be7a4dda-a46a-4245-8837-e69946a79d3f,relationship--1561faed-2a13-4416-9cab-06159d35f746,
DC0064,Command Execution,x-mitre-data-component--685f917a-e95e-4ba0-ade1-c7d354dae6e0,T1059.012,Hypervisor CLI,attack-pattern--d2d642da-61ff-4211-b4df-7923c9ca220c,True,DET0558,Detection Strategy for ESXi Hypervisor CLI Abuse,x-mitre-detection-strategy--5307b508-28e8-44c6-9487-212ccd3ab86c,relationship--bc324ee7-e55e-4edd-9f35-fc1a406f9f68,
DC0064,Command Execution,x-mitre-data-component--685f917a-e95e-4ba0-ade1-c7d354dae6e0,T1059.013,Container CLI/API,attack-pattern--c283d88f-8c23-4318-9da5-3d50cecad756,True,DET0083,Container CLI and API Abuse via Docker/Kubernetes (T1059.013),x-mitre-detection-strategy--26580351-9bc3-4e03-b5ad-139d38303707,relationship--72997815-8014-4964-861d-a419d77066c9,
DC0064,Command Execution,x-mitre-data-component--685f917a-e95e-4ba0-ade1-c7d354dae6e0,T1069,Permission Groups Discovery,attack-pattern--15dbf668-795c-41e6-8219-f0447c0e64ce,False,DET0179,Behavioral Detection of Permission Groups Discovery,x-mitre-detection-strategy--685546e7-2ec3-4bfa-9109-86df9fb196ee,relationship--35e5628c-ccc8-49c4-87db-2e683920288b,
DC0064,Command Execution,x-mitre-data-component--685f917a-e95e-4ba0-ade1-c7d354dae6e0,T1069.002,Domain Groups,attack-pattern--2aed01ad-3df3-4410-a8cb-11ea4ded587c,True,DET0360,Behavioral Detection of Domain Group Discovery,x-mitre-detection-strategy--69f22425-2ebb-4f3c-ab4d-fb9c6645f2f7,relationship--cf165471-03e7-4e5f-bcfd-d712b92a9603,
DC0064,Command Execution,x-mitre-data-component--685f917a-e95e-4ba0-ade1-c7d354dae6e0,T1069.003,Cloud Groups,attack-pattern--16e94db9-b5b1-4cd0-b851-f38fbd0a70f2,True,DET0251,Behavioral Detection of Cloud Group Enumeration via API and CLI Access,x-mitre-detection-strategy--55e10a13-d18d-4ce5-a773-c4ec6bd68d52,relationship--337e531c-09c4-46f9-82f8-c2d13b134ac0,
DC0064,Command Execution,x-mitre-data-component--685f917a-e95e-4ba0-ade1-c7d354dae6e0,T1070.003,Clear Command History,attack-pattern--3aef9463-9a7a-43ba-8957-a867e07c1e6a,True,DET0165,Behavioral Detection of Command History Clearing,x-mitre-detection-strategy--dcc65927-b113-4f42-b7bd-adb6caebf24a,relationship--eddaad17-65b1-4c89-a274-1a797080933e,
DC0064,Command Execution,x-mitre-data-component--685f917a-e95e-4ba0-ade1-c7d354dae6e0,T1070.004,File Deletion,attack-pattern--d63a3fb8-9452-4e9d-a60a-54be68d5998c,True,DET0140,Behavioral Detection of Malicious File Deletion,x-mitre-detection-strategy--b96fce76-6b29-4e1c-b8b1-741f45a89fdc,relationship--835140e8-6e8f-4a51-a555-5b602d7b3390,
DC0064,Command Execution,x-mitre-data-component--685f917a-e95e-4ba0-ade1-c7d354dae6e0,T1070.005,Network Share Connection Removal,attack-pattern--a750a9f6-0bde-4bb3-9aae-1e2786e9780c,True,DET0103,Behavioral Detection of Network Share Connection Removal via CLI and SMB Disconnects,x-mitre-detection-strategy--00060b87-7f99-45aa-9553-a4d94139195c,relationship--b414a54d-8cd1-42e7-92b8-4b4f1460ec6a,
DC0064,Command Execution,x-mitre-data-component--685f917a-e95e-4ba0-ade1-c7d354dae6e0,T1070.006,Timestomp,attack-pattern--47f2d673-ca62-47e9-929b-1b0be9657611,True,DET0591,Cross-Platform Behavioral Detection of File Timestomping via Metadata Tampering,x-mitre-detection-strategy--f9d25557-f87b-4920-a98b-8a3c9df4bfce,relationship--b146edce-c62f-45b3-950e-cc428f8cd7ef,
DC0064,Command Execution,x-mitre-data-component--685f917a-e95e-4ba0-ade1-c7d354dae6e0,T1070.007,Clear Network Connection History and Configurations,attack-pattern--3975dbb5-0e1e-4f5b-bae1-cf2ab84b46dc,True,DET0049,Behavioral Detection of Network History and Configuration Tampering,x-mitre-detection-strategy--45ac24cf-b8f4-44d5-97e1-3efe2bf28abc,relationship--2c374f4d-e32c-4676-be99-2265d60bced7,
DC0064,Command Execution,x-mitre-data-component--685f917a-e95e-4ba0-ade1-c7d354dae6e0,T1070.008,Clear Mailbox Data,attack-pattern--438c967d-3996-4870-bfc2-3954752a1927,True,DET0266,Behavioral Detection of Mailbox Data and Log Deletion for Anti-Forensics,x-mitre-detection-strategy--08633541-0006-480a-a2d9-e1c81952cc71,relationship--36707c40-9a27-4d62-8bcb-2ad419b3fa2d,
DC0064,Command Execution,x-mitre-data-component--685f917a-e95e-4ba0-ade1-c7d354dae6e0,T1070.009,Clear Persistence,attack-pattern--d2c4e5ea-dbdf-4113-805a-b1e2a337fb33,True,DET0040,Detection of Persistence Artifact Removal Across Host Platforms,x-mitre-detection-strategy--80eb76bc-6599-4adf-8d8c-8126e7e63d12,relationship--b1a5df9f-7a6e-48f4-b779-cc11e9db0e24,
DC0064,Command Execution,x-mitre-data-component--685f917a-e95e-4ba0-ade1-c7d354dae6e0,T1070.010,Relocate Malware,attack-pattern--cc36eeae-2209-4e63-89d3-c97e19edf280,True,DET0439,Detection of Malware Relocation via Suspicious File Movement,x-mitre-detection-strategy--3fa3299e-a8c2-4555-890b-544314ae1e44,relationship--3008ab46-7c87-49dd-9c56-aa66c54b80af,
DC0064,Command Execution,x-mitre-data-component--685f917a-e95e-4ba0-ade1-c7d354dae6e0,T1071,Application Layer Protocol,attack-pattern--355be19c-ffc9-46d5-8d50-d6a036c675b6,False,DET0444,Detection of Command and Control Over Application Layer Protocols,x-mitre-detection-strategy--155cab5b-c70b-4cfb-ba52-f62a21836b19,relationship--2e32bb11-7263-46e8-b96c-c8769e7001df,
DC0064,Command Execution,x-mitre-data-component--685f917a-e95e-4ba0-ade1-c7d354dae6e0,T1071.001,Web Protocols,attack-pattern--df8b2a25-8bdf-4856-953c-a04372b1c161,True,DET0027,"Detection of Web Protocol-Based C2 Over HTTP, HTTPS, or WebSockets",x-mitre-detection-strategy--e6496b9b-2458-4616-9712-a7c0da7fd3bc,relationship--c392a03d-b4d0-4b2c-aeaa-1b010d916922,
DC0064,Command Execution,x-mitre-data-component--685f917a-e95e-4ba0-ade1-c7d354dae6e0,T1071.002,File Transfer Protocols,attack-pattern--9a60a291-8960-4387-8a4a-2ab5c18bb50b,True,DET0416,"Detection of File Transfer Protocol-Based C2 (FTP, FTPS, SMB, TFTP)",x-mitre-detection-strategy--1fba9af9-8087-4958-90c0-ecdd8c887f6f,relationship--62ad3c77-cf52-4892-b241-9f1d1b44ad5c,
DC0064,Command Execution,x-mitre-data-component--685f917a-e95e-4ba0-ade1-c7d354dae6e0,T1072,Software Deployment Tools,attack-pattern--92a78814-b191-47ca-909c-1ccfe3777414,False,DET0223,Detection of Adversary Abuse of Software Deployment Tools,x-mitre-detection-strategy--ea1f5423-64b9-44eb-824f-251aa0faccd2,relationship--9704367c-1ca3-4b41-b7b7-b3041f6fabbd,
DC0064,Command Execution,x-mitre-data-component--685f917a-e95e-4ba0-ade1-c7d354dae6e0,T1074,Data Staged,attack-pattern--7dd95ff6-712e-4056-9626-312ea4ab4c5e,False,DET0014,Detection of Data Staging Prior to Exfiltration,x-mitre-detection-strategy--11f7fa69-2da4-4280-90d2-abc2f0722683,relationship--f67ae035-646d-4152-aeed-b3b62009e0b2,
DC0064,Command Execution,x-mitre-data-component--685f917a-e95e-4ba0-ade1-c7d354dae6e0,T1074.001,Local Data Staging,attack-pattern--1c34f7aa-9341-4a48-bfab-af22e51aca6c,True,DET0261,Detection of Local Data Staging Prior to Exfiltration,x-mitre-detection-strategy--e91165c5-e850-465e-9042-6ba82478b522,relationship--2d994d7b-b354-4824-bee6-7d3161fe0e8d,
DC0064,Command Execution,x-mitre-data-component--685f917a-e95e-4ba0-ade1-c7d354dae6e0,T1074.002,Remote Data Staging,attack-pattern--359b00ad-9425-420b-bba5-6de8d600cbc0,True,DET0071,Detection of Remote Data Staging Prior to Exfiltration,x-mitre-detection-strategy--20f11806-1639-49c5-ae0b-84633a142870,relationship--a5138396-d20a-4980-8316-ab57d5fb0478,
DC0064,Command Execution,x-mitre-data-component--685f917a-e95e-4ba0-ade1-c7d354dae6e0,T1082,System Information Discovery,attack-pattern--354a7f88-63fb-41b5-a801-ce3b377b36f1,False,DET0525,System Discovery via Native and Remote Utilities,x-mitre-detection-strategy--75161d5e-2b6d-4112-ab4d-338f70ea97f0,relationship--baaaccfe-3c16-4d6b-8b67-279d74ee8da4,
DC0064,Command Execution,x-mitre-data-component--685f917a-e95e-4ba0-ade1-c7d354dae6e0,T1083,File and Directory Discovery,attack-pattern--7bc57495-ea59-4380-be31-a64af124ef18,False,DET0370,Recursive Enumeration of Files and Directories Across Privilege Contexts,x-mitre-detection-strategy--33ab9d0c-5671-48e6-8465-f80560909c65,relationship--a6822af7-4da4-42c4-8649-2789a4127950,
DC0064,Command Execution,x-mitre-data-component--685f917a-e95e-4ba0-ade1-c7d354dae6e0,T1087,Account Discovery,attack-pattern--72b74d71-8169-42aa-92e0-e7b04b9f5a08,False,DET0587,Enumeration of User or Account Information Across Platforms,x-mitre-detection-strategy--fdda430c-e4f6-43ce-95d6-0f97253ff6a2,relationship--6977ce04-33d6-4080-8e9c-ac61a4a48dfa,
DC0064,Command Execution,x-mitre-data-component--685f917a-e95e-4ba0-ade1-c7d354dae6e0,T1087.002,Domain Account,attack-pattern--21875073-b0ee-49e3-9077-1e2a885359af,True,DET0129,Domain Account Enumeration Across Platforms,x-mitre-detection-strategy--50569af3-7910-4591-977e-cbf4caa12cfd,relationship--0e8bdd63-70d5-43c8-a56d-b66d54e7b043,
DC0064,Command Execution,x-mitre-data-component--685f917a-e95e-4ba0-ade1-c7d354dae6e0,T1087.003,Email Account,attack-pattern--4bc31b94-045b-4752-8920-aebaebdb6470,True,DET0229,Enumeration of Global Address Lists via Email Account Discovery,x-mitre-detection-strategy--e2f961bd-ddc5-4940-bc62-e2b0bd3405f8,relationship--5b441a2e-73b1-4397-9f56-66f642dd26e7,
DC0064,Command Execution,x-mitre-data-component--685f917a-e95e-4ba0-ade1-c7d354dae6e0,T1087.004,Cloud Account,attack-pattern--8f104855-e5b7-4077-b1f5-bc3103b41abe,True,DET0386,"Cloud Account Enumeration via API, CLI, and Scripting Interfaces",x-mitre-detection-strategy--880c0a88-bbd5-4d71-b8bd-72fbab7d58b2,relationship--4804e967-8bec-4016-ac4c-fc697216d445,
DC0064,Command Execution,x-mitre-data-component--685f917a-e95e-4ba0-ade1-c7d354dae6e0,T1090,Proxy,attack-pattern--731f4f55-b6d0-41d1-a7a9-072a66389aea,False,DET0445,Detection of Proxy Infrastructure Setup and Traffic Bridging,x-mitre-detection-strategy--5c44619a-da36-4bbd-9730-efceacf2409f,relationship--20b8b8ac-5c86-4dc3-a0e7-394f0e1ed7a9,
DC0064,Command Execution,x-mitre-data-component--685f917a-e95e-4ba0-ade1-c7d354dae6e0,T1090.001,Internal Proxy,attack-pattern--f6dacc85-b37d-458e-b58d-74fc4bbf5755,True,DET0075,Internal Proxy Behavior via Lateral Host-to-Host C2 Relay,x-mitre-detection-strategy--28630b41-d28f-4414-afc8-23cc9ce8696c,relationship--58aa13ea-1fc5-4b98-ba7a-721585eec425,
DC0064,Command Execution,x-mitre-data-component--685f917a-e95e-4ba0-ade1-c7d354dae6e0,T1098.004,SSH Authorized Keys,attack-pattern--6b57dc31-b814-4a03-8706-28bc20d739c4,True,DET0126,Detection Strategy for SSH Key Injection in Authorized Keys,x-mitre-detection-strategy--cf33849d-67f4-418e-9a41-6a6c082e576a,relationship--ace534ca-793e-4d09-8ed1-5d941ac89285,
DC0064,Command Execution,x-mitre-data-component--685f917a-e95e-4ba0-ade1-c7d354dae6e0,T1105,Ingress Tool Transfer,attack-pattern--e6919abc-99f9-4c6c-95a5-14761e7b2add,False,DET0060,Detect Ingress Tool Transfers via Behavioral Chain,x-mitre-detection-strategy--67677c4c-5778-49eb-ae74-1920645b8554,relationship--280c13b6-71c5-4e78-9cef-057528d42589,
DC0064,Command Execution,x-mitre-data-component--685f917a-e95e-4ba0-ade1-c7d354dae6e0,T1114,Email Collection,attack-pattern--1608f3e1-598a-42f4-a01a-2e252e81728f,False,DET0476,Email Collection via Local Email Access and Auto-Forwarding Behavior,x-mitre-detection-strategy--2470975e-6748-42a5-9a48-74dc7b687fe9,relationship--48fe7200-61ea-4d8a-89a9-ddcedf2f3313,
DC0064,Command Execution,x-mitre-data-component--685f917a-e95e-4ba0-ade1-c7d354dae6e0,T1114.002,Remote Email Collection,attack-pattern--b4694861-542c-48ea-9eb1-10d356e7140a,True,DET0048,Detect Remote Email Collection via Abnormal Login and Programmatic Access,x-mitre-detection-strategy--00a515dc-e3be-4349-9c61-65a5c0ce815d,relationship--d55da9ba-38a8-4ded-8896-24f705463e67,
DC0064,Command Execution,x-mitre-data-component--685f917a-e95e-4ba0-ade1-c7d354dae6e0,T1114.003,Email Forwarding Rule,attack-pattern--7d77a07d-02fe-4e88-8bd9-e9c008c01bf0,True,DET0576,Email Forwarding Rule Abuse Detection Across Platforms,x-mitre-detection-strategy--f66a9e86-49fb-4de6-963d-0e357a77f679,relationship--097ad539-3af8-45a7-9804-7f8925c693a3,
DC0064,Command Execution,x-mitre-data-component--685f917a-e95e-4ba0-ade1-c7d354dae6e0,T1124,System Time Discovery,attack-pattern--f3c544dc-673c-4ef3-accb-53229f1ae077,False,DET0151,"Behavior-chain, platform-aware detection strategy for T1124 System Time Discovery",x-mitre-detection-strategy--98ae5e06-7ea5-49b9-b793-7f97b1d306b2,relationship--a471c195-dbf1-4c84-a314-393189769d31,
DC0064,Command Execution,x-mitre-data-component--685f917a-e95e-4ba0-ade1-c7d354dae6e0,T1125,Video Capture,attack-pattern--6faf650d-bf31-4eb4-802d-1000cf38efaf,False,DET0197,"Behavior-chain, platform-aware detection strategy for T1125 Video Capture",x-mitre-detection-strategy--e9ee6ab5-333b-4cea-8637-23360d904472,relationship--2b034b90-9a02-4e29-b943-73b1b49459cb,
DC0064,Command Execution,x-mitre-data-component--685f917a-e95e-4ba0-ade1-c7d354dae6e0,T1132,Data Encoding,attack-pattern--cc7b8c4e-9be0-47ca-b0bb-83915ec3ee2f,False,DET0108,Detection Strategy for Data Encoding in C2 Channels,x-mitre-detection-strategy--d7106707-eee8-443f-b106-e7eff58a739e,relationship--ebab4fe1-721f-40f5-9d24-cd8744bdc151,
DC0064,Command Execution,x-mitre-data-component--685f917a-e95e-4ba0-ade1-c7d354dae6e0,T1135,Network Share Discovery,attack-pattern--3489cfc5-640f-4bb3-a103-9137b97de79f,False,DET0182,"Behavior-chain detection for T1135 Network Share Discovery across Windows, Linux, and macOS",x-mitre-detection-strategy--e7870b55-7420-444a-9751-99fb5fbf4cd9,relationship--1170753c-b8d9-4bd8-a3d7-e09882b53897,
DC0064,Command Execution,x-mitre-data-component--685f917a-e95e-4ba0-ade1-c7d354dae6e0,T1136,Create Account,attack-pattern--e01be9c5-e763-4caf-aeb7-000b416aef67,False,DET0583,Detection Strategy for T1136 - Create Account across platforms,x-mitre-detection-strategy--552bacaa-9df5-4c95-83de-a7d1948003b5,relationship--bd9b60eb-dc7a-4806-b882-040b17e4f5b4,
DC0064,Command Execution,x-mitre-data-component--685f917a-e95e-4ba0-ade1-c7d354dae6e0,T1136.001,Local Account,attack-pattern--635cbe30-392d-4e27-978e-66774357c762,True,DET0447,T1136.001 Detection Strategy - Local Account Creation Across Platforms,x-mitre-detection-strategy--2250ba04-1b95-4c72-9373-d87e8c1d7869,relationship--5e84ad25-7f2e-406e-943e-06ff9b53d3a6,
DC0064,Command Execution,x-mitre-data-component--685f917a-e95e-4ba0-ade1-c7d354dae6e0,T1136.002,Domain Account,attack-pattern--7610cada-1499-41a4-b3dd-46467b68d177,True,DET0003,T1136.002 Detection Strategy - Domain Account Creation Across Platforms,x-mitre-detection-strategy--aae40136-73f7-45e8-a37f-104ae7155bbe,relationship--140e6844-f9bb-4e31-bb57-370d1fd830f3,
DC0064,Command Execution,x-mitre-data-component--685f917a-e95e-4ba0-ade1-c7d354dae6e0,T1137.001,Office Template Macros,attack-pattern--79a47ad0-fc3b-4821-9f01-a026b1ddba21,True,DET0519,Detect Persistence via Office Template Macro Injection or Registry Hijack,x-mitre-detection-strategy--e04f7ddf-6a1e-4731-afd6-5edb74f4c624,relationship--0411dd33-93d8-4709-816d-c05b31a0b721,
DC0064,Command Execution,x-mitre-data-component--685f917a-e95e-4ba0-ade1-c7d354dae6e0,T1137.002,Office Test,attack-pattern--ed7efd4d-ce28-4a19-a8e6-c58011eb2c7a,True,DET0315,Detect Persistence via Office Test Registry DLL Injection,x-mitre-detection-strategy--cb0a01e5-d88a-4ac8-a70a-1472c5dccd10,relationship--579ccb1f-91d2-4933-9067-6f07af17446d,
DC0064,Command Execution,x-mitre-data-component--685f917a-e95e-4ba0-ade1-c7d354dae6e0,T1137.003,Outlook Forms,attack-pattern--a9e2cea0-c805-4bf8-9e31-f5f0513a3634,True,DET0029,Detect Persistence via Outlook Custom Forms Triggered by Malicious Email,x-mitre-detection-strategy--75281b94-735d-4051-b400-a42205783af9,relationship--d6c34c5f-2c37-4bb3-8efa-b9797a1eef2b,
DC0064,Command Execution,x-mitre-data-component--685f917a-e95e-4ba0-ade1-c7d354dae6e0,T1137.004,Outlook Home Page,attack-pattern--bf147104-abf9-4221-95d1-e81585859441,True,DET0177,Detect Persistence via Outlook Home Page Exploitation,x-mitre-detection-strategy--e55f4e4b-80c0-4a2b-8202-659d29bbba33,relationship--48d0a0ac-28e4-43b6-824f-a7626cfc1798,
DC0064,Command Execution,x-mitre-data-component--685f917a-e95e-4ba0-ade1-c7d354dae6e0,T1137.005,Outlook Rules,attack-pattern--3d1b9d7e-3921-4d25-845a-7d9f15c0da44,True,DET0095,Detect Persistence via Malicious Outlook Rules,x-mitre-detection-strategy--83a814c2-73ac-4942-84ad-704a272cd864,relationship--4e14e9ea-2620-4efe-8c8a-594fe8a8dfdc,
DC0064,Command Execution,x-mitre-data-component--685f917a-e95e-4ba0-ade1-c7d354dae6e0,T1137.006,Add-ins,attack-pattern--34f1d81d-fe88-4f97-bd3b-a3164536255d,True,DET0050,Detect Persistence via Malicious Office Add-ins,x-mitre-detection-strategy--53144b02-d6b1-42de-b5cf-e785a59c43bd,relationship--ce52ceb4-fced-4ec9-8e0a-8c1a1f871a64,
DC0064,Command Execution,x-mitre-data-component--685f917a-e95e-4ba0-ade1-c7d354dae6e0,T1140,Deobfuscate/Decode Files or Information,attack-pattern--3ccef7ae-cb5e-48f6-8302-897105fbf55c,False,DET0275,Detect Adversary Deobfuscation or Decoding of Files and Payloads,x-mitre-detection-strategy--5b3bf2de-d91e-4272-97a8-5df6f4071e45,relationship--9c92cb61-d6a7-4dc3-9bf8-1ebcc1b2cc73,
DC0064,Command Execution,x-mitre-data-component--685f917a-e95e-4ba0-ade1-c7d354dae6e0,T1176,Software Extensions,attack-pattern--389735f1-f21c-4208-b8f0-f8031e7169b8,False,DET0092,Detection of Malicious or Unauthorized Software Extensions,x-mitre-detection-strategy--eaa0f0da-bee7-4ce3-97e5-46d5ac2a9257,relationship--fcd8e924-69a3-4c53-b9c0-e30738e54c61,
DC0064,Command Execution,x-mitre-data-component--685f917a-e95e-4ba0-ade1-c7d354dae6e0,T1176.001,Browser Extensions,attack-pattern--278716b1-61ce-4a74-8d17-891d0c494101,True,DET0044,Detecting Malicious Browser Extensions Across Platforms,x-mitre-detection-strategy--101e19ca-f902-4c2d-8ceb-ddd07a43f1a7,relationship--427c5505-813e-488c-92b3-2e3c15170605,
DC0064,Command Execution,x-mitre-data-component--685f917a-e95e-4ba0-ade1-c7d354dae6e0,T1197,BITS Jobs,attack-pattern--c8e87b83-edbb-48d4-9295-4974897525b7,False,DET0098,"Detect abuse of Windows BITS Jobs for download, execution and persistence",x-mitre-detection-strategy--de9fde27-426b-4cb1-afcd-dbe1f7d4273f,relationship--0967546e-b205-4de2-92eb-2847cb4ad94e,
DC0064,Command Execution,x-mitre-data-component--685f917a-e95e-4ba0-ade1-c7d354dae6e0,T1201,Password Policy Discovery,attack-pattern--b6075259-dba3-44e9-87c7-e954f37ec0d5,False,DET0161,Password Policy Discovery – cross-platform behavior-chain analytics,x-mitre-detection-strategy--72742281-7457-4124-a277-7f3cf5e23f4e,relationship--61c33856-75d9-403c-a31c-e7ef853f0796,
DC0064,Command Execution,x-mitre-data-component--685f917a-e95e-4ba0-ade1-c7d354dae6e0,T1204.003,Malicious Image,attack-pattern--b0c74ef9-c61e-4986-88cb-78da98a355ec,True,DET0248,User Execution – Malicious Image (containers & IaaS) – pull/run → start → anomalous behavior (T1204.003),x-mitre-detection-strategy--ee7bd8ff-fbfd-4bb2-9d23-cf3f6ed342c7,relationship--3ce513f0-6c41-477f-a35d-42d0ec2f8171,
DC0064,Command Execution,x-mitre-data-component--685f917a-e95e-4ba0-ade1-c7d354dae6e0,T1204.004,Malicious Copy and Paste,attack-pattern--e261a979-f354-41a8-963e-6cadac27c4bf,True,DET0340,User Execution – Malicious Copy & Paste (browser/email → shell with obfuscated one-liner) – T1204.004,x-mitre-detection-strategy--0dabfa5e-9c35-48ec-b825-ff1cce7a3d00,relationship--733c50f9-bc54-4eb0-9cd7-7fa341a4613d,
DC0064,Command Execution,x-mitre-data-component--685f917a-e95e-4ba0-ade1-c7d354dae6e0,T1205,Traffic Signaling,attack-pattern--451a9977-d255-43c9-b431-66de80130c8c,False,DET0524,Traffic Signaling (Port-knock / magic-packet → firewall or service activation) – T1205,x-mitre-detection-strategy--1e601759-c5d1-45cc-97a1-972967426794,relationship--b014be93-7f58-428b-9612-069d50c1a9e8,
DC0064,Command Execution,x-mitre-data-component--685f917a-e95e-4ba0-ade1-c7d354dae6e0,T1213,Data from Information Repositories,attack-pattern--d28ef391-8ed4-45dc-bc4a-2f43abf54416,False,DET0413,Abuse of Information Repositories for Data Collection,x-mitre-detection-strategy--48e8d8b1-0117-48bd-a32d-f4e43b665bf3,relationship--9f605e91-c94f-48b0-ab9f-1d692649eca5,
DC0064,Command Execution,x-mitre-data-component--685f917a-e95e-4ba0-ade1-c7d354dae6e0,T1216,System Script Proxy Execution,attack-pattern--f6fe9070-7a65-49ea-ae72-76292f42cebe,False,DET0466,Detection of Script-Based Proxy Execution via Signed Microsoft Utilities,x-mitre-detection-strategy--8ac2b0d0-a589-4c72-9287-a7d9e47065a9,relationship--68bf73c0-0448-4931-852b-36bdb10afb64,
DC0064,Command Execution,x-mitre-data-component--685f917a-e95e-4ba0-ade1-c7d354dae6e0,T1216.001,PubPrn,attack-pattern--09cd431f-eaf4-4d2a-acaf-2a7acfe7ed58,True,DET0528,Detecting Remote Script Proxy Execution via PubPrn.vbs,x-mitre-detection-strategy--4e2e06c5-a7bd-40d9-af9b-99fdfe725360,relationship--6132ea93-9152-432c-897c-cb3d36b599d2,
DC0064,Command Execution,x-mitre-data-component--685f917a-e95e-4ba0-ade1-c7d354dae6e0,T1216.002,SyncAppvPublishingServer,attack-pattern--e6f19759-dde3-47fc-99cc-d9f5fa4ade60,True,DET0440,Detecting PowerShell Execution via SyncAppvPublishingServer.vbs Proxy Abuse,x-mitre-detection-strategy--ba3578d1-5913-4ed1-ab83-473a39b63f7d,relationship--c71a06a1-1259-42de-b8d7-4599a228c7af,
DC0064,Command Execution,x-mitre-data-component--685f917a-e95e-4ba0-ade1-c7d354dae6e0,T1217,Browser Information Discovery,attack-pattern--5e4a2073-9643-44cb-a0b5-e7f4048446c7,False,DET0013,Detection of Local Browser Artifact Access for Reconnaissance,x-mitre-detection-strategy--3e5e2bda-40c0-4aea-90f1-8fc52096ad5e,relationship--48832f2d-d088-4d32-b41d-b15030559f96,
DC0064,Command Execution,x-mitre-data-component--685f917a-e95e-4ba0-ade1-c7d354dae6e0,T1218.003,CMSTP,attack-pattern--4cbc6a62-9e34-4f94-8a19-5c1a11392a49,True,DET0328,Detection of Malicious Profile Installation via CMSTP.exe,x-mitre-detection-strategy--c254ecff-c728-4de8-a0f8-e5ad5015aa32,relationship--92a59f27-7dbc-4da9-b17e-816cb90fca1d,
DC0064,Command Execution,x-mitre-data-component--685f917a-e95e-4ba0-ade1-c7d354dae6e0,T1218.004,InstallUtil,attack-pattern--2cd950a6-16c4-404a-aa01-044322395107,True,DET0138,Detection of Malicious Code Execution via InstallUtil.exe,x-mitre-detection-strategy--7f7679d8-c2eb-4fcc-be46-27055ef491a6,relationship--a78534d4-b98e-4acd-8e51-337d5bb7877c,
DC0064,Command Execution,x-mitre-data-component--685f917a-e95e-4ba0-ade1-c7d354dae6e0,T1218.009,Regsvcs/Regasm,attack-pattern--c48a67ee-b657-45c1-91bf-6cdbe27205f8,True,DET0361,Detecting .NET COM Registration Abuse via Regsvcs/Regasm,x-mitre-detection-strategy--9c03f003-b859-42c6-b16d-c0979dfc202b,relationship--23d3f30e-9f30-4411-abba-04d31573205a,
DC0064,Command Execution,x-mitre-data-component--685f917a-e95e-4ba0-ade1-c7d354dae6e0,T1218.013,Mavinject,attack-pattern--1bae753e-8e52-4055-a66d-2ead90303ca9,True,DET0433,Detecting Code Injection via mavinject.exe (App-V Injector),x-mitre-detection-strategy--621ecbd0-a183-4dbd-913c-656436e62c1d,relationship--c313a043-5713-49d7-a13a-56af37ce46dd,
DC0064,Command Execution,x-mitre-data-component--685f917a-e95e-4ba0-ade1-c7d354dae6e0,T1218.014,MMC,attack-pattern--ffbcfdb0-de22-4106-9ed3-fc23c8a01407,True,DET0222,Detecting MMC (.msc) Proxy Execution and Malicious COM Activation,x-mitre-detection-strategy--f4560945-d62f-48b6-ae94-dcd93c471c45,relationship--e79ec747-79ad-4467-ae3b-724da019de1d,
DC0064,Command Execution,x-mitre-data-component--685f917a-e95e-4ba0-ade1-c7d354dae6e0,T1222,File and Directory Permissions Modification,attack-pattern--65917ae0-b854-4139-83fe-bf2441cf0196,False,DET0299,Multi-Platform File and Directory Permissions Modification Detection Strategy,x-mitre-detection-strategy--682ddf59-6de3-4765-a1c0-09b539fa5d4f,relationship--3f78696b-0ec4-4d0c-9e65-5bb26ee3ebe7,
DC0064,Command Execution,x-mitre-data-component--685f917a-e95e-4ba0-ade1-c7d354dae6e0,T1222.001,Windows File and Directory Permissions Modification,attack-pattern--34e793de-0274-4982-9c1a-246ed1c19dee,True,DET0418,Windows DACL Manipulation Behavioral Chain Detection Strategy,x-mitre-detection-strategy--a1b25828-57bf-470c-8f47-8ad4e1f6bbdb,relationship--6f2a1b10-44ce-4ce5-bf9a-7af20837ff10,
DC0064,Command Execution,x-mitre-data-component--685f917a-e95e-4ba0-ade1-c7d354dae6e0,T1222.002,Linux and Mac File and Directory Permissions Modification,attack-pattern--09b130a2-a77e-4af0-a361-f46f9aad1345,True,DET0351,Unix-like File Permission Manipulation Behavioral Chain Detection Strategy,x-mitre-detection-strategy--3243e976-0cf8-4f18-8b50-38b9ee5bfc4c,relationship--5189c69d-5296-4ed3-8d69-f5a7c732070c,
DC0064,Command Execution,x-mitre-data-component--685f917a-e95e-4ba0-ade1-c7d354dae6e0,T1480,Execution Guardrails,attack-pattern--853c4192-4311-43e1-bfbb-b11b14911852,False,DET0562,Multi-Platform Execution Guardrails Environmental Validation Detection Strategy,x-mitre-detection-strategy--99bdd6d6-ebef-40e2-83d2-2f39408c82e3,relationship--d1b82c9a-003e-4eb2-b34d-d2b2dbbebe19,
DC0064,Command Execution,x-mitre-data-component--685f917a-e95e-4ba0-ade1-c7d354dae6e0,T1480.001,Environmental Keying,attack-pattern--f244b8dd-af6c-4391-a497-fc03627ce995,True,DET0474,Environmental Keying Discovery-to-Decryption Behavioral Chain Detection Strategy,x-mitre-detection-strategy--a59f4a44-d581-4026-802d-5dc5c0c9f7d5,relationship--a7c4fd3b-02cd-496d-a633-a9cd23eb8115,
DC0064,Command Execution,x-mitre-data-component--685f917a-e95e-4ba0-ade1-c7d354dae6e0,T1482,Domain Trust Discovery,attack-pattern--767dbf9e-df3f-45cb-8998-4903ab5f80c0,False,DET0007,"Detection of Domain Trust Discovery via API, Script, and CLI Enumeration",x-mitre-detection-strategy--3414f3b8-17a2-438c-8bbc-a261a04da8bc,relationship--fee2c7b4-9246-4abb-af00-64175d16fc8d,
DC0064,Command Execution,x-mitre-data-component--685f917a-e95e-4ba0-ade1-c7d354dae6e0,T1484.002,Trust Modification,attack-pattern--24769ab5-14bd-4f4e-a752-cfb185da53ee,True,DET0458,Detection of Trust Relationship Modifications in Domain or Tenant Policies,x-mitre-detection-strategy--9e93c9d8-3e37-45ae-88d5-12914d98ba5a,relationship--9bf2d865-47fe-447d-b49f-1cfbcb92feca,
DC0064,Command Execution,x-mitre-data-component--685f917a-e95e-4ba0-ade1-c7d354dae6e0,T1485,Data Destruction,attack-pattern--d45a3d09-b3cf-48f4-9f0f-f521ee5cb05c,False,DET0146,Detection of Data Destruction Across Platforms via Mass Overwrite and Deletion Patterns,x-mitre-detection-strategy--c54fdf95-c7ac-4ca4-bd99-273e56da20a5,relationship--31ece083-4856-4057-bfca-5dd17221b34b,
DC0064,Command Execution,x-mitre-data-component--685f917a-e95e-4ba0-ade1-c7d354dae6e0,T1486,Data Encrypted for Impact,attack-pattern--b80d107d-fa0d-4b60-9684-b0433e8bdba0,False,DET0215,Detection of Multi-Platform File Encryption for Impact,x-mitre-detection-strategy--d080a1b1-5ad1-45a1-8f7b-b736986c20d9,relationship--245046a7-adc8-4a5a-84b4-e0af6c3b8dc7,
DC0064,Command Execution,x-mitre-data-component--685f917a-e95e-4ba0-ade1-c7d354dae6e0,T1490,Inhibit System Recovery,attack-pattern--f5d8eed6-48a9-4cdf-a3d7-d1ffa99c3d2a,False,DET0329,Behavioral Detection for T1490 - Inhibit System Recovery,x-mitre-detection-strategy--b13116ed-e9c0-4cd5-81f6-676074078477,relationship--e34bd177-1fb3-46fe-adc1-d40f6538aae7,
DC0064,Command Execution,x-mitre-data-component--685f917a-e95e-4ba0-ade1-c7d354dae6e0,T1491.001,Internal Defacement,attack-pattern--8c41090b-aa47-4331-986b-8c9a51a91103,True,DET0082,Internal Website and System Content Defacement via UI or Messaging Modifications,x-mitre-detection-strategy--c8b4a2e4-386f-45b3-b32a-8ca4113e5592,relationship--0222a8bd-9f8c-45f0-9d1b-cb0a2bd3c408,
DC0064,Command Execution,x-mitre-data-component--685f917a-e95e-4ba0-ade1-c7d354dae6e0,T1497,Virtualization/Sandbox Evasion,attack-pattern--82caa33e-d11a-433a-94ea-9b5a5fbef81d,False,DET0046,Detection Strategy for T1497 Virtualization/Sandbox Evasion,x-mitre-detection-strategy--7f5dde79-7872-48dd-8718-cd2e10d7cbfc,relationship--3a1c35eb-615c-4c4a-98ee-ca2b9d25fb01,
DC0064,Command Execution,x-mitre-data-component--685f917a-e95e-4ba0-ade1-c7d354dae6e0,T1497.002,User Activity Based Checks,attack-pattern--91541e7e-b969-40c6-bbd8-1b5352ec2938,True,DET0420,Detect User Activity Based Sandbox Evasion via Input & Artifact Probing,x-mitre-detection-strategy--5463d676-c300-4ab8-9980-d3ed37ac4723,relationship--0e9828c1-9cf3-44a2-b079-41bb6fa79656,
DC0064,Command Execution,x-mitre-data-component--685f917a-e95e-4ba0-ade1-c7d354dae6e0,T1498.002,Reflection Amplification,attack-pattern--36b2a1d7-e09e-49bf-b45e-477076c2ec01,True,DET0408,Detection Strategy for Reflection Amplification DoS (T1498.002),x-mitre-detection-strategy--20f5a44b-e9bb-48e9-9bea-e7a3d757005f,relationship--dc306a42-ed88-4bd8-9c12-7cceabe67490,
DC0064,Command Execution,x-mitre-data-component--685f917a-e95e-4ba0-ade1-c7d354dae6e0,T1505,Server Software Component,attack-pattern--d456de47-a16f-4e46-8980-e67478a12dcb,False,DET0547,Detection Strategy for T1505 - Server Software Component,x-mitre-detection-strategy--27b606f9-dde4-456c-8d90-51289313994f,relationship--18790331-6ac1-4274-b7ef-129b7c4b1c7c,
DC0064,Command Execution,x-mitre-data-component--685f917a-e95e-4ba0-ade1-c7d354dae6e0,T1505.002,Transport Agent,attack-pattern--35187df2-31ed-43b6-a1f5-2f1d3d58d3f1,True,DET0166,Detection Strategy for T1505.002 - Transport Agent Abuse (Windows/Linux),x-mitre-detection-strategy--90ee8005-5476-422f-abe0-6c231f004cd6,relationship--91401670-9f34-4ba3-8e54-690c2d700021,
DC0064,Command Execution,x-mitre-data-component--685f917a-e95e-4ba0-ade1-c7d354dae6e0,T1505.006,vSphere Installation Bundles,attack-pattern--f8ba7d61-11c5-4130-bafd-7c3ff5fbf4b5,True,DET0535,Detect Abuse of vSphere Installation Bundles (VIBs) for Persistent Access,x-mitre-detection-strategy--000d7b6f-0bb5-4144-a3eb-1aa822433da1,relationship--01afe57f-87a3-4745-886d-58c3c347a1db,
DC0064,Command Execution,x-mitre-data-component--685f917a-e95e-4ba0-ade1-c7d354dae6e0,T1518,Software Discovery,attack-pattern--e3b6daca-e963-4a69-aee6-ed4fd653ad58,False,DET0392,Multi-Platform Software Discovery Behavior Chain,x-mitre-detection-strategy--f18dee58-43be-41e4-85a3-c6820033ac0d,relationship--c4196ba6-3955-4c94-8224-a8d12708e248,
DC0064,Command Execution,x-mitre-data-component--685f917a-e95e-4ba0-ade1-c7d354dae6e0,T1518.001,Security Software Discovery,attack-pattern--cba37adb-d6fb-4610-b069-dd04c0643384,True,DET0016,Security Software Discovery Across Platforms,x-mitre-detection-strategy--e2409f82-e24c-4bb9-ad44-b20d97fb7a5a,relationship--9657d3dc-1528-4b7b-99a6-1eae73783d8e,
DC0064,Command Execution,x-mitre-data-component--685f917a-e95e-4ba0-ade1-c7d354dae6e0,T1529,System Shutdown/Reboot,attack-pattern--ff73aa03-0090-4464-83ac-f89e233c02bc,False,DET0559,Multi-Platform Shutdown or Reboot Detection via Execution and Host Status Events,x-mitre-detection-strategy--2a464ecb-46ef-41f0-8ab6-a97a99ad0559,relationship--a50b52d6-3634-4b87-8169-673ec219ce0b,
DC0064,Command Execution,x-mitre-data-component--685f917a-e95e-4ba0-ade1-c7d354dae6e0,T1531,Account Access Removal,attack-pattern--b24e2a20-3b3d-4bf0-823b-1ed765398fb0,False,DET0120,Account Access Removal via Multi-Platform Audit Correlation,x-mitre-detection-strategy--655a8556-c82d-4148-b52a-7bc48fe7ce20,relationship--5f0be570-0bb8-4d1a-913c-9fe95e22ea9b,
DC0064,Command Execution,x-mitre-data-component--685f917a-e95e-4ba0-ade1-c7d354dae6e0,T1534,Internal Spearphishing,attack-pattern--9e7452df-5144-4b6e-b04a-b66dd4016747,False,DET0054,Internal Spearphishing via Trusted Accounts,x-mitre-detection-strategy--acc27d20-8aad-42ce-b928-6cda3c22e51b,relationship--6e565457-f873-40b8-aa6a-b1b59f31a47a,
DC0064,Command Execution,x-mitre-data-component--685f917a-e95e-4ba0-ade1-c7d354dae6e0,T1542,Pre-OS Boot,attack-pattern--7f0ca133-88c4-40c6-a62f-b3083a7fbc2e,False,DET0278,Detection Strategy for T1542 Pre-OS Boot,x-mitre-detection-strategy--abf6c96c-09f3-4bea-a5b7-1177f99881bc,relationship--31295488-09cd-4a34-a7e1-88f47fdef79e,
DC0064,Command Execution,x-mitre-data-component--685f917a-e95e-4ba0-ade1-c7d354dae6e0,T1542.005,TFTP Boot,attack-pattern--28abec6c-4443-4b03-8206-07f2e264a6b4,True,DET0582,Detection Strategy for T1542.005 Pre-OS Boot: TFTP Boot,x-mitre-detection-strategy--8f6ddd50-aeb8-48ae-8f4a-83b314829ca3,relationship--916d2916-f484-4d91-a454-1822f0b39769,
DC0064,Command Execution,x-mitre-data-component--685f917a-e95e-4ba0-ade1-c7d354dae6e0,T1543,Create or Modify System Process,attack-pattern--106c0cf6-bf73-4601-9aa8-0945c2715ec5,False,DET0571,Detection of System Process Creation or Modification Across Platforms,x-mitre-detection-strategy--dab6c58b-2f44-4539-93e1-b03990fc1649,relationship--f2f4bc4a-1f7a-4cb8-8635-d8461de4480c,
DC0064,Command Execution,x-mitre-data-component--685f917a-e95e-4ba0-ade1-c7d354dae6e0,T1543.001,Launch Agent,attack-pattern--d10cbd34-42e3-45c0-84d2-535a09849584,True,DET0434,Detection of Launch Agent Creation or Modification on macOS,x-mitre-detection-strategy--4dbd7441-627f-4d5a-a060-28fe6a8cbb9e,relationship--0f6c39d6-ff29-4c5d-8427-53eaa02617f0,
DC0064,Command Execution,x-mitre-data-component--685f917a-e95e-4ba0-ade1-c7d354dae6e0,T1543.002,Systemd Service,attack-pattern--dfefe2ed-4389-4318-8762-f0272b350a1b,True,DET0253,Detection of Systemd Service Creation or Modification on Linux,x-mitre-detection-strategy--3c335443-c161-4149-9c85-d7a014550099,relationship--03591820-bd88-4ad5-8d1b-11e8f28d495e,
DC0064,Command Execution,x-mitre-data-component--685f917a-e95e-4ba0-ade1-c7d354dae6e0,T1546,Event Triggered Execution,attack-pattern--b6301b64-ef57-4cce-bb0b-77026f14a8db,False,DET0010,Behavioral Detection of Event Triggered Execution Across Platforms,x-mitre-detection-strategy--c5e3823f-5ee0-43db-b6fa-b63d6587b24c,relationship--e6a8c456-3c2e-44a6-8614-b5c3e7cb4d98,
DC0064,Command Execution,x-mitre-data-component--685f917a-e95e-4ba0-ade1-c7d354dae6e0,T1546.013,PowerShell Profile,attack-pattern--0f2c410d-d740-4ed9-abb1-b8f4a7faf6c3,True,DET0451,Detection Strategy for PowerShell Profile Persistence via profile.ps1 Modification,x-mitre-detection-strategy--f31ad178-1f54-41a6-b286-8040e7eb7158,relationship--bfe24cb5-f0d2-44e8-b576-b0550df5e75f,
DC0064,Command Execution,x-mitre-data-component--685f917a-e95e-4ba0-ade1-c7d354dae6e0,T1546.014,Emond,attack-pattern--9c45eaa3-8604-4780-8988-b5074dbb9ecd,True,DET0555,Detection Strategy for Event Triggered Execution via emond on macOS,x-mitre-detection-strategy--f0ef3932-5f60-4dfc-9725-8639d67349cc,relationship--a8e4b20c-1909-4e84-ac37-1132d6ddc178,
DC0064,Command Execution,x-mitre-data-component--685f917a-e95e-4ba0-ade1-c7d354dae6e0,T1546.017,Udev Rules,attack-pattern--f4c3f644-ab33-433d-8648-75cc03a95792,True,DET0375,Detection Strategy for T1546.017 - Udev Rules (Linux),x-mitre-detection-strategy--408fb023-a9d7-473c-8db8-a7d3c66eded7,relationship--ead170a2-4988-4931-a899-0ff26cd815a0,
DC0064,Command Execution,x-mitre-data-component--685f917a-e95e-4ba0-ade1-c7d354dae6e0,T1547.006,Kernel Modules and Extensions,attack-pattern--a1b52199-c8c5-438a-9ded-656f1d0888c6,True,DET0450,Detection Strategy for Kernel Modules and Extensions Autostart Execution,x-mitre-detection-strategy--df1da8e4-cabf-42f0-8f5f-2fa8086b1423,relationship--0fd967ee-9c2d-45ef-acfb-61ac5a909eaa,
DC0064,Command Execution,x-mitre-data-component--685f917a-e95e-4ba0-ade1-c7d354dae6e0,T1548.001,Setuid and Setgid,attack-pattern--6831414d-bb70-42b7-8030-d4e06b2660c9,True,DET0110,Setuid/Setgid Privilege Abuse Detection (Linux/macOS),x-mitre-detection-strategy--bc8cd246-1521-4643-a07e-428d45093b38,relationship--94c7fefd-f7f1-4984-b0af-12c6cf9cdbf5,
DC0064,Command Execution,x-mitre-data-component--685f917a-e95e-4ba0-ade1-c7d354dae6e0,T1548.003,Sudo and Sudo Caching,attack-pattern--1365fe3b-0f50-455d-b4da-266ce31c23b0,True,DET0052,Behavioral Detection Strategy for Abuse of Sudo and Sudo Caching,x-mitre-detection-strategy--31f41970-898c-4c64-b018-e03eabb81916,relationship--03a824e7-d39f-4286-9833-525b81bc63d4,
DC0064,Command Execution,x-mitre-data-component--685f917a-e95e-4ba0-ade1-c7d354dae6e0,T1548.006,TCC Manipulation,attack-pattern--e8a0a025-3601-4755-abfb-8d08283329fb,True,DET0534,TCC Database Manipulation via Launchctl and Unprotected SIP,x-mitre-detection-strategy--f1fdcaa2-7040-4cea-a934-7397566a312b,relationship--114f8e08-4e45-4e20-aad7-d7b265a9f5f2,
DC0064,Command Execution,x-mitre-data-component--685f917a-e95e-4ba0-ade1-c7d354dae6e0,T1552,Unsecured Credentials,attack-pattern--435dfb86-2697-4867-85b5-2fef496c0517,False,DET0412,Detect Access or Search for Unsecured Credentials Across Platforms,x-mitre-detection-strategy--d1912fbc-aaac-4bb1-82f1-0713280ca9a1,relationship--9a673d77-b594-4115-9ffa-b1b38cf6de18,
DC0064,Command Execution,x-mitre-data-component--685f917a-e95e-4ba0-ade1-c7d354dae6e0,T1552.001,Credentials In Files,attack-pattern--837f9164-50af-4ac0-8219-379d8a74cefc,True,DET0307,Detect Access to Unsecured Credential Files Across Platforms,x-mitre-detection-strategy--b34a9911-8261-45b4-af09-3885f9b82cc6,relationship--eb816beb-0df8-4b41-840b-891bd1cf0ffa,
DC0064,Command Execution,x-mitre-data-component--685f917a-e95e-4ba0-ade1-c7d354dae6e0,T1552.004,Private Keys,attack-pattern--60b508a1-6a5e-46b1-821a-9f7b78752abf,True,DET0549,Detect Suspicious Access to Private Key Files and Export Attempts Across Platforms,x-mitre-detection-strategy--84b5d372-eedb-4b69-bf78-9d4815e2b2b7,relationship--8895c536-acb4-4c5c-b6dd-d4b9fe2f95b9,
DC0064,Command Execution,x-mitre-data-component--685f917a-e95e-4ba0-ade1-c7d354dae6e0,T1552.007,Container API,attack-pattern--f8ef3a62-3f44-40a4-abca-761ab235c436,True,DET0198,Detect Abuse of Container APIs for Credential Access,x-mitre-detection-strategy--8ca072de-1c09-4e19-acd2-e4228681030c,relationship--5f89a15d-ac8b-49ab-9410-dbc9f5931f05,
DC0064,Command Execution,x-mitre-data-component--685f917a-e95e-4ba0-ade1-c7d354dae6e0,T1553,Subvert Trust Controls,attack-pattern--b83e166d-13d7-4b52-8677-dff90c548fd7,False,DET0452,"Detect Subversion of Trust Controls via Certificate, Registry, and Attribute Manipulation",x-mitre-detection-strategy--73cde34a-247f-4ebc-87a5-ab6a9c400f40,relationship--9e91959a-a90f-4523-8ad3-8b713a919656,
DC0064,Command Execution,x-mitre-data-component--685f917a-e95e-4ba0-ade1-c7d354dae6e0,T1553.004,Install Root Certificate,attack-pattern--c615231b-f253-4f58-9d47-d5b4cbdb6839,True,DET0056,Detection Strategy for Subvert Trust Controls via Install Root Certificate.,x-mitre-detection-strategy--d9e95391-5ea4-49af-a525-31655a72e470,relationship--ac19130e-d247-49e4-8aca-2837984906dc,
DC0064,Command Execution,x-mitre-data-component--685f917a-e95e-4ba0-ade1-c7d354dae6e0,T1553.006,Code Signing Policy Modification,attack-pattern--565275d5-fcc3-4b66-b4e7-928e4cac6b8c,True,DET0523,Detect Code Signing Policy Modification (Windows & macOS),x-mitre-detection-strategy--eec6a137-c506-4654-8780-8e3028f3fd28,relationship--cfb6fe1a-05c5-4b7a-86c7-4ae65c9f37a1,
DC0064,Command Execution,x-mitre-data-component--685f917a-e95e-4ba0-ade1-c7d354dae6e0,T1555.002,Securityd Memory,attack-pattern--1a80d097-54df-41d8-9d33-34e755ec5e72,True,DET0057,Detect Suspicious Access to securityd Memory for Credential Extraction,x-mitre-detection-strategy--f07cfa67-8a83-4a62-ae18-bee29bfc7569,relationship--c762f33f-8337-4d4a-b48c-6f1a4dc90bf6,
DC0064,Command Execution,x-mitre-data-component--685f917a-e95e-4ba0-ade1-c7d354dae6e0,T1556.005,Reversible Encryption,attack-pattern--d50955c2-272d-4ac8-95da-10c29dda1c48,True,DET0589,Detect Modification of Authentication Process via Reversible Encryption,x-mitre-detection-strategy--b865c4e8-f3de-471e-846c-2290b6d52da9,relationship--7445726a-955f-4e46-a377-7783c6fd8065,
DC0064,Command Execution,x-mitre-data-component--685f917a-e95e-4ba0-ade1-c7d354dae6e0,T1560,Archive Collected Data,attack-pattern--53ac20cd-aca3-406e-9aa0-9fc7fdc60a5a,False,DET0526,Detect Archiving and Encryption of Collected Data (T1560),x-mitre-detection-strategy--043bc738-1f07-4d28-9f5c-1b1f81525e7c,relationship--162725e0-fc79-42ea-95a3-436b1f772d5b,
DC0064,Command Execution,x-mitre-data-component--685f917a-e95e-4ba0-ade1-c7d354dae6e0,T1560.001,Archive via Utility,attack-pattern--00f90846-cbd1-4fc5-9233-df5c2bf2a662,True,DET0298,Detect Archiving via Utility (T1560.001),x-mitre-detection-strategy--e8528ab8-3467-423b-92b6-115f8ecc266d,relationship--c7013933-c677-45a7-9e5d-b3e76d2cd089,
DC0064,Command Execution,x-mitre-data-component--685f917a-e95e-4ba0-ade1-c7d354dae6e0,T1560.002,Archive via Library,attack-pattern--41868330-6ee2-4d0f-b743-9f2294c3c9b6,True,DET0268,Detect Archiving via Library (T1560.002),x-mitre-detection-strategy--a3dcb195-d1b5-4bce-b62b-ba9bdaed56d5,relationship--61d0daa0-1566-445b-b9ef-1fc5152ab8f7,
DC0064,Command Execution,x-mitre-data-component--685f917a-e95e-4ba0-ade1-c7d354dae6e0,T1560.003,Archive via Custom Method,attack-pattern--143c0cbb-a297-4142-9624-87ffc778980b,True,DET0438,Detect Archiving via Custom Method (T1560.003),x-mitre-detection-strategy--edf894b7-052a-4baf-8984-f01ec773c80c,relationship--faac8263-f700-42c5-a7a7-302c7ea07848,
DC0064,Command Execution,x-mitre-data-component--685f917a-e95e-4ba0-ade1-c7d354dae6e0,T1561,Disk Wipe,attack-pattern--1988cc35-ced8-4dad-b2d1-7628488fa967,False,DET0137,Detection Strategy for Disk Wipe via Direct Disk Access and Destructive Commands,x-mitre-detection-strategy--da01afef-b769-4d31-964d-901fabaf6a8f,relationship--30219ee2-161b-4e3d-8190-b79069b8764f,
DC0064,Command Execution,x-mitre-data-component--685f917a-e95e-4ba0-ade1-c7d354dae6e0,T1561.001,Disk Content Wipe,attack-pattern--fb640c43-aa6b-431e-a961-a279010424ac,True,DET0316,Detection Strategy for Disk Content Wipe via Direct Access and Overwrite,x-mitre-detection-strategy--3a016ed2-47e0-414b-b90e-a44d1437354e,relationship--bd2a2912-3948-4c1e-aeb6-cee23227a6ca,
DC0064,Command Execution,x-mitre-data-component--685f917a-e95e-4ba0-ade1-c7d354dae6e0,T1561.002,Disk Structure Wipe,attack-pattern--0af0ca99-357d-4ba1-805f-674fdfb7bef9,True,DET0297,Detection Strategy for Disk Structure Wipe via Boot/Partition Overwrite,x-mitre-detection-strategy--1dd8a02b-b447-48ed-a146-ad955c9b2dc1,relationship--c70c05f4-d7bc-47a1-b077-f6f11fca564b,
DC0064,Command Execution,x-mitre-data-component--685f917a-e95e-4ba0-ade1-c7d354dae6e0,T1562,Impair Defenses,attack-pattern--3d333250-30e4-4a82-9edc-756c68afc529,False,DET0317,Detection Strategy for Impair Defenses Across Platforms,x-mitre-detection-strategy--e8e88bcd-0294-48d2-bd3c-0408814f4a69,relationship--d959e68e-9ed8-4e86-814a-4a0df15c0448,
DC0064,Command Execution,x-mitre-data-component--685f917a-e95e-4ba0-ade1-c7d354dae6e0,T1562.003,Impair Command History Logging,attack-pattern--8f504411-cb96-4dac-a537-8d2bb7679c59,True,DET0563,Detection Strategy for Impair Defenses via Impair Command History Logging across OS platforms.,x-mitre-detection-strategy--8577b89d-01e2-4423-8657-caff7ed22737,relationship--97dc5c0d-8ae2-4507-bcea-11eb60a2d95b,
DC0064,Command Execution,x-mitre-data-component--685f917a-e95e-4ba0-ade1-c7d354dae6e0,T1562.004,Disable or Modify System Firewall,attack-pattern--5372c5fe-f424-4def-bcd5-d3a8e770f07b,True,DET0145,Detection of Disabled or Modified System Firewalls across OS Platforms.,x-mitre-detection-strategy--acb9a314-aa08-4a0f-b3ba-201d87fa4cc8,relationship--8b6fce49-bb7b-4645-a0d1-ee2a69df72e2,
DC0064,Command Execution,x-mitre-data-component--685f917a-e95e-4ba0-ade1-c7d354dae6e0,T1562.006,Indicator Blocking,attack-pattern--74d2a63f-3c7b-4852-92da-02d8fbab16da,True,DET0239,Detection Strategy for Impair Defenses Indicator Blocking,x-mitre-detection-strategy--0596d971-9552-4cd0-a5aa-4385cf707371,relationship--93fc4a2c-22f3-448b-b0c0-3b9282299558,
DC0064,Command Execution,x-mitre-data-component--685f917a-e95e-4ba0-ade1-c7d354dae6e0,T1562.010,Downgrade Attack,attack-pattern--824add00-99a1-4b15-9a2d-6c5683b7b497,True,DET0350,Detecting Downgrade Attacks,x-mitre-detection-strategy--63d80d1b-ca5b-427d-b603-cf65e6e245b9,relationship--2547138d-1e52-4455-9dea-4954184427e8,
DC0064,Command Execution,x-mitre-data-component--685f917a-e95e-4ba0-ade1-c7d354dae6e0,T1562.012,Disable or Modify Linux Audit System,attack-pattern--562e9b64-7239-493d-80f4-2bff900d9054,True,DET0062,Detection Strategy for Disable or Modify Linux Audit System,x-mitre-detection-strategy--1d769567-7e82-47f4-8dc8-5a503f524134,relationship--2c4b8cd4-3eb9-40c0-87ef-05fb39bc5f48,
DC0064,Command Execution,x-mitre-data-component--685f917a-e95e-4ba0-ade1-c7d354dae6e0,T1562.013,Disable or Modify Network Device Firewall,attack-pattern--a0f84e1d-d25c-4dd1-bb26-3c0e68471530,True,DET0306,Unauthorized Network Firewall Rule Modification (T1562.013),x-mitre-detection-strategy--3a114d11-0850-4c33-b828-359e59b15250,relationship--14608f37-06ed-474a-b6ca-ccea80788f32,
DC0064,Command Execution,x-mitre-data-component--685f917a-e95e-4ba0-ade1-c7d354dae6e0,T1563,Remote Service Session Hijacking,attack-pattern--5b0ad6f8-6a16-4966-a4ef-d09ea6e2a9f5,False,DET0079,Detection of Remote Service Session Hijacking,x-mitre-detection-strategy--5d244477-26e2-4b3a-b882-fd74e366e07d,relationship--91aad2e7-a865-4f83-88c8-c844822f3d81,
DC0064,Command Execution,x-mitre-data-component--685f917a-e95e-4ba0-ade1-c7d354dae6e0,T1564,Hide Artifacts,attack-pattern--22905430-4901-4c2a-84f6-98243cb173f8,False,DET0502,Detection Strategy for Hidden Artifacts Across Platforms,x-mitre-detection-strategy--bd2348f8-acef-4310-bd03-cf7b866d2592,relationship--cd3ee69c-01d3-41a0-9e5e-caebaf1776c7,
DC0064,Command Execution,x-mitre-data-component--685f917a-e95e-4ba0-ade1-c7d354dae6e0,T1564.001,Hidden Files and Directories,attack-pattern--ec8fc7e2-b356-455c-8db5-2e37be158e7d,True,DET0032,Detection Strategy for Hidden Files and Directories,x-mitre-detection-strategy--3f59957a-2e55-4378-bbe7-090fb1e4f067,relationship--1c135a0c-a6dc-404e-8a38-d4db97d5eb4b,
DC0064,Command Execution,x-mitre-data-component--685f917a-e95e-4ba0-ade1-c7d354dae6e0,T1564.002,Hidden Users,attack-pattern--8c4aef43-48d5-49aa-b2af-c0cd58d30c3d,True,DET0353,Detection Strategy for Hidden User Accounts,x-mitre-detection-strategy--c48fd7e3-fbfb-4ab5-b577-12cc0be21f2c,relationship--153e979f-a34d-4baf-99d5-c2ba0196d558,
DC0064,Command Execution,x-mitre-data-component--685f917a-e95e-4ba0-ade1-c7d354dae6e0,T1564.003,Hidden Window,attack-pattern--cbb66055-0325-4111-aca0-40547b6ad5b0,True,DET0128,Detection Strategy for Hidden Windows,x-mitre-detection-strategy--1167a6c8-d735-4d5d-81f5-d81c6eafe239,relationship--d08a8b58-a5eb-4e4d-b6e7-017015a498dc,
DC0064,Command Execution,x-mitre-data-component--685f917a-e95e-4ba0-ade1-c7d354dae6e0,T1564.005,Hidden File System,attack-pattern--dfebc3b7-d19d-450b-81c7-6dafe4184c04,True,DET0461,Detection Strategy for Hidden File System Abuse,x-mitre-detection-strategy--82c31276-f916-4d67-be83-f09534c0c77e,relationship--d311635f-0633-404f-9535-51ee87662507,
DC0064,Command Execution,x-mitre-data-component--685f917a-e95e-4ba0-ade1-c7d354dae6e0,T1564.006,Run Virtual Instance,attack-pattern--b5327dd1-6bf9-4785-a199-25bcbd1f4a9d,True,DET0321,Detection Strategy for Hidden Virtual Instance Execution,x-mitre-detection-strategy--55321f9d-1646-45b9-b23e-e3c0fe105400,relationship--3ef5c5df-8e91-49c0-bdf8-e2d826c5e7b3,
DC0064,Command Execution,x-mitre-data-component--685f917a-e95e-4ba0-ade1-c7d354dae6e0,T1564.008,Email Hiding Rules,attack-pattern--0cf55441-b176-4332-89e7-2c4c7799d0ff,True,DET0192,Detection Strategy for Email Hiding Rules,x-mitre-detection-strategy--54aaab69-62fb-4d40-b2e0-0d07594353ed,relationship--2f7af5f4-4ab7-48df-b228-5169033ae194,
DC0064,Command Execution,x-mitre-data-component--685f917a-e95e-4ba0-ade1-c7d354dae6e0,T1564.009,Resource Forking,attack-pattern--b22e5153-ac28-4cc6-865c-2054e36285cb,True,DET0584,Detection Strategy for Resource Forking on macOS,x-mitre-detection-strategy--0f320fd9-cf15-4fd6-bcb3-c3a52760fe88,relationship--6aac8916-7bcf-4c99-b60c-260a2ea83e6e,
DC0064,Command Execution,x-mitre-data-component--685f917a-e95e-4ba0-ade1-c7d354dae6e0,T1564.011,Ignore Process Interrupts,attack-pattern--4a2975db-414e-4c0c-bd92-775987514b4b,True,DET0067,Detection Strategy for Ignore Process Interrupts,x-mitre-detection-strategy--29d1e77a-a05e-4ead-8272-b254992cd2ba,relationship--3e72be77-01a0-4fd7-b404-6e8b7b090034,
DC0064,Command Execution,x-mitre-data-component--685f917a-e95e-4ba0-ade1-c7d354dae6e0,T1564.014,Extended Attributes,attack-pattern--762e6f29-a62f-4d96-91ed-d0073181431f,True,DET0406,Detection Strategy for Extended Attributes Abuse,x-mitre-detection-strategy--e32dbff1-9d06-4495-b815-48463481581b,relationship--5cfb1133-9b78-4d80-bf5e-774bf196f8b5,
DC0064,Command Execution,x-mitre-data-component--685f917a-e95e-4ba0-ade1-c7d354dae6e0,T1567,Exfiltration Over Web Service,attack-pattern--40597f16-0963-4249-bf4c-ac93b7fb9807,False,DET0548,Detection Strategy for Exfiltration Over Web Service,x-mitre-detection-strategy--1753ab98-4530-4284-9bc3-5d4813abfb9e,relationship--2d284ff6-5204-4bde-b4f5-c172dd4c4ca3,
DC0064,Command Execution,x-mitre-data-component--685f917a-e95e-4ba0-ade1-c7d354dae6e0,T1567.001,Exfiltration to Code Repository,attack-pattern--86a96bf6-cf8b-411c-aaeb-8959944d64f7,True,DET0318,Detection Strategy for Exfiltration to Code Repository,x-mitre-detection-strategy--ac9c6b7c-bf94-4eeb-926c-f576673c0a14,relationship--c97fce35-747a-489f-9421-808a69e950a4,
DC0064,Command Execution,x-mitre-data-component--685f917a-e95e-4ba0-ade1-c7d354dae6e0,T1567.002,Exfiltration to Cloud Storage,attack-pattern--bf1b6176-597c-4600-bfcd-ac989670f96b,True,DET0570,Detection Strategy for Exfiltration to Cloud Storage,x-mitre-detection-strategy--c8895822-a3d1-41eb-952f-c67b4673eee2,relationship--6d01d586-c518-45db-96f3-5b718324c9da,
DC0064,Command Execution,x-mitre-data-component--685f917a-e95e-4ba0-ade1-c7d354dae6e0,T1567.003,Exfiltration to Text Storage Sites,attack-pattern--ba04e672-da86-4e69-aa15-0eca5db25f43,True,DET0284,Detection Strategy for Exfiltration to Text Storage Sites,x-mitre-detection-strategy--6ab41bc0-2d89-4173-8149-728fbc2698b6,relationship--7478c9f5-d7a9-4423-9c1f-228bac8eb739,
DC0064,Command Execution,x-mitre-data-component--685f917a-e95e-4ba0-ade1-c7d354dae6e0,T1567.004,Exfiltration Over Webhook,attack-pattern--43f2776f-b4bd-4118-94b8-fee47e69676d,True,DET0153,Detection Strategy for Exfiltration Over Webhook,x-mitre-detection-strategy--dcc26ef4-3ecd-4b37-b4b4-66faee084352,relationship--820a1ffe-27dd-4c0f-a791-f721d5662f5f,
DC0064,Command Execution,x-mitre-data-component--685f917a-e95e-4ba0-ade1-c7d354dae6e0,T1569.001,Launchctl,attack-pattern--810aa4ad-61c9-49cb-993f-daa06199421d,True,DET0265,Detection Strategy for System Services: Launchctl,x-mitre-detection-strategy--77078baf-96f1-413a-bf5b-96b42486e26c,relationship--b7172625-94ca-4f14-8bde-7e195b8b7aae,
DC0064,Command Execution,x-mitre-data-component--685f917a-e95e-4ba0-ade1-c7d354dae6e0,T1569.003,Systemctl,attack-pattern--4b46767d-4a61-4f30-995e-c19a75c2e536,True,DET0073,Detection Strategy for System Services: Systemctl,x-mitre-detection-strategy--8a9b730a-b290-40ce-b182-dbcb06fbad3d,relationship--27de0912-04bc-456c-b0bb-33d102067007,
DC0064,Command Execution,x-mitre-data-component--685f917a-e95e-4ba0-ade1-c7d354dae6e0,T1570,Lateral Tool Transfer,attack-pattern--bf90d72c-c00b-45e3-b3aa-68560560d4c5,False,DET0183,Detection Strategy for Lateral Tool Transfer across OS platforms,x-mitre-detection-strategy--156ddd81-b3ae-4a79-8c4e-7a75b6fd994c,relationship--f66b9063-a4c3-4f41-8fb3-4a7ea1eeb34c,
DC0064,Command Execution,x-mitre-data-component--685f917a-e95e-4ba0-ade1-c7d354dae6e0,T1600.001,Reduce Key Space,attack-pattern--3a40f208-a9c1-4efa-a598-4003c3681fb8,True,DET0243,Detection Strategy for Weaken Encryption: Reduce Key Space on Network Devices,x-mitre-detection-strategy--bcddd949-40be-40dd-949e-8f69f893360b,relationship--04a5acf8-e348-427d-868b-e5a35a1e9880,
DC0064,Command Execution,x-mitre-data-component--685f917a-e95e-4ba0-ade1-c7d354dae6e0,T1600.002,Disable Crypto Hardware,attack-pattern--7efba77e-3bc4-4ca5-8292-d8201dcd64b5,True,DET0494,Detection Strategy for Weaken Encryption: Disable Crypto Hardware on Network Devices,x-mitre-detection-strategy--2fed2eb7-2b3e-494f-9154-b996090b5a1e,relationship--82c53252-e692-40eb-a345-f91ee83fb49a,
DC0064,Command Execution,x-mitre-data-component--685f917a-e95e-4ba0-ade1-c7d354dae6e0,T1601,Modify System Image,attack-pattern--ae7f3575-0a5e-427e-991b-fe03ad44c754,False,DET0170,Detection Strategy for Modify System Image on Network Devices,x-mitre-detection-strategy--536eed5d-a4b6-4377-a936-90283bb1b25c,relationship--01ffdd1a-27e9-4a1c-8f6c-06c2b54adc4a,
DC0064,Command Execution,x-mitre-data-component--685f917a-e95e-4ba0-ade1-c7d354dae6e0,T1601.001,Patch System Image,attack-pattern--d245808a-7086-4310-984a-a84aaaa43f8f,True,DET0469,Detection Strategy for Patch System Image on Network Devices,x-mitre-detection-strategy--ca16d7e8-77f3-4d0c-88a3-31696224ed67,relationship--ce9ce398-22ae-42da-93c4-591f51cd8d62,
DC0064,Command Execution,x-mitre-data-component--685f917a-e95e-4ba0-ade1-c7d354dae6e0,T1601.002,Downgrade System Image,attack-pattern--fc74ba38-dc98-461f-8611-b3dbf9978e3d,True,DET0569,Detection Strategy for Downgrade System Image on Network Devices,x-mitre-detection-strategy--524a2282-e312-4707-82d1-2c34f015c85c,relationship--59bd78e7-9975-4340-be27-e1035d5529d8,
DC0064,Command Execution,x-mitre-data-component--685f917a-e95e-4ba0-ade1-c7d354dae6e0,T1602.002,Network Device Configuration Dump,attack-pattern--52759bf1-fe12-4052-ace6-c5b0cf7dd7fd,True,DET0233,Detection Strategy for Network Device Configuration Dump via Config Repositories,x-mitre-detection-strategy--f3bc6ce9-29ad-4ad4-813c-1a4176b5c7a2,relationship--353de2e5-f6d0-4fc4-9fca-a8a7f1178346,
DC0064,Command Execution,x-mitre-data-component--685f917a-e95e-4ba0-ade1-c7d354dae6e0,T1609,Container Administration Command,attack-pattern--7b50a1d3-4ca7-45d1-989d-a6503f04bfe1,False,DET0065,Detection Strategy for Container Administration Command Abuse,x-mitre-detection-strategy--e9a74ecb-cc65-4c21-ae40-850e3317c248,relationship--643dc681-2238-46b5-8e00-590eecd638af,
DC0064,Command Execution,x-mitre-data-component--685f917a-e95e-4ba0-ade1-c7d354dae6e0,T1614,System Location Discovery,attack-pattern--c877e33f-1df6-40d6-b1e7-ce70f16f4979,False,DET0043,Detection Strategy for System Location Discovery,x-mitre-detection-strategy--9daf5067-79c3-477c-bf41-813aada4770d,relationship--2a170a3a-d02a-48ff-a21c-23f373f8951f,
DC0064,Command Execution,x-mitre-data-component--685f917a-e95e-4ba0-ade1-c7d354dae6e0,T1614.001,System Language Discovery,attack-pattern--c1b68a96-3c48-49ea-a6c0-9b27359f9c19,True,DET0565,Detection Strategy for System Language Discovery,x-mitre-detection-strategy--9d3a5603-ae0e-41fe-b2f5-7f3e44c903d7,relationship--f5a7f182-3a05-43c4-aa12-b3d0bdbbde38,
DC0064,Command Execution,x-mitre-data-component--685f917a-e95e-4ba0-ade1-c7d354dae6e0,T1615,Group Policy Discovery,attack-pattern--1b20efbf-8063-4fc3-a07d-b575318a301b,False,DET0055,Detection strategy for Group Policy Discovery on Windows,x-mitre-detection-strategy--e5eff2eb-4a41-44d1-9c79-4977fb73f569,relationship--0c2b1d8f-3f5b-4b3a-b146-83e54685d6b9,
DC0064,Command Execution,x-mitre-data-component--685f917a-e95e-4ba0-ade1-c7d354dae6e0,T1647,Plist File Modification,attack-pattern--7d20fff9-8751-404e-badd-ccd71bda0236,False,DET0109,Detection Strategy for Plist File Modification (T1647),x-mitre-detection-strategy--0548423e-c893-4474-9e5d-7fdd7c2a0a71,relationship--6a3d5c63-dcba-4382-8bf3-dca205b80eb2,
DC0064,Command Execution,x-mitre-data-component--685f917a-e95e-4ba0-ade1-c7d354dae6e0,T1649,Steal or Forge Authentication Certificates,attack-pattern--7de1f7ac-5d0c-4c9c-8873-627202205331,False,DET0240,Detection Strategy for Steal or Forge Authentication Certificates,x-mitre-detection-strategy--7b0ea292-22f5-4963-b1c2-0d396fb17619,relationship--12a19faf-b1ea-4eee-b921-059a2f65622a,
DC0064,Command Execution,x-mitre-data-component--685f917a-e95e-4ba0-ade1-c7d354dae6e0,T1651,Cloud Administration Command,attack-pattern--d94b3ae9-8059-4989-8e9f-ea0f601f80a7,False,DET0545,Detection Strategy for Cloud Administration Command,x-mitre-detection-strategy--fda20a62-ad83-4d45-8a65-84883b07707b,relationship--fcda9332-023f-4423-8bcc-e47197b8c158,
DC0064,Command Execution,x-mitre-data-component--685f917a-e95e-4ba0-ade1-c7d354dae6e0,T1652,Device Driver Discovery,attack-pattern--215d9700-5881-48b8-8265-6449dbb7195d,False,DET0579,Detection Strategy for Device Driver Discovery,x-mitre-detection-strategy--ff6c2db6-cc1b-47e0-89a6-536f83b74906,relationship--0f347765-c631-46f7-8369-5bcdb568345b,
DC0064,Command Execution,x-mitre-data-component--685f917a-e95e-4ba0-ade1-c7d354dae6e0,T1653,Power Settings,attack-pattern--ea071aa0-8f17-416f-ab0d-2bab7e79003d,False,DET0417,Detection Strategy for Power Settings Abuse,x-mitre-detection-strategy--40701244-5af5-477f-a9a7-ba661907f318,relationship--1f2b3674-7dfb-4c2f-a314-8202521116fe,
DC0064,Command Execution,x-mitre-data-component--685f917a-e95e-4ba0-ade1-c7d354dae6e0,T1654,Log Enumeration,attack-pattern--866d0d6d-02c6-42bd-aa2f-02907fdc0969,False,DET0255,Detection Strategy for Log Enumeration,x-mitre-detection-strategy--170a958d-79a6-433a-8ab0-c8d654e2ca86,relationship--d47d41b9-233e-405c-99ef-e7b5592dabb3,
DC0064,Command Execution,x-mitre-data-component--685f917a-e95e-4ba0-ade1-c7d354dae6e0,T1656,Impersonation,attack-pattern--c9e0c59e-162e-40a4-b8b1-78fab4329ada,False,DET0286,Detection Strategy for Impersonation,x-mitre-detection-strategy--1e08be7e-451c-4b10-9e65-b6dbf8d54b38,relationship--b3917dee-c0ea-44aa-95bd-6d108affa0b8,
DC0064,Command Execution,x-mitre-data-component--685f917a-e95e-4ba0-ade1-c7d354dae6e0,T1657,Financial Theft,attack-pattern--851e071f-208d-4c79-adc6-5974c85c78f3,False,DET0495,Detection Strategy for Financial Theft,x-mitre-detection-strategy--e767f434-dda3-41fe-a9ea-e7aaae251e61,relationship--9ae66715-6d4e-4fb5-b359-1658c57052b1,
DC0064,Command Execution,x-mitre-data-component--685f917a-e95e-4ba0-ade1-c7d354dae6e0,T1659,Content Injection,attack-pattern--43c9bc06-715b-42db-972f-52d25c09a20c,False,DET0349,Detection Strategy for Content Injection,x-mitre-detection-strategy--7a084a47-c4ea-4996-8d23-ffe0b19206fb,relationship--622e1dcc-6185-4559-92bc-ddc6ea3c30e6,
DC0064,Command Execution,x-mitre-data-component--685f917a-e95e-4ba0-ade1-c7d354dae6e0,T1668,Exclusive Control,attack-pattern--dff263cc-328e-42b4-afbc-1fee8b6a8913,False,DET0015,Detection Strategy for Exclusive Control,x-mitre-detection-strategy--1d8154f6-6890-4441-863f-007600867088,relationship--301352ff-7025-44a2-b4ef-303d75d8f18a,
DC0064,Command Execution,x-mitre-data-component--685f917a-e95e-4ba0-ade1-c7d354dae6e0,T1673,Virtual Machine Discovery,attack-pattern--6bc7f9aa-b91f-4b23-84b8-5e756eba68eb,False,DET0199,Detection Strategy for Virtual Machine Discovery,x-mitre-detection-strategy--85849149-b36f-4562-9478-65c4e8f97dec,relationship--e7089b85-2787-4d2f-9411-0ca4f2054855,
DC0064,Command Execution,x-mitre-data-component--685f917a-e95e-4ba0-ade1-c7d354dae6e0,T1674,Input Injection,attack-pattern--63e3d25c-d57d-407d-8e6a-2cecd71f90be,False,DET0568,Detection Strategy for Input Injection,x-mitre-detection-strategy--f54b8799-acfd-4df4-a2c4-e83071750bde,relationship--dab158f6-c216-43d6-8c8c-f20d76d6206f,
DC0064,Command Execution,x-mitre-data-component--685f917a-e95e-4ba0-ade1-c7d354dae6e0,T1677,Poisoned Pipeline Execution,attack-pattern--7655ac3b-dfde-49c5-a967-242856174434,False,DET0533,Detection Strategy for Poisoned Pipeline Execution via SaaS CI/CD Workflows,x-mitre-detection-strategy--cad3cfb6-1838-4fa3-abfc-aa590f613436,relationship--ce76daca-413c-4075-9ca2-84a1ca1fbc93,
DC0064,Command Execution,x-mitre-data-component--685f917a-e95e-4ba0-ade1-c7d354dae6e0,T1679,Selective Exclusion,attack-pattern--9b00925a-7c4b-4e53-bfc8-9a6a806fde03,False,DET0897,Detection of Selective Exclusion,x-mitre-detection-strategy--7c1262bb-c0d1-4e0c-bab8-a232f7bed9d5,relationship--e7512377-4cb8-4552-97d6-518038b765f7,
DC0064,Command Execution,x-mitre-data-component--685f917a-e95e-4ba0-ade1-c7d354dae6e0,T1680,Local Storage Discovery,attack-pattern--f2514ae4-4e9b-4f26-a5ba-c4ae85fe93c3,False,DET0188,Local Storage Discovery via Drive Enumeration and Filesystem Probing,x-mitre-detection-strategy--8c3d7757-f3ab-4c1d-95e1-f712cdecd5a3,relationship--3dc43a6d-8862-4a4f-92c4-b3776539a19b,
DC0065,Service Modification,x-mitre-data-component--66531bc6-a509-4868-8314-4d599e91d222,T1505.004,IIS Components,attack-pattern--b46a801b-fd98-491c-a25a-bca25d6e3001,True,DET0068,Detection Strategy for T1505.004 - Malicious IIS Components,x-mitre-detection-strategy--32af4177-8c33-43d8-8e2c-9e11ac6dd451,relationship--53537327-ef81-4b1d-ae90-710954832d4b,
DC0065,Service Modification,x-mitre-data-component--66531bc6-a509-4868-8314-4d599e91d222,T1574.011,Services Registry Permissions Weakness,attack-pattern--17cc750b-e95b-4d7d-9dde-49e0de24148c,True,DET0427,Detection Strategy for Hijack Execution Flow through Service Registry Premission Weakness.,x-mitre-detection-strategy--a44e6677-25d9-495a-91fd-e2611dac9477,relationship--09844268-99de-4254-99b1-347e7ec29e25,
DC0066,Active Directory Object Modification,x-mitre-data-component--5b8b466b-2c81-4fe7-946f-d677a74ae3db,T1098,Account Manipulation,attack-pattern--a10641f4-87b4-45a3-a906-92a149cb2c27,False,DET0096,Account Manipulation Behavior Chain Detection,x-mitre-detection-strategy--d6c4cc3b-6875-4288-8193-bf4c864560ab,relationship--94a27c31-1cda-4987-b42b-ed1868631177,
DC0066,Active Directory Object Modification,x-mitre-data-component--5b8b466b-2c81-4fe7-946f-d677a74ae3db,T1098.001,Additional Cloud Credentials,attack-pattern--8a2f40cf-8325-47f9-96e4-b1ca4c7389bd,True,DET0531,Detection Strategy for Additional Cloud Credentials in IaaS/IdP/SaaS,x-mitre-detection-strategy--cd0c92f4-2345-40ae-aa73-ccc1eb78eb14,relationship--85dee7db-0312-4c51-96bd-c064afe86a68,
DC0066,Active Directory Object Modification,x-mitre-data-component--5b8b466b-2c81-4fe7-946f-d677a74ae3db,T1134,Access Token Manipulation,attack-pattern--dcaa092b-7de9-4a21-977f-7fcb77e89c48,False,DET0283,Behavior-chain detection for T1134 Access Token Manipulation on Windows,x-mitre-detection-strategy--774bbba8-45c2-403d-a445-3a64b3679faf,relationship--d4efc88e-7544-42f4-ae47-a73acc22885a,
DC0066,Active Directory Object Modification,x-mitre-data-component--5b8b466b-2c81-4fe7-946f-d677a74ae3db,T1134.002,Create Process with Token,attack-pattern--677569f9-a8b0-459e-ab24-7f18091fa7bf,True,DET0456,Behavior-chain detection for T1134.002 Create Process with Token (Windows),x-mitre-detection-strategy--78aa8d17-c96f-4ba9-b431-f91157f38553,relationship--76d197d3-8ed8-4e40-9245-a30a29229131,
DC0066,Active Directory Object Modification,x-mitre-data-component--5b8b466b-2c81-4fe7-946f-d677a74ae3db,T1134.005,SID-History Injection,attack-pattern--b7dc639b-24cd-482d-a7f1-8897eda21023,True,DET0136,Behavior-chain detection for T1134.005 Access Token Manipulation: SID-History Injection (Windows),x-mitre-detection-strategy--d32792e2-f927-492b-91bf-ac478cf64868,relationship--c38f2585-064d-4dd7-803b-0354512d492a,
DC0066,Active Directory Object Modification,x-mitre-data-component--5b8b466b-2c81-4fe7-946f-d677a74ae3db,T1207,Rogue Domain Controller,attack-pattern--564998d8-ab3e-4123-93fb-eccaa6b9714a,False,DET0276,Detection Strategy for Rogue Domain Controller (DCShadow) Registration and Replication Abuse,x-mitre-detection-strategy--f012e122-9f78-4370-a481-d2efaa181359,relationship--a5f42918-93c0-4537-9780-bfbe67920812,
DC0066,Active Directory Object Modification,x-mitre-data-component--5b8b466b-2c81-4fe7-946f-d677a74ae3db,T1222,File and Directory Permissions Modification,attack-pattern--65917ae0-b854-4139-83fe-bf2441cf0196,False,DET0299,Multi-Platform File and Directory Permissions Modification Detection Strategy,x-mitre-detection-strategy--682ddf59-6de3-4765-a1c0-09b539fa5d4f,relationship--3f78696b-0ec4-4d0c-9e65-5bb26ee3ebe7,
DC0066,Active Directory Object Modification,x-mitre-data-component--5b8b466b-2c81-4fe7-946f-d677a74ae3db,T1222.001,Windows File and Directory Permissions Modification,attack-pattern--34e793de-0274-4982-9c1a-246ed1c19dee,True,DET0418,Windows DACL Manipulation Behavioral Chain Detection Strategy,x-mitre-detection-strategy--a1b25828-57bf-470c-8f47-8ad4e1f6bbdb,relationship--6f2a1b10-44ce-4ce5-bf9a-7af20837ff10,
DC0066,Active Directory Object Modification,x-mitre-data-component--5b8b466b-2c81-4fe7-946f-d677a74ae3db,T1484,Domain or Tenant Policy Modification,attack-pattern--ebb42bbe-62d7-47d7-a55f-3b08b61d792d,False,DET0270,Detection of Domain or Tenant Policy Modifications via AD and Identity Provider,x-mitre-detection-strategy--3eb428c7-5192-4ae2-a5a3-022ca9695ec8,relationship--e92bcd91-5617-4283-ba1e-bc100d897064,
DC0066,Active Directory Object Modification,x-mitre-data-component--5b8b466b-2c81-4fe7-946f-d677a74ae3db,T1484.001,Group Policy Modification,attack-pattern--5d2be8b9-d24c-4e98-83bf-2f5f79477163,True,DET0305,Detection of Group Policy Modifications via AD Object Changes and File Activity,x-mitre-detection-strategy--7aa7d45f-64da-4f16-a905-b4881da82c62,relationship--a2e44357-a86a-4fe6-8f7f-d06558c6930e,
DC0066,Active Directory Object Modification,x-mitre-data-component--5b8b466b-2c81-4fe7-946f-d677a74ae3db,T1484.002,Trust Modification,attack-pattern--24769ab5-14bd-4f4e-a752-cfb185da53ee,True,DET0458,Detection of Trust Relationship Modifications in Domain or Tenant Policies,x-mitre-detection-strategy--9e93c9d8-3e37-45ae-88d5-12914d98ba5a,relationship--9bf2d865-47fe-447d-b49f-1cfbcb92feca,
DC0066,Active Directory Object Modification,x-mitre-data-component--5b8b466b-2c81-4fe7-946f-d677a74ae3db,T1556.005,Reversible Encryption,attack-pattern--d50955c2-272d-4ac8-95da-10c29dda1c48,True,DET0589,Detect Modification of Authentication Process via Reversible Encryption,x-mitre-detection-strategy--b865c4e8-f3de-471e-846c-2290b6d52da9,relationship--7445726a-955f-4e46-a377-7783c6fd8065,
DC0066,Active Directory Object Modification,x-mitre-data-component--5b8b466b-2c81-4fe7-946f-d677a74ae3db,T1556.006,Multi-Factor Authentication,attack-pattern--b4409cd8-0da9-46e1-a401-a241afd4d1cc,True,DET0190,Detect MFA Modification or Disabling Across Platforms,x-mitre-detection-strategy--eccad822-4f5b-4337-8c8b-825cf617f853,relationship--0cf350af-0fc3-4584-9e84-0af50eb17eca,
DC0066,Active Directory Object Modification,x-mitre-data-component--5b8b466b-2c81-4fe7-946f-d677a74ae3db,T1556.007,Hybrid Identity,attack-pattern--54ca26f3-c172-4231-93e5-ccebcac2161f,True,DET0293,Detect Hybrid Identity Authentication Process Modification,x-mitre-detection-strategy--6b681059-99f7-46ff-bd36-96fd414074d4,relationship--80b99ad7-0121-409f-b307-46074c6e8c0b,
DC0066,Active Directory Object Modification,x-mitre-data-component--5b8b466b-2c81-4fe7-946f-d677a74ae3db,T1556.009,Conditional Access Policies,attack-pattern--ceaeb6d8-95ee-4da2-9d42-dc6aa6ca43ae,True,DET0030,Detect Conditional Access Policy Modification in Identity and Cloud Platforms,x-mitre-detection-strategy--4cd84c0e-b125-4576-9441-57c1664bf014,relationship--f84856d4-4a84-4269-9fb8-5388ee8b8228,
DC0066,Active Directory Object Modification,x-mitre-data-component--5b8b466b-2c81-4fe7-946f-d677a74ae3db,T1649,Steal or Forge Authentication Certificates,attack-pattern--7de1f7ac-5d0c-4c9c-8873-627202205331,False,DET0240,Detection Strategy for Steal or Forge Authentication Certificates,x-mitre-detection-strategy--7b0ea292-22f5-4963-b1c2-0d396fb17619,relationship--12a19faf-b1ea-4eee-b921-059a2f65622a,
DC0066,Active Directory Object Modification,x-mitre-data-component--5b8b466b-2c81-4fe7-946f-d677a74ae3db,T1671,Cloud Application Integration,attack-pattern--c31aebd6-c9b5-420f-ba2a-5853bbf897fa,False,DET0539,Detection Strategy for Cloud Application Integration,x-mitre-detection-strategy--8bc479cf-727b-40d1-92d2-5755766d8544,relationship--7fd5057e-fa4f-45ee-99cc-ca792cd8412f,
DC0067,Logon Session Creation,x-mitre-data-component--9ce98c86-8d30-4043-ba54-0784d478d0b5,T1021,Remote Services,attack-pattern--54a649ff-439a-41a4-9856-8d144a2551ba,False,DET0269,Behavioral Detection Strategy for Remote Service Logins and Post-Access Activity,x-mitre-detection-strategy--d33ffd4e-6328-4b10-84c0-7ad4a241b02d,relationship--84cda73f-83eb-490a-a7ad-1b72f787ecd9,
DC0067,Logon Session Creation,x-mitre-data-component--9ce98c86-8d30-4043-ba54-0784d478d0b5,T1021.001,Remote Desktop Protocol,attack-pattern--eb062747-2193-45de-8fa2-e62549c37ddf,True,DET0327,Multi-event Detection Strategy for RDP-Based Remote Logins and Post-Access Activity,x-mitre-detection-strategy--722d2e3d-c3ad-4878-bcef-ca3161465342,relationship--ef887220-356b-4756-8c65-586441765961,
DC0067,Logon Session Creation,x-mitre-data-component--9ce98c86-8d30-4043-ba54-0784d478d0b5,T1021.002,SMB/Windows Admin Shares,attack-pattern--4f9ca633-15c5-463c-9724-bdcd54fde541,True,DET0530,Multi-Event Detection for SMB Admin Share Lateral Movement,x-mitre-detection-strategy--04cbfa17-64a5-454d-8734-cead02ba5c43,relationship--dc3fcfcd-1df7-49fd-8ada-e0081063efea,
DC0067,Logon Session Creation,x-mitre-data-component--9ce98c86-8d30-4043-ba54-0784d478d0b5,T1021.003,Distributed Component Object Model,attack-pattern--68a0c5ed-bee2-4513-830d-5b0d650139bd,True,DET0285,Multi-Event Behavioral Detection for DCOM-Based Remote Code Execution,x-mitre-detection-strategy--dbaaa57a-ef28-44c0-bc56-25bc20dc8f28,relationship--af108559-5f9b-42b3-b975-5c3cf2f997dc,
DC0067,Logon Session Creation,x-mitre-data-component--9ce98c86-8d30-4043-ba54-0784d478d0b5,T1021.004,SSH,attack-pattern--2db31dcd-54da-405d-acef-b9129b816ed6,True,DET0596,Behavioral Detection of Remote SSH Logins Followed by Post-Login Execution,x-mitre-detection-strategy--5367273a-2f30-413e-a961-1dbd323be5b0,relationship--8111392d-8ec1-466e-9e0b-9e5162c3e857,
DC0067,Logon Session Creation,x-mitre-data-component--9ce98c86-8d30-4043-ba54-0784d478d0b5,T1021.005,VNC,attack-pattern--01327cde-66c4-4123-bf34-5f258d59457b,True,DET0178,Behavioral Detection of Unauthorized VNC Remote Control Sessions,x-mitre-detection-strategy--bb431f45-c3fe-4b98-8dd7-70346b56c880,relationship--efd1472c-2913-4f68-b95a-e1c2bdf55e3d,
DC0067,Logon Session Creation,x-mitre-data-component--9ce98c86-8d30-4043-ba54-0784d478d0b5,T1021.006,Windows Remote Management,attack-pattern--60d0c01d-e2bf-49dd-a453-f8a9c9fa6f65,True,DET0477,Behavioral Detection of WinRM-Based Remote Access,x-mitre-detection-strategy--7ff1f384-2373-4ea9-9311-1587b520a5c4,relationship--e7e42cbd-8c98-4905-95ac-8acabbb90dcd,
DC0067,Logon Session Creation,x-mitre-data-component--9ce98c86-8d30-4043-ba54-0784d478d0b5,T1021.007,Cloud Services,attack-pattern--8861073d-d1b8-4941-82ce-dce621d398f0,True,DET0008,Behavioral Detection of Remote Cloud Logins via Valid Accounts,x-mitre-detection-strategy--f6e514c0-120a-4ab1-ae3d-aa2de14e4324,relationship--e1f1aacb-bb91-4c5b-befe-5073914bf094,
DC0067,Logon Session Creation,x-mitre-data-component--9ce98c86-8d30-4043-ba54-0784d478d0b5,T1021.008,Direct Cloud VM Connections,attack-pattern--45241b9e-9bbc-4826-a2cc-78855e51ca09,True,DET0211,Detection of Direct VM Console Access via Cloud-Native Methods,x-mitre-detection-strategy--f40c0c98-76fe-4e2a-970a-0491f52a9a47,relationship--5b5a2424-8845-4b01-a07d-481259276ba1,
DC0067,Logon Session Creation,x-mitre-data-component--9ce98c86-8d30-4043-ba54-0784d478d0b5,T1037.001,Logon Script (Windows),attack-pattern--eb125d40-0b2d-41ac-a71a-3229241c2cd3,True,DET0072,Detect Logon Script Modifications and Execution,x-mitre-detection-strategy--3f27e858-2912-4b43-ac03-f668ef30c47e,relationship--aa3ea0d1-4bbf-400d-9e36-9369288de47e,
DC0067,Logon Session Creation,x-mitre-data-component--9ce98c86-8d30-4043-ba54-0784d478d0b5,T1059.004,Unix Shell,attack-pattern--a9d4b653-6915-42af-98b2-5758c4ceee56,True,DET0384,Behavioral Detection of Unix Shell Execution,x-mitre-detection-strategy--4a89bf52-7be1-405d-8d02-462e52553bc5,relationship--a9b074ff-ade1-47d6-b74b-ed0b14c0a276,
DC0067,Logon Session Creation,x-mitre-data-component--9ce98c86-8d30-4043-ba54-0784d478d0b5,T1068,Exploitation for Privilege Escalation,attack-pattern--b21c3b2d-02e6-45b1-980b-e69051040839,False,DET0514,Detection Strategy for Exploitation for Privilege Escalation,x-mitre-detection-strategy--64fc24f5-0428-4956-a328-2e76e0af984e,relationship--d07fb93b-f652-4742-a99b-a4c99ff7b956,
DC0067,Logon Session Creation,x-mitre-data-component--9ce98c86-8d30-4043-ba54-0784d478d0b5,T1070.005,Network Share Connection Removal,attack-pattern--a750a9f6-0bde-4bb3-9aae-1e2786e9780c,True,DET0103,Behavioral Detection of Network Share Connection Removal via CLI and SMB Disconnects,x-mitre-detection-strategy--00060b87-7f99-45aa-9553-a4d94139195c,relationship--b414a54d-8cd1-42e7-92b8-4b4f1460ec6a,
DC0067,Logon Session Creation,x-mitre-data-component--9ce98c86-8d30-4043-ba54-0784d478d0b5,T1078,Valid Accounts,attack-pattern--b17a1a56-e99c-403c-8948-561df0cffe81,False,DET0560,Detection of Valid Account Abuse Across Platforms,x-mitre-detection-strategy--a6245075-b59f-46cf-8b76-e8d95c378a22,relationship--1b5cdb10-15a7-48ac-ab23-33edf7ef5602,
DC0067,Logon Session Creation,x-mitre-data-component--9ce98c86-8d30-4043-ba54-0784d478d0b5,T1078.001,Default Accounts,attack-pattern--6151cbea-819b-455a-9fa6-99a1cc58797d,True,DET0465,Detection of Default Account Abuse Across Platforms,x-mitre-detection-strategy--cff5ca37-cc4a-431c-b481-d0ccabbf6980,relationship--373bb9b1-c8ef-4614-b1a4-9e3eefa27a1a,
DC0067,Logon Session Creation,x-mitre-data-component--9ce98c86-8d30-4043-ba54-0784d478d0b5,T1078.003,Local Accounts,attack-pattern--fdc47f44-dd32-4b99-af5f-209f556f63c2,True,DET0407,Detection of Local Account Abuse for Initial Access and Persistence,x-mitre-detection-strategy--b045b89e-3095-41c3-a04d-d40075f14cd8,relationship--2f51d6e5-68fe-426c-931c-e33b5bdc3289,
DC0067,Logon Session Creation,x-mitre-data-component--9ce98c86-8d30-4043-ba54-0784d478d0b5,T1078.004,Cloud Accounts,attack-pattern--f232fa7a-025c-4d43-abc7-318e81a73d65,True,DET0546,Detection of Abused or Compromised Cloud Accounts for Access and Persistence,x-mitre-detection-strategy--a1a9e316-145a-4744-a594-7decc23c543d,relationship--c5962368-c8b3-4270-822c-dd3f1afe1d01,
DC0067,Logon Session Creation,x-mitre-data-component--9ce98c86-8d30-4043-ba54-0784d478d0b5,T1111,Multi-Factor Authentication Interception,attack-pattern--dd43c543-bb85-4a6f-aa6e-160d90d06a49,False,DET0246,Detection Strategy for MFA Interception via Input Capture and Smart Card Proxying,x-mitre-detection-strategy--6df13a5a-7d2b-4c9d-8c6e-d57ca850fe15,relationship--16857a1a-a782-4c5e-952d-bf00b8f0d782,
DC0067,Logon Session Creation,x-mitre-data-component--9ce98c86-8d30-4043-ba54-0784d478d0b5,T1114,Email Collection,attack-pattern--1608f3e1-598a-42f4-a01a-2e252e81728f,False,DET0476,Email Collection via Local Email Access and Auto-Forwarding Behavior,x-mitre-detection-strategy--2470975e-6748-42a5-9a48-74dc7b687fe9,relationship--48fe7200-61ea-4d8a-89a9-ddcedf2f3313,
DC0067,Logon Session Creation,x-mitre-data-component--9ce98c86-8d30-4043-ba54-0784d478d0b5,T1114.002,Remote Email Collection,attack-pattern--b4694861-542c-48ea-9eb1-10d356e7140a,True,DET0048,Detect Remote Email Collection via Abnormal Login and Programmatic Access,x-mitre-detection-strategy--00a515dc-e3be-4349-9c61-65a5c0ce815d,relationship--d55da9ba-38a8-4ded-8896-24f705463e67,
DC0067,Logon Session Creation,x-mitre-data-component--9ce98c86-8d30-4043-ba54-0784d478d0b5,T1136.002,Domain Account,attack-pattern--7610cada-1499-41a4-b3dd-46467b68d177,True,DET0003,T1136.002 Detection Strategy - Domain Account Creation Across Platforms,x-mitre-detection-strategy--aae40136-73f7-45e8-a37f-104ae7155bbe,relationship--140e6844-f9bb-4e31-bb57-370d1fd830f3,
DC0067,Logon Session Creation,x-mitre-data-component--9ce98c86-8d30-4043-ba54-0784d478d0b5,T1185,Browser Session Hijacking,attack-pattern--544b0346-29ad-41e1-a808-501bb4193f47,False,DET0507,"Detect browser session hijacking via privilege, handle access, and remote thread into browsers",x-mitre-detection-strategy--759a29fb-8697-46f7-baa3-a891b28c064e,relationship--88d75e64-5f13-4017-a635-9a52e3458bb2,
DC0067,Logon Session Creation,x-mitre-data-component--9ce98c86-8d30-4043-ba54-0784d478d0b5,T1189,Drive-by Compromise,attack-pattern--d742a578-d70e-4d0e-96a6-02a9c30204e6,False,DET0176,"Drive-by Compromise — Behavior-based, Multi-platform Detection Strategy (T1189)",x-mitre-detection-strategy--a070f9d2-3480-4362-99b3-8b36f5be0189,relationship--65f2dd08-9e93-4599-ad36-0a8d6ef742e3,
DC0067,Logon Session Creation,x-mitre-data-component--9ce98c86-8d30-4043-ba54-0784d478d0b5,T1199,Trusted Relationship,attack-pattern--9fa07bef-9c81-421e-a8e5-ad4366c5a925,False,DET0488,Detect abuse of Trusted Relationships (third-party and delegated admin access),x-mitre-detection-strategy--2f7a5ebd-e025-4822-aed2-46fc3ec1a0a9,relationship--8dcb3689-54f5-4416-9b75-6c380d24bdca,
DC0067,Logon Session Creation,x-mitre-data-component--9ce98c86-8d30-4043-ba54-0784d478d0b5,T1213.001,Confluence,attack-pattern--7ad38ef1-381a-406d-872a-38b136eb5ecc,True,DET0358,Programmatic and Excessive Access to Confluence Documentation,x-mitre-detection-strategy--3d515fbc-0ebf-4a99-b191-b6ee604acb1f,relationship--25ac1d25-9672-4243-9270-a04e7b0a5558,
DC0067,Logon Session Creation,x-mitre-data-component--9ce98c86-8d30-4043-ba54-0784d478d0b5,T1213.002,Sharepoint,attack-pattern--0c4b4fda-9062-47da-98b9-ceae2dcf052a,True,DET0500,Detecting Abnormal SharePoint Data Mining by Privileged or Rare Users,x-mitre-detection-strategy--960d6663-6a7f-4f95-affe-a28d71afc7d9,relationship--3dbd21a3-71d4-41e3-b999-a9dbbe8dfc91,
DC0067,Logon Session Creation,x-mitre-data-component--9ce98c86-8d30-4043-ba54-0784d478d0b5,T1213.003,Code Repositories,attack-pattern--cff94884-3b1c-4987-a70b-6d5643c621c3,True,DET0263,Detecting Bulk or Anomalous Access to Private Code Repositories via SaaS Platforms,x-mitre-detection-strategy--574968c5-ca49-4005-958f-c3ea5a78cfbc,relationship--8b6e293f-6992-4fca-bb50-ddb4ae7c406c,
DC0067,Logon Session Creation,x-mitre-data-component--9ce98c86-8d30-4043-ba54-0784d478d0b5,T1213.004,Customer Relationship Management Software,attack-pattern--bbfbb096-6561-4d7d-aa2c-a5ee8e44c696,True,DET0550,Detecting Suspicious Access to CRM Data in SaaS Environments,x-mitre-detection-strategy--34fb7d2b-f5be-45a2-9cdc-811ae843e379,relationship--b5df0d2d-e827-43ef-b683-3b8aa71bf331,
DC0067,Logon Session Creation,x-mitre-data-component--9ce98c86-8d30-4043-ba54-0784d478d0b5,T1213.005,Messaging Applications,attack-pattern--fb75213f-cfb0-40bf-a02f-3bad93d6601e,True,DET0567,Detecting Unauthorized Collection from Messaging Applications in SaaS and Office Environments,x-mitre-detection-strategy--c69d915c-0cbf-479e-b0b5-bebd7eb7e728,relationship--9ea8e5a8-93ad-48c6-b896-6b32025299a4,
DC0067,Logon Session Creation,x-mitre-data-component--9ce98c86-8d30-4043-ba54-0784d478d0b5,T1480,Execution Guardrails,attack-pattern--853c4192-4311-43e1-bfbb-b11b14911852,False,DET0562,Multi-Platform Execution Guardrails Environmental Validation Detection Strategy,x-mitre-detection-strategy--99bdd6d6-ebef-40e2-83d2-2f39408c82e3,relationship--d1b82c9a-003e-4eb2-b34d-d2b2dbbebe19,
DC0067,Logon Session Creation,x-mitre-data-component--9ce98c86-8d30-4043-ba54-0784d478d0b5,T1480.001,Environmental Keying,attack-pattern--f244b8dd-af6c-4391-a497-fc03627ce995,True,DET0474,Environmental Keying Discovery-to-Decryption Behavioral Chain Detection Strategy,x-mitre-detection-strategy--a59f4a44-d581-4026-802d-5dc5c0c9f7d5,relationship--a7c4fd3b-02cd-496d-a633-a9cd23eb8115,
DC0067,Logon Session Creation,x-mitre-data-component--9ce98c86-8d30-4043-ba54-0784d478d0b5,T1505.003,Web Shell,attack-pattern--5d0d3609-d06d-49e1-b9c9-b544e0c618cb,True,DET0394,Web Shell Detection via Server Behavior and File Execution Chains,x-mitre-detection-strategy--abb052c6-4edd-4592-9b9b-e53a55ac53b8,relationship--6b31d2da-bc19-4d4e-9da4-b61688d0bd39,
DC0067,Logon Session Creation,x-mitre-data-component--9ce98c86-8d30-4043-ba54-0784d478d0b5,T1526,Cloud Service Discovery,attack-pattern--e24fcba8-2557-4442-a139-1ee2f2e784db,False,DET0402,Detection Strategy for Cloud Service Discovery,x-mitre-detection-strategy--a9351ea0-8379-47cd-a5c5-c5cf424249ef,relationship--a3610e91-2e89-4205-b285-adcccd7c3974,
DC0067,Logon Session Creation,x-mitre-data-component--9ce98c86-8d30-4043-ba54-0784d478d0b5,T1534,Internal Spearphishing,attack-pattern--9e7452df-5144-4b6e-b04a-b66dd4016747,False,DET0054,Internal Spearphishing via Trusted Accounts,x-mitre-detection-strategy--acc27d20-8aad-42ce-b928-6cda3c22e51b,relationship--6e565457-f873-40b8-aa6a-b1b59f31a47a,
DC0067,Logon Session Creation,x-mitre-data-component--9ce98c86-8d30-4043-ba54-0784d478d0b5,T1538,Cloud Service Dashboard,attack-pattern--e49920b0-6c54-40c1-9571-73723653205f,False,DET0291,Detection of Cloud Service Dashboard Usage via GUI-Based Cloud Access,x-mitre-detection-strategy--e2bf0a76-b5e4-4a23-adbb-024454f5dbdc,relationship--3773ce57-ad3c-47ae-8484-6a42338dddf4,
DC0067,Logon Session Creation,x-mitre-data-component--9ce98c86-8d30-4043-ba54-0784d478d0b5,T1539,Steal Web Session Cookie,attack-pattern--10ffac09-e42d-4f56-ab20-db94c67d76ff,False,DET0509,"Detection of Web Session Cookie Theft via File, Memory, and Network Artifacts",x-mitre-detection-strategy--26fdbcb2-abc1-4844-8e5d-2c6039336cb7,relationship--e664a59e-9529-43cd-bac0-0ff1ced6a41f,
DC0067,Logon Session Creation,x-mitre-data-component--9ce98c86-8d30-4043-ba54-0784d478d0b5,T1547.013,XDG Autostart Entries,attack-pattern--e0232cb0-ded5-4c2e-9dc7-2893142a5c11,True,DET0390,Linux Detection Strategy for T1547.013 - XDG Autostart Entries,x-mitre-detection-strategy--c265ea42-9c5a-41f0-9627-d7ac0063ec98,relationship--9130b83f-5494-4289-9034-e90a2175f2e6,
DC0067,Logon Session Creation,x-mitre-data-component--9ce98c86-8d30-4043-ba54-0784d478d0b5,T1550,Use Alternate Authentication Material,attack-pattern--51a14c76-dd3b-440b-9c20-2bf91d25a814,False,DET0338,Behavioral Detection Strategy for Use Alternate Authentication Material (T1550),x-mitre-detection-strategy--2b666abc-e642-4f40-abec-36bd48f1f15c,relationship--a152e0f1-2588-4c93-aeb8-78a596e153e0,
DC0067,Logon Session Creation,x-mitre-data-component--9ce98c86-8d30-4043-ba54-0784d478d0b5,T1550.002,Pass the Hash,attack-pattern--e624264c-033a-424d-9fd7-fc9c3bbdb03e,True,DET0409,Detection Strategy for T1550.002 - Pass the Hash (Windows),x-mitre-detection-strategy--5692084b-878d-44f7-8b38-a3d125894845,relationship--fa64735f-0ea6-482b-859a-5cb4b9f6f95b,
DC0067,Logon Session Creation,x-mitre-data-component--9ce98c86-8d30-4043-ba54-0784d478d0b5,T1550.003,Pass the Ticket,attack-pattern--7b211ac6-c815-4189-93a9-ab415deca926,True,DET0352,Detection Strategy for T1550.003 - Pass the Ticket (Windows),x-mitre-detection-strategy--5f53739d-3a41-4f7e-a83d-219a0c64e7a1,relationship--8c7004e4-8b41-436a-91e5-6b026eeaf062,
DC0067,Logon Session Creation,x-mitre-data-component--9ce98c86-8d30-4043-ba54-0784d478d0b5,T1550.004,Web Session Cookie,attack-pattern--c3c8c916-2f3c-4e71-94b2-240bdfc996f0,True,DET0074,Detect Use of Stolen Web Session Cookies Across Platforms,x-mitre-detection-strategy--8d30c115-84f7-4fcc-ba22-96cb092d8114,relationship--c954ce9b-4575-438d-8298-ed4294aed9b7,
DC0067,Logon Session Creation,x-mitre-data-component--9ce98c86-8d30-4043-ba54-0784d478d0b5,T1552.001,Credentials In Files,attack-pattern--837f9164-50af-4ac0-8219-379d8a74cefc,True,DET0307,Detect Access to Unsecured Credential Files Across Platforms,x-mitre-detection-strategy--b34a9911-8261-45b4-af09-3885f9b82cc6,relationship--eb816beb-0df8-4b41-840b-891bd1cf0ffa,
DC0067,Logon Session Creation,x-mitre-data-component--9ce98c86-8d30-4043-ba54-0784d478d0b5,T1556.001,Domain Controller Authentication,attack-pattern--d4b96d2c-1032-4b22-9235-2b5b649d0605,True,DET0271,Detect Domain Controller Authentication Process Modification (Skeleton Key),x-mitre-detection-strategy--3ac249d7-5e15-47b4-a507-18d94b11de4d,relationship--8dd635ff-46d9-4c4c-96f3-d1f94643ae30,
DC0067,Logon Session Creation,x-mitre-data-component--9ce98c86-8d30-4043-ba54-0784d478d0b5,T1556.003,Pluggable Authentication Modules,attack-pattern--06c00069-771a-4d57-8ef5-d3718c1a8771,True,DET0454,Detect Malicious Modification of Pluggable Authentication Modules (PAM),x-mitre-detection-strategy--9af47d08-fbb3-4122-8af4-74105cc23b62,relationship--78b03594-f1a5-43d7-bba0-dc55d074956b,
DC0067,Logon Session Creation,x-mitre-data-component--9ce98c86-8d30-4043-ba54-0784d478d0b5,T1556.007,Hybrid Identity,attack-pattern--54ca26f3-c172-4231-93e5-ccebcac2161f,True,DET0293,Detect Hybrid Identity Authentication Process Modification,x-mitre-detection-strategy--6b681059-99f7-46ff-bd36-96fd414074d4,relationship--80b99ad7-0121-409f-b307-46074c6e8c0b,
DC0067,Logon Session Creation,x-mitre-data-component--9ce98c86-8d30-4043-ba54-0784d478d0b5,T1558.003,Kerberoasting,attack-pattern--f2877f7f-9a4c-4251-879f-1224e3006bee,True,DET0157,Detect Kerberoasting Attempts (T1558.003),x-mitre-detection-strategy--f1fe6286-1f54-4dfc-b96a-31b10711e4b1,relationship--93939eb7-93f1-4a3c-9a27-45a4848c37ab,
DC0067,Logon Session Creation,x-mitre-data-component--9ce98c86-8d30-4043-ba54-0784d478d0b5,T1562.013,Disable or Modify Network Device Firewall,attack-pattern--a0f84e1d-d25c-4dd1-bb26-3c0e68471530,True,DET0306,Unauthorized Network Firewall Rule Modification (T1562.013),x-mitre-detection-strategy--3a114d11-0850-4c33-b828-359e59b15250,relationship--14608f37-06ed-474a-b6ca-ccea80788f32,
DC0067,Logon Session Creation,x-mitre-data-component--9ce98c86-8d30-4043-ba54-0784d478d0b5,T1563,Remote Service Session Hijacking,attack-pattern--5b0ad6f8-6a16-4966-a4ef-d09ea6e2a9f5,False,DET0079,Detection of Remote Service Session Hijacking,x-mitre-detection-strategy--5d244477-26e2-4b3a-b882-fd74e366e07d,relationship--91aad2e7-a865-4f83-88c8-c844822f3d81,
DC0067,Logon Session Creation,x-mitre-data-component--9ce98c86-8d30-4043-ba54-0784d478d0b5,T1563.001,SSH Hijacking,attack-pattern--4d2a5b3e-340d-4600-9123-309dd63c9bf8,True,DET0256,Detection Strategy for SSH Session Hijacking,x-mitre-detection-strategy--bdbd724e-b3e2-44d7-a9d6-ba2a4915762c,relationship--d9456903-054e-4281-b9f3-b95c5bf42f6e,
DC0067,Logon Session Creation,x-mitre-data-component--9ce98c86-8d30-4043-ba54-0784d478d0b5,T1563.002,RDP Hijacking,attack-pattern--e0033c16-a07e-48aa-8204-7c3ca669998c,True,DET0588,Detection fo Remote Service Session Hijacking for RDP.,x-mitre-detection-strategy--2729a43c-3f8d-4fee-b2bd-f773436d051b,relationship--29016afa-0769-41ea-ba47-9f4aecf6228d,
DC0067,Logon Session Creation,x-mitre-data-component--9ce98c86-8d30-4043-ba54-0784d478d0b5,T1566,Phishing,attack-pattern--a62a8db3-f23a-4d8f-afd6-9dbc77e7813b,False,DET0070,Detection Strategy for Phishing across platforms.,x-mitre-detection-strategy--7ee73f2e-76b2-4f00-bcc0-7fb79d31d344,relationship--90a84c7a-e685-4ec1-8195-69eea3fc1507,
DC0067,Logon Session Creation,x-mitre-data-component--9ce98c86-8d30-4043-ba54-0784d478d0b5,T1606,Forge Web Credentials,attack-pattern--94cb00a4-b295-4d06-aa2b-5653b9c1be9c,False,DET0260,Detection Strategy for Forged Web Credentials,x-mitre-detection-strategy--44f32d03-50ce-480f-b531-481bcc6dc0a8,relationship--8f9b23a3-d06f-4be8-9073-86cbc90b2164,
DC0067,Logon Session Creation,x-mitre-data-component--9ce98c86-8d30-4043-ba54-0784d478d0b5,T1606.001,Web Cookies,attack-pattern--861b8fd2-57f3-4ee1-ab5d-c19c3b8c7a4a,True,DET0171,Detection Strategy for Forged Web Cookies,x-mitre-detection-strategy--e1854c9f-2b70-4311-9a46-a420f6c0b6d0,relationship--a5166ebe-100e-4cae-abc9-2065c1d3bcd6,
DC0067,Logon Session Creation,x-mitre-data-component--9ce98c86-8d30-4043-ba54-0784d478d0b5,T1606.002,SAML Tokens,attack-pattern--1f9c2bae-b441-4f66-a8af-b65946ee72f2,True,DET0148,Detection Strategy for Forged SAML Tokens,x-mitre-detection-strategy--b6d7d7cb-b56f-4095-b3ac-21147b0123e5,relationship--4c734725-c97f-437b-952d-f94f9dba8f05,
DC0067,Logon Session Creation,x-mitre-data-component--9ce98c86-8d30-4043-ba54-0784d478d0b5,T1656,Impersonation,attack-pattern--c9e0c59e-162e-40a4-b8b1-78fab4329ada,False,DET0286,Detection Strategy for Impersonation,x-mitre-detection-strategy--1e08be7e-451c-4b10-9e65-b6dbf8d54b38,relationship--b3917dee-c0ea-44aa-95bd-6d108affa0b8,
DC0067,Logon Session Creation,x-mitre-data-component--9ce98c86-8d30-4043-ba54-0784d478d0b5,T1657,Financial Theft,attack-pattern--851e071f-208d-4c79-adc6-5974c85c78f3,False,DET0495,Detection Strategy for Financial Theft,x-mitre-detection-strategy--e767f434-dda3-41fe-a9ea-e7aaae251e61,relationship--9ae66715-6d4e-4fb5-b359-1658c57052b1,
DC0068,Active Directory Object Deletion,x-mitre-data-component--9085a576-636a-455b-91d2-c2921bbe6d1d,T1003.006,DCSync,attack-pattern--f303a39a-6255-4b89-aecc-18c4d8ca7163,True,DET0594,Detection of Unauthorized DCSync Operations via Replication API Abuse,x-mitre-detection-strategy--3796aa06-65fe-4b9d-9d31-e6491b722632,relationship--a279f2fd-fb42-400d-a79a-74084b910dea,
DC0069,Cloud Service Modification,x-mitre-data-component--e52d89f9-1710-4708-88a5-cbef77c4cd5e,T1040,Network Sniffing,attack-pattern--3257eb21-f9a7-4430-8de1-d8b6e288f529,False,DET0314,Detection Strategy for Network Sniffing Across Platforms,x-mitre-detection-strategy--49505f6d-b778-4a84-a072-9236b700e7b5,relationship--0dcf6c3b-b899-4ee4-99ad-cad56967f9ca,
DC0069,Cloud Service Modification,x-mitre-data-component--e52d89f9-1710-4708-88a5-cbef77c4cd5e,T1059.009,Cloud API,attack-pattern--55bb4471-ff1f-43b4-88c1-c9384ec47abf,True,DET0078,Behavioral Detection of Malicious Cloud API Scripting,x-mitre-detection-strategy--e7bd0f37-f2cf-4e3c-a9c1-c41f63b67e1c,relationship--a26146c9-0c9f-4668-972c-ad607ea1ab0f,
DC0069,Cloud Service Modification,x-mitre-data-component--e52d89f9-1710-4708-88a5-cbef77c4cd5e,T1213,Data from Information Repositories,attack-pattern--d28ef391-8ed4-45dc-bc4a-2f43abf54416,False,DET0413,Abuse of Information Repositories for Data Collection,x-mitre-detection-strategy--48e8d8b1-0117-48bd-a32d-f4e43b665bf3,relationship--9f605e91-c94f-48b0-ab9f-1d692649eca5,
DC0069,Cloud Service Modification,x-mitre-data-component--e52d89f9-1710-4708-88a5-cbef77c4cd5e,T1496,Resource Hijacking,attack-pattern--cd25c1b4-935c-4f0e-ba8d-552f28bc4783,False,DET0267,Resource Hijacking Detection Strategy,x-mitre-detection-strategy--440ddaf2-4e80-4699-90d7-0bdccdfeece6,relationship--c267dfc4-92f8-41f5-a101-177153e674c3,
DC0069,Cloud Service Modification,x-mitre-data-component--e52d89f9-1710-4708-88a5-cbef77c4cd5e,T1496.004,Cloud Service Hijacking,attack-pattern--924d273c-be0d-4d8d-af58-2dddb15ef1e2,True,DET0147,Detection Strategy for Cloud Service Hijacking via SaaS Abuse,x-mitre-detection-strategy--e769419e-39f6-478d-97b8-cf0672fa635b,relationship--c353975a-cce4-4166-b632-f74f7e57c956,
DC0069,Cloud Service Modification,x-mitre-data-component--e52d89f9-1710-4708-88a5-cbef77c4cd5e,T1528,Steal Application Access Token,attack-pattern--890c9858-598c-401d-a4d5-c67ebcdd703a,False,DET0515,Detection Strategy for T1528 - Steal Application Access Token,x-mitre-detection-strategy--58bdb4c6-510b-4ffc-9703-852614116ac8,relationship--ba18f273-c399-46e3-be3e-205d1140f8d6,
DC0069,Cloud Service Modification,x-mitre-data-component--e52d89f9-1710-4708-88a5-cbef77c4cd5e,T1546,Event Triggered Execution,attack-pattern--b6301b64-ef57-4cce-bb0b-77026f14a8db,False,DET0010,Behavioral Detection of Event Triggered Execution Across Platforms,x-mitre-detection-strategy--c5e3823f-5ee0-43db-b6fa-b63d6587b24c,relationship--e6a8c456-3c2e-44a6-8614-b5c3e7cb4d98,
DC0069,Cloud Service Modification,x-mitre-data-component--e52d89f9-1710-4708-88a5-cbef77c4cd5e,T1556,Modify Authentication Process,attack-pattern--f4c1826f-a322-41cd-9557-562100848c84,False,DET0104,Detect Modification of Authentication Processes Across Platforms,x-mitre-detection-strategy--d51dd574-9171-4c46-89bc-0e3bb1178dfe,relationship--d071af46-206b-4ad4-994a-a4ffb350676e,
DC0069,Cloud Service Modification,x-mitre-data-component--e52d89f9-1710-4708-88a5-cbef77c4cd5e,T1556.006,Multi-Factor Authentication,attack-pattern--b4409cd8-0da9-46e1-a401-a241afd4d1cc,True,DET0190,Detect MFA Modification or Disabling Across Platforms,x-mitre-detection-strategy--eccad822-4f5b-4337-8c8b-825cf617f853,relationship--0cf350af-0fc3-4584-9e84-0af50eb17eca,
DC0069,Cloud Service Modification,x-mitre-data-component--e52d89f9-1710-4708-88a5-cbef77c4cd5e,T1556.007,Hybrid Identity,attack-pattern--54ca26f3-c172-4231-93e5-ccebcac2161f,True,DET0293,Detect Hybrid Identity Authentication Process Modification,x-mitre-detection-strategy--6b681059-99f7-46ff-bd36-96fd414074d4,relationship--80b99ad7-0121-409f-b307-46074c6e8c0b,
DC0069,Cloud Service Modification,x-mitre-data-component--e52d89f9-1710-4708-88a5-cbef77c4cd5e,T1556.009,Conditional Access Policies,attack-pattern--ceaeb6d8-95ee-4da2-9d42-dc6aa6ca43ae,True,DET0030,Detect Conditional Access Policy Modification in Identity and Cloud Platforms,x-mitre-detection-strategy--4cd84c0e-b125-4576-9441-57c1664bf014,relationship--f84856d4-4a84-4269-9fb8-5388ee8b8228,
DC0069,Cloud Service Modification,x-mitre-data-component--e52d89f9-1710-4708-88a5-cbef77c4cd5e,T1562.001,Disable or Modify Tools,attack-pattern--ac08589e-ee59-4935-8667-d845e38fe579,True,DET0497,Detection of Impair Defenses through Disabled or Modified Tools across OS Platforms.,x-mitre-detection-strategy--a21019ad-f6d2-4806-be7b-01ba27c63147,relationship--325b752a-0c12-42ec-9dfb-112a83c73518,
DC0069,Cloud Service Modification,x-mitre-data-component--e52d89f9-1710-4708-88a5-cbef77c4cd5e,T1562.008,Disable or Modify Cloud Logs,attack-pattern--cacc40da-4c9e-462c-80d5-fd70a178b12d,True,DET0289,Detection Strategy for Disable or Modify Cloud Logs,x-mitre-detection-strategy--f0190654-2eda-42a7-9a4d-6edc95aada02,relationship--b0c6242f-7df1-4574-8812-12249c883f7b,
DC0069,Cloud Service Modification,x-mitre-data-component--e52d89f9-1710-4708-88a5-cbef77c4cd5e,T1578.005,Modify Cloud Compute Configurations,attack-pattern--ca00366b-83a1-4c7b-a0ce-8ff950a7c87f,True,DET0492,Detection Strategy for Modify Cloud Compute Infrastructure: Modify Cloud Compute Configurations,x-mitre-detection-strategy--d4586276-d188-44e7-a782-dded12dd352e,relationship--834fe398-2ad2-4b19-88cd-cd6da2d5b46c,
DC0069,Cloud Service Modification,x-mitre-data-component--e52d89f9-1710-4708-88a5-cbef77c4cd5e,T1648,Serverless Execution,attack-pattern--e848506b-8484-4410-8017-3d235a52f5b3,False,DET0374,Detection Strategy for Serverless Execution (T1648),x-mitre-detection-strategy--7a848f8f-4bdc-426c-989e-bc1abfaeb7fa,relationship--e6c1e0f5-7426-4670-9f3e-7479a4b2ba20,
DC0069,Cloud Service Modification,x-mitre-data-component--e52d89f9-1710-4708-88a5-cbef77c4cd5e,T1666,Modify Cloud Resource Hierarchy,attack-pattern--0ce73446-8722-4086-9d43-514f1d0f669e,False,DET0155,Detection Strategy for Modify Cloud Resource Hierarchy,x-mitre-detection-strategy--fdcd77fc-d6da-4692-a978-461a7f7dba61,relationship--04227e29-fba4-4b7d-9d2c-300814d5d2b2,
DC0069,Cloud Service Modification,x-mitre-data-component--e52d89f9-1710-4708-88a5-cbef77c4cd5e,T1671,Cloud Application Integration,attack-pattern--c31aebd6-c9b5-420f-ba2a-5853bbf897fa,False,DET0539,Detection Strategy for Cloud Application Integration,x-mitre-detection-strategy--8bc479cf-727b-40d1-92d2-5755766d8544,relationship--7fd5057e-fa4f-45ee-99cc-ca792cd8412f,
DC0069,Cloud Service Modification,x-mitre-data-component--e52d89f9-1710-4708-88a5-cbef77c4cd5e,T1677,Poisoned Pipeline Execution,attack-pattern--7655ac3b-dfde-49c5-a967-242856174434,False,DET0533,Detection Strategy for Poisoned Pipeline Execution via SaaS CI/CD Workflows,x-mitre-detection-strategy--cad3cfb6-1838-4fa3-abfc-aa590f613436,relationship--ce76daca-413c-4075-9ca2-84a1ca1fbc93,
DC0070,Cloud Service Metadata,x-mitre-data-component--b33d36e3-d7ea-4895-8eed-19a08a8f7c4f,T1114.003,Email Forwarding Rule,attack-pattern--7d77a07d-02fe-4e88-8bd9-e9c008c01bf0,True,DET0576,Email Forwarding Rule Abuse Detection Across Platforms,x-mitre-detection-strategy--f66a9e86-49fb-4de6-963d-0e357a77f679,relationship--097ad539-3af8-45a7-9804-7f8925c693a3,
DC0070,Cloud Service Metadata,x-mitre-data-component--b33d36e3-d7ea-4895-8eed-19a08a8f7c4f,T1213.002,Sharepoint,attack-pattern--0c4b4fda-9062-47da-98b9-ceae2dcf052a,True,DET0500,Detecting Abnormal SharePoint Data Mining by Privileged or Rare Users,x-mitre-detection-strategy--960d6663-6a7f-4f95-affe-a28d71afc7d9,relationship--3dbd21a3-71d4-41e3-b999-a9dbbe8dfc91,
DC0070,Cloud Service Metadata,x-mitre-data-component--b33d36e3-d7ea-4895-8eed-19a08a8f7c4f,T1213.003,Code Repositories,attack-pattern--cff94884-3b1c-4987-a70b-6d5643c621c3,True,DET0263,Detecting Bulk or Anomalous Access to Private Code Repositories via SaaS Platforms,x-mitre-detection-strategy--574968c5-ca49-4005-958f-c3ea5a78cfbc,relationship--8b6e293f-6992-4fca-bb50-ddb4ae7c406c,
DC0070,Cloud Service Metadata,x-mitre-data-component--b33d36e3-d7ea-4895-8eed-19a08a8f7c4f,T1213.006,Databases,attack-pattern--248d3fe1-7fe1-4d71-91c7-8bb7ef35cad3,True,DET0242,Suspicious Database Access and Dump Activity Across Environments (T1213.006),x-mitre-detection-strategy--18fe3660-c079-4522-b1d7-7ce7f65f9686,relationship--0425a702-10d7-4033-9af3-7c2b76f4576b,
DC0070,Cloud Service Metadata,x-mitre-data-component--b33d36e3-d7ea-4895-8eed-19a08a8f7c4f,T1499.003,Application Exhaustion Flood,attack-pattern--18cffc21-3260-437e-80e4-4ab8bf2ba5e9,True,DET0415,Application Exhaustion Flood Detection Across Platforms,x-mitre-detection-strategy--430abda8-2a2c-4ab8-bbd6-eb205a189362,relationship--c0da39f7-4127-4627-b098-822e3a1a61a9,
DC0070,Cloud Service Metadata,x-mitre-data-component--b33d36e3-d7ea-4895-8eed-19a08a8f7c4f,T1552,Unsecured Credentials,attack-pattern--435dfb86-2697-4867-85b5-2fef496c0517,False,DET0412,Detect Access or Search for Unsecured Credentials Across Platforms,x-mitre-detection-strategy--d1912fbc-aaac-4bb1-82f1-0713280ca9a1,relationship--9a673d77-b594-4115-9ffa-b1b38cf6de18,
DC0070,Cloud Service Metadata,x-mitre-data-component--b33d36e3-d7ea-4895-8eed-19a08a8f7c4f,T1552.005,Cloud Instance Metadata API,attack-pattern--19bf235b-8620-4997-b5b4-94e0659ed7c3,True,DET0001,Detect Access to Cloud Instance Metadata API (IaaS),x-mitre-detection-strategy--6182825d-f41f-4d87-ac93-937f7894ab1d,relationship--0aa99c14-ce0e-4d79-8c14-6137b2b602f1,
DC0070,Cloud Service Metadata,x-mitre-data-component--b33d36e3-d7ea-4895-8eed-19a08a8f7c4f,T1578,Modify Cloud Compute Infrastructure,attack-pattern--144e007b-e638-431d-a894-45d90c54ab90,False,DET0308,Detection Strategy for Modify Cloud Compute Infrastructure,x-mitre-detection-strategy--af0d25b2-1912-4821-85db-305abe318535,relationship--55386ce2-a1d3-426e-9e5a-37e52c20d18a,
DC0070,Cloud Service Metadata,x-mitre-data-component--b33d36e3-d7ea-4895-8eed-19a08a8f7c4f,T1677,Poisoned Pipeline Execution,attack-pattern--7655ac3b-dfde-49c5-a967-242856174434,False,DET0533,Detection Strategy for Poisoned Pipeline Execution via SaaS CI/CD Workflows,x-mitre-detection-strategy--cad3cfb6-1838-4fa3-abfc-aa590f613436,relationship--ce76daca-413c-4075-9ca2-84a1ca1fbc93,
DC0071,Active Directory Object Access,x-mitre-data-component--5c6de881-bc70-4070-855a-7a9631a407f7,T1003,OS Credential Dumping,attack-pattern--0a3ead4e-6d47-4ccb-854c-a6a4f9d96b22,False,DET0234,Credential Dumping via Sensitive Memory and Registry Access Correlation,x-mitre-detection-strategy--8b8cfd0f-bbe2-417b-b1d2-eebf84d3f008,relationship--a9f91861-99e7-4dee-b037-9c6fd56e9892,
DC0071,Active Directory Object Access,x-mitre-data-component--5c6de881-bc70-4070-855a-7a9631a407f7,T1003.006,DCSync,attack-pattern--f303a39a-6255-4b89-aecc-18c4d8ca7163,True,DET0594,Detection of Unauthorized DCSync Operations via Replication API Abuse,x-mitre-detection-strategy--3796aa06-65fe-4b9d-9d31-e6491b722632,relationship--a279f2fd-fb42-400d-a79a-74084b910dea,
DC0071,Active Directory Object Access,x-mitre-data-component--5c6de881-bc70-4070-855a-7a9631a407f7,T1201,Password Policy Discovery,attack-pattern--b6075259-dba3-44e9-87c7-e954f37ec0d5,False,DET0161,Password Policy Discovery – cross-platform behavior-chain analytics,x-mitre-detection-strategy--72742281-7457-4124-a277-7f3cf5e23f4e,relationship--61c33856-75d9-403c-a31c-e7ef853f0796,
DC0071,Active Directory Object Access,x-mitre-data-component--5c6de881-bc70-4070-855a-7a9631a407f7,T1207,Rogue Domain Controller,attack-pattern--564998d8-ab3e-4123-93fb-eccaa6b9714a,False,DET0276,Detection Strategy for Rogue Domain Controller (DCShadow) Registration and Replication Abuse,x-mitre-detection-strategy--f012e122-9f78-4370-a481-d2efaa181359,relationship--a5f42918-93c0-4537-9780-bfbe67920812,
DC0071,Active Directory Object Access,x-mitre-data-component--5c6de881-bc70-4070-855a-7a9631a407f7,T1482,Domain Trust Discovery,attack-pattern--767dbf9e-df3f-45cb-8998-4903ab5f80c0,False,DET0007,"Detection of Domain Trust Discovery via API, Script, and CLI Enumeration",x-mitre-detection-strategy--3414f3b8-17a2-438c-8bbc-a261a04da8bc,relationship--fee2c7b4-9246-4abb-af00-64175d16fc8d,
DC0071,Active Directory Object Access,x-mitre-data-component--5c6de881-bc70-4070-855a-7a9631a407f7,T1615,Group Policy Discovery,attack-pattern--1b20efbf-8063-4fc3-a07d-b575318a301b,False,DET0055,Detection strategy for Group Policy Discovery on Windows,x-mitre-detection-strategy--e5eff2eb-4a41-44d1-9c79-4977fb73f569,relationship--0c2b1d8f-3f5b-4b3a-b146-83e54685d6b9,
DC0072,Container Creation,x-mitre-data-component--a5ae90ca-0c4b-481c-959f-0eb18a7ff953,T1053.007,Container Orchestration Job,attack-pattern--1126cab1-c700-412f-a510-61f4937bb096,True,DET0206,Detection of Malicious Kubernetes CronJob Scheduling,x-mitre-detection-strategy--a1e17bbb-73d6-48d5-b0ab-1350189b0ecd,relationship--849ca811-855b-4e53-bb45-540d8746f67d,
DC0072,Container Creation,x-mitre-data-component--a5ae90ca-0c4b-481c-959f-0eb18a7ff953,T1059.013,Container CLI/API,attack-pattern--c283d88f-8c23-4318-9da5-3d50cecad756,True,DET0083,Container CLI and API Abuse via Docker/Kubernetes (T1059.013),x-mitre-detection-strategy--26580351-9bc3-4e03-b5ad-139d38303707,relationship--72997815-8014-4964-861d-a419d77066c9,
DC0072,Container Creation,x-mitre-data-component--a5ae90ca-0c4b-481c-959f-0eb18a7ff953,T1204,User Execution,attack-pattern--8c32eb4d-805f-4fc5-bf60-c4d476c131b5,False,DET0478,User Execution – multi-surface behavior chain (documents/links → helper/unpacker → LOLBIN/child → egress),x-mitre-detection-strategy--70c9f174-2e96-4086-b59c-d2358e434f8e,relationship--7a3c280c-1116-4197-812a-e233eb1d5a17,
DC0072,Container Creation,x-mitre-data-component--a5ae90ca-0c4b-481c-959f-0eb18a7ff953,T1204.003,Malicious Image,attack-pattern--b0c74ef9-c61e-4986-88cb-78da98a355ec,True,DET0248,User Execution – Malicious Image (containers & IaaS) – pull/run → start → anomalous behavior (T1204.003),x-mitre-detection-strategy--ee7bd8ff-fbfd-4bb2-9d23-cf3f6ed342c7,relationship--3ce513f0-6c41-477f-a35d-42d0ec2f8171,
DC0072,Container Creation,x-mitre-data-component--a5ae90ca-0c4b-481c-959f-0eb18a7ff953,T1496.001,Compute Hijacking,attack-pattern--a718a0c8-5768-41a1-9958-a1cc3f995e99,True,DET0540,Multi-Platform Behavioral Detection for Compute Hijacking,x-mitre-detection-strategy--be288974-9b74-41c1-8c43-66aef169255a,relationship--9176ca84-16bf-4a60-bce5-ffa6093c8145,
DC0072,Container Creation,x-mitre-data-component--a5ae90ca-0c4b-481c-959f-0eb18a7ff953,T1543,Create or Modify System Process,attack-pattern--106c0cf6-bf73-4601-9aa8-0945c2715ec5,False,DET0571,Detection of System Process Creation or Modification Across Platforms,x-mitre-detection-strategy--dab6c58b-2f44-4539-93e1-b03990fc1649,relationship--f2f4bc4a-1f7a-4cb8-8635-d8461de4480c,
DC0072,Container Creation,x-mitre-data-component--a5ae90ca-0c4b-481c-959f-0eb18a7ff953,T1543.005,Container Service,attack-pattern--b0e54bf7-835e-4f44-bd8e-62f431b9b76a,True,DET0473,Detect persistent or elevated container services via container runtime or cluster manipulation,x-mitre-detection-strategy--81ac26e4-c4f6-4368-842f-50033ca8522b,relationship--a0a7fa79-fe0a-4f2c-aa23-5bc18c1c4891,
DC0072,Container Creation,x-mitre-data-component--a5ae90ca-0c4b-481c-959f-0eb18a7ff953,T1611,Escape to Host,attack-pattern--4a5b7ade-8bb5-4853-84ed-23f262002665,False,DET0219,Detection Strategy for Escape to Host,x-mitre-detection-strategy--8796c5cc-7e5a-402f-8252-f083aafc5cc9,relationship--a7131e1e-1898-403a-b431-099e7c62393c,
DC0073,Instance Modification,x-mitre-data-component--45d0ff14-b9c4-41f5-8603-156657c20b75,T1578.004,Revert Cloud Instance,attack-pattern--0708ae90-d0eb-4938-9a76-d0fc94f6eec1,True,DET0337,Detection Strategy for Modify Cloud Compute Infrastructure: Revert Cloud Instance,x-mitre-detection-strategy--f5ee584b-bbbd-481a-af63-c49166b8b1a8,relationship--e4b4bdd3-07b3-4d99-b054-330260bfec0a,
DC0075,Instance Enumeration,x-mitre-data-component--2a80d95f-08c4-48e3-833e-151ef19d90f5,T1082,System Information Discovery,attack-pattern--354a7f88-63fb-41b5-a801-ce3b377b36f1,False,DET0525,System Discovery via Native and Remote Utilities,x-mitre-detection-strategy--75161d5e-2b6d-4112-ab4d-338f70ea97f0,relationship--baaaccfe-3c16-4d6b-8b67-279d74ee8da4,
DC0075,Instance Enumeration,x-mitre-data-component--2a80d95f-08c4-48e3-833e-151ef19d90f5,T1580,Cloud Infrastructure Discovery,attack-pattern--57a3d31a-d04f-4663-b2da-7df8ec3f8c9d,False,DET0169,Detection Strategy for Cloud Infrastructure Discovery,x-mitre-detection-strategy--22331b2d-e8a1-4820-ae6b-7d04f24f7df7,relationship--87f3ef36-2cfb-4707-96ea-650c60471651,
DC0076,Instance Creation,x-mitre-data-component--b5b0e8ae-7436-4951-950a-7b83c4dd3f2c,T1204,User Execution,attack-pattern--8c32eb4d-805f-4fc5-bf60-c4d476c131b5,False,DET0478,User Execution – multi-surface behavior chain (documents/links → helper/unpacker → LOLBIN/child → egress),x-mitre-detection-strategy--70c9f174-2e96-4086-b59c-d2358e434f8e,relationship--7a3c280c-1116-4197-812a-e233eb1d5a17,
DC0076,Instance Creation,x-mitre-data-component--b5b0e8ae-7436-4951-950a-7b83c4dd3f2c,T1204.003,Malicious Image,attack-pattern--b0c74ef9-c61e-4986-88cb-78da98a355ec,True,DET0248,User Execution – Malicious Image (containers & IaaS) – pull/run → start → anomalous behavior (T1204.003),x-mitre-detection-strategy--ee7bd8ff-fbfd-4bb2-9d23-cf3f6ed342c7,relationship--3ce513f0-6c41-477f-a35d-42d0ec2f8171,
DC0076,Instance Creation,x-mitre-data-component--b5b0e8ae-7436-4951-950a-7b83c4dd3f2c,T1578.002,Create Cloud Instance,attack-pattern--cf1c2504-433f-4c4e-a1f8-91de45a0318c,True,DET0449,Detection Strategy for Modify Cloud Compute Infrastructure: Create Cloud Instance,x-mitre-detection-strategy--bd0b0c98-3c22-4bf8-830b-2640b39eacea,relationship--5cc1e1a1-3cce-4282-8001-3a2c6c2af44c,
DC0077,Container Start,x-mitre-data-component--5fe82895-28e5-4aac-845e-dc886b63be2e,T1059.013,Container CLI/API,attack-pattern--c283d88f-8c23-4318-9da5-3d50cecad756,True,DET0083,Container CLI and API Abuse via Docker/Kubernetes (T1059.013),x-mitre-detection-strategy--26580351-9bc3-4e03-b5ad-139d38303707,relationship--72997815-8014-4964-861d-a419d77066c9,
DC0077,Container Start,x-mitre-data-component--5fe82895-28e5-4aac-845e-dc886b63be2e,T1204,User Execution,attack-pattern--8c32eb4d-805f-4fc5-bf60-c4d476c131b5,False,DET0478,User Execution – multi-surface behavior chain (documents/links → helper/unpacker → LOLBIN/child → egress),x-mitre-detection-strategy--70c9f174-2e96-4086-b59c-d2358e434f8e,relationship--7a3c280c-1116-4197-812a-e233eb1d5a17,
DC0077,Container Start,x-mitre-data-component--5fe82895-28e5-4aac-845e-dc886b63be2e,T1204.003,Malicious Image,attack-pattern--b0c74ef9-c61e-4986-88cb-78da98a355ec,True,DET0248,User Execution – Malicious Image (containers & IaaS) – pull/run → start → anomalous behavior (T1204.003),x-mitre-detection-strategy--ee7bd8ff-fbfd-4bb2-9d23-cf3f6ed342c7,relationship--3ce513f0-6c41-477f-a35d-42d0ec2f8171,
DC0077,Container Start,x-mitre-data-component--5fe82895-28e5-4aac-845e-dc886b63be2e,T1610,Deploy Container,attack-pattern--56e0d8b8-3e25-49dd-9050-3aa252f5aa92,False,DET0249,Behavior-chain detection for T1610 Deploy Container across Docker & Kubernetes control/node planes,x-mitre-detection-strategy--994c7fc6-ad85-47e6-9079-fb872ec7e541,relationship--51ae0fd9-6c66-4f7f-94ec-734259ba9140,
DC0078,Network Traffic Flow,x-mitre-data-component--a7f22107-02e5-4982-9067-6625d4a1765a,T1008,Fallback Channels,attack-pattern--f24faf46-3b26-4dbb-98f2-63460498e433,False,DET0499,Behavioral Detection of Fallback or Alternate C2 Channels,x-mitre-detection-strategy--ee1c44c9-c5aa-4a9c-9e68-49854ed4d602,relationship--87311c74-f1fe-403e-a646-39fa03ca756a,
DC0078,Network Traffic Flow,x-mitre-data-component--a7f22107-02e5-4982-9067-6625d4a1765a,T1011,Exfiltration Over Other Network Medium,attack-pattern--51ea26b1-ff1e-4faa-b1a0-1114cd298c87,False,DET0077,Detection of Exfiltration Over Alternate Network Interfaces,x-mitre-detection-strategy--9280a84d-bf77-4a86-a052-ce6ea0d50e72,relationship--9cd323fc-5b81-49ac-9457-4c17292ba25e,
DC0078,Network Traffic Flow,x-mitre-data-component--a7f22107-02e5-4982-9067-6625d4a1765a,T1020.001,Traffic Duplication,attack-pattern--7c46b364-8496-4234-8a56-f7e6727e21e1,True,DET0403,Detection Strategy for Traffic Duplication via Mirroring in IaaS and Network Devices,x-mitre-detection-strategy--69c06a1c-5b36-432c-871b-813957b3c678,relationship--81416cda-a14e-4868-8985-2a17c9201b8a,
DC0078,Network Traffic Flow,x-mitre-data-component--a7f22107-02e5-4982-9067-6625d4a1765a,T1021.004,SSH,attack-pattern--2db31dcd-54da-405d-acef-b9129b816ed6,True,DET0596,Behavioral Detection of Remote SSH Logins Followed by Post-Login Execution,x-mitre-detection-strategy--5367273a-2f30-413e-a961-1dbd323be5b0,relationship--8111392d-8ec1-466e-9e0b-9e5162c3e857,
DC0078,Network Traffic Flow,x-mitre-data-component--a7f22107-02e5-4982-9067-6625d4a1765a,T1021.005,VNC,attack-pattern--01327cde-66c4-4123-bf34-5f258d59457b,True,DET0178,Behavioral Detection of Unauthorized VNC Remote Control Sessions,x-mitre-detection-strategy--bb431f45-c3fe-4b98-8dd7-70346b56c880,relationship--efd1472c-2913-4f68-b95a-e1c2bdf55e3d,
DC0078,Network Traffic Flow,x-mitre-data-component--a7f22107-02e5-4982-9067-6625d4a1765a,T1021.006,Windows Remote Management,attack-pattern--60d0c01d-e2bf-49dd-a453-f8a9c9fa6f65,True,DET0477,Behavioral Detection of WinRM-Based Remote Access,x-mitre-detection-strategy--7ff1f384-2373-4ea9-9311-1587b520a5c4,relationship--e7e42cbd-8c98-4905-95ac-8acabbb90dcd,
DC0078,Network Traffic Flow,x-mitre-data-component--a7f22107-02e5-4982-9067-6625d4a1765a,T1029,Scheduled Transfer,attack-pattern--4eeaf8a9-c86b-4954-a663-9555fb406466,False,DET0399,Detection Strategy for Scheduled Transfer and Recurrent Exfiltration Patterns,x-mitre-detection-strategy--3ec6ad13-f3d6-4eb2-91fe-6ee5266d1447,relationship--7e72a636-f8c4-449d-b508-db4910fc497c,
DC0078,Network Traffic Flow,x-mitre-data-component--a7f22107-02e5-4982-9067-6625d4a1765a,T1030,Data Transfer Size Limits,attack-pattern--c3888c54-775d-4b2f-b759-75a2ececcbfd,False,DET0213,Detection Strategy for Data Transfer Size Limits and Chunked Exfiltration,x-mitre-detection-strategy--d96f78ad-21cd-45dc-940a-63b348894728,relationship--cc688a88-f152-49d3-a148-806fd9348d44,
DC0078,Network Traffic Flow,x-mitre-data-component--a7f22107-02e5-4982-9067-6625d4a1765a,T1041,Exfiltration Over C2 Channel,attack-pattern--92d7da27-2d91-488e-a00c-059dc162766d,False,DET0348,Detection Strategy for Exfiltration Over C2 Channel,x-mitre-detection-strategy--beb3a98c-f1a4-434a-81e7-29d178b14db2,relationship--f8b1efaf-2f13-4844-a3f1-862619b88795,
DC0078,Network Traffic Flow,x-mitre-data-component--a7f22107-02e5-4982-9067-6625d4a1765a,T1046,Network Service Discovery,attack-pattern--e3a12395-188d-4051-9a16-ea8e14d07b88,False,DET0376,Behavioral Detection Strategy for Network Service Discovery Across Platforms,x-mitre-detection-strategy--82e20b1f-300e-43cc-9259-1d506ef5d1f8,relationship--56e3bbc8-0ff7-4877-836c-f081261d3a35,
DC0078,Network Traffic Flow,x-mitre-data-component--a7f22107-02e5-4982-9067-6625d4a1765a,T1048,Exfiltration Over Alternative Protocol,attack-pattern--a19e86f8-1c0a-4fea-8407-23b73d615776,False,DET0131,Behavioral Detection Strategy for Exfiltration Over Alternative Protocol,x-mitre-detection-strategy--ed9ef930-ec1f-4e57-a110-9b647e2ca195,relationship--0bd2a88c-9f76-42a8-be65-ce9706760dec,
DC0078,Network Traffic Flow,x-mitre-data-component--a7f22107-02e5-4982-9067-6625d4a1765a,T1048.001,Exfiltration Over Symmetric Encrypted Non-C2 Protocol,attack-pattern--79a4052e-1a89-4b09-aea6-51f1d11fe19c,True,DET0503,Behavioral Detection Strategy for Exfiltration Over Symmetric Encrypted Non-C2 Protocol,x-mitre-detection-strategy--5d368ccf-2946-4a01-bfae-c18064b6187a,relationship--56d9655a-f594-427f-b487-09f3e3d8fca3,
DC0078,Network Traffic Flow,x-mitre-data-component--a7f22107-02e5-4982-9067-6625d4a1765a,T1048.002,Exfiltration Over Asymmetric Encrypted Non-C2 Protocol,attack-pattern--8e350c1d-ac79-4b5c-bd4e-7476d7e84ec5,True,DET0512,Detection of Exfiltration Over Asymmetric Encrypted Non-C2 Protocol,x-mitre-detection-strategy--d187b646-5fb3-4d65-a190-e25e2131f802,relationship--9cdfdc91-f659-40f9-af35-404ad07be215,
DC0078,Network Traffic Flow,x-mitre-data-component--a7f22107-02e5-4982-9067-6625d4a1765a,T1048.003,Exfiltration Over Unencrypted Non-C2 Protocol,attack-pattern--fb8d023d-45be-47e9-bc51-f56bcae6435b,True,DET0149,Detection of Exfiltration Over Unencrypted Non-C2 Protocol,x-mitre-detection-strategy--a772e6e0-017e-4ceb-b125-4620ac85a5bd,relationship--58e2dcbe-42f7-4c73-b717-696ff56494cb,
DC0078,Network Traffic Flow,x-mitre-data-component--a7f22107-02e5-4982-9067-6625d4a1765a,T1059.004,Unix Shell,attack-pattern--a9d4b653-6915-42af-98b2-5758c4ceee56,True,DET0384,Behavioral Detection of Unix Shell Execution,x-mitre-detection-strategy--4a89bf52-7be1-405d-8d02-462e52553bc5,relationship--a9b074ff-ade1-47d6-b74b-ed0b14c0a276,
DC0078,Network Traffic Flow,x-mitre-data-component--a7f22107-02e5-4982-9067-6625d4a1765a,T1071,Application Layer Protocol,attack-pattern--355be19c-ffc9-46d5-8d50-d6a036c675b6,False,DET0444,Detection of Command and Control Over Application Layer Protocols,x-mitre-detection-strategy--155cab5b-c70b-4cfb-ba52-f62a21836b19,relationship--2e32bb11-7263-46e8-b96c-c8769e7001df,
DC0078,Network Traffic Flow,x-mitre-data-component--a7f22107-02e5-4982-9067-6625d4a1765a,T1071.001,Web Protocols,attack-pattern--df8b2a25-8bdf-4856-953c-a04372b1c161,True,DET0027,"Detection of Web Protocol-Based C2 Over HTTP, HTTPS, or WebSockets",x-mitre-detection-strategy--e6496b9b-2458-4616-9712-a7c0da7fd3bc,relationship--c392a03d-b4d0-4b2c-aeaa-1b010d916922,
DC0078,Network Traffic Flow,x-mitre-data-component--a7f22107-02e5-4982-9067-6625d4a1765a,T1071.002,File Transfer Protocols,attack-pattern--9a60a291-8960-4387-8a4a-2ab5c18bb50b,True,DET0416,"Detection of File Transfer Protocol-Based C2 (FTP, FTPS, SMB, TFTP)",x-mitre-detection-strategy--1fba9af9-8087-4958-90c0-ecdd8c887f6f,relationship--62ad3c77-cf52-4892-b241-9f1d1b44ad5c,
DC0078,Network Traffic Flow,x-mitre-data-component--a7f22107-02e5-4982-9067-6625d4a1765a,T1071.003,Mail Protocols,attack-pattern--54b4c251-1f0e-4eba-ba6b-dbc7a6f6f06b,True,DET0135,"Detection of Mail Protocol-Based C2 Activity (SMTP, IMAP, POP3)",x-mitre-detection-strategy--bcb3772f-25d7-4e41-8e37-ec0dc759f44d,relationship--ae96c6fa-4ea2-4cc3-bae0-68f4e43a6110,
DC0078,Network Traffic Flow,x-mitre-data-component--a7f22107-02e5-4982-9067-6625d4a1765a,T1071.004,DNS,attack-pattern--1996eef1-ced3-4d7f-bf94-33298cabbf72,True,DET0400,Behavioral Detection of DNS Tunneling and Application Layer Abuse,x-mitre-detection-strategy--c2721658-fa76-4b6f-9f84-50618de81ae0,relationship--d0253b71-3eef-4c9a-bc0a-b936fbec1ea7,
DC0078,Network Traffic Flow,x-mitre-data-component--a7f22107-02e5-4982-9067-6625d4a1765a,T1071.005,Publish/Subscribe Protocols,attack-pattern--241f9ea8-f6ae-4f38-92f5-cef5b7e539dd,True,DET0002,Behavioral Detection of Publish/Subscribe Protocol Misuse for C2,x-mitre-detection-strategy--16495e17-03ec-4e11-ab80-f76ed6386329,relationship--116eaf8e-1aed-4455-b28c-4b8c74acd21d,
DC0078,Network Traffic Flow,x-mitre-data-component--a7f22107-02e5-4982-9067-6625d4a1765a,T1072,Software Deployment Tools,attack-pattern--92a78814-b191-47ca-909c-1ccfe3777414,False,DET0223,Detection of Adversary Abuse of Software Deployment Tools,x-mitre-detection-strategy--ea1f5423-64b9-44eb-824f-251aa0faccd2,relationship--9704367c-1ca3-4b41-b7b7-b3041f6fabbd,
DC0078,Network Traffic Flow,x-mitre-data-component--a7f22107-02e5-4982-9067-6625d4a1765a,T1090,Proxy,attack-pattern--731f4f55-b6d0-41d1-a7a9-072a66389aea,False,DET0445,Detection of Proxy Infrastructure Setup and Traffic Bridging,x-mitre-detection-strategy--5c44619a-da36-4bbd-9730-efceacf2409f,relationship--20b8b8ac-5c86-4dc3-a0e7-394f0e1ed7a9,
DC0078,Network Traffic Flow,x-mitre-data-component--a7f22107-02e5-4982-9067-6625d4a1765a,T1090.001,Internal Proxy,attack-pattern--f6dacc85-b37d-458e-b58d-74fc4bbf5755,True,DET0075,Internal Proxy Behavior via Lateral Host-to-Host C2 Relay,x-mitre-detection-strategy--28630b41-d28f-4414-afc8-23cc9ce8696c,relationship--58aa13ea-1fc5-4b98-ba7a-721585eec425,
DC0078,Network Traffic Flow,x-mitre-data-component--a7f22107-02e5-4982-9067-6625d4a1765a,T1090.002,External Proxy,attack-pattern--69b8fd78-40e8-4600-ae4d-662c9d7afdb3,True,DET0325,External Proxy Behavior via Outbound Relay to Intermediate Infrastructure,x-mitre-detection-strategy--bfb5cb12-7025-44c3-9a2d-79cfe42ecf54,relationship--872ebb9f-131c-47e0-a8c3-15b4764d3594,
DC0078,Network Traffic Flow,x-mitre-data-component--a7f22107-02e5-4982-9067-6625d4a1765a,T1090.003,Multi-hop Proxy,attack-pattern--a782ebe2-daba-42c7-bc82-e8e9d923162d,True,DET0359,"Multi-hop Proxy Behavior via Relay Node Chaining, Onion Routing, and Network Tunneling",x-mitre-detection-strategy--407286ed-c904-412a-9f2d-7426ea7304a4,relationship--393a41c9-3c31-4325-9af0-c7601db3cc77,
DC0078,Network Traffic Flow,x-mitre-data-component--a7f22107-02e5-4982-9067-6625d4a1765a,T1095,Non-Application Layer Protocol,attack-pattern--c21d5a77-d422-4a69-acd7-2c53c1faa34b,False,DET0457,Detection of Non-Application Layer Protocols for C2,x-mitre-detection-strategy--2cb544af-ef54-4376-9608-b399ad67d3d6,relationship--b49312bd-f37c-4b0f-a6c8-4ab38f14db65,
DC0078,Network Traffic Flow,x-mitre-data-component--a7f22107-02e5-4982-9067-6625d4a1765a,T1102,Web Service,attack-pattern--830c9528-df21-472c-8c14-a036bf17d665,False,DET0425,Suspicious Use of Web Services for C2,x-mitre-detection-strategy--769615c5-08d5-4f51-8f3b-7ac2f1febce8,relationship--4eee02a2-fd0a-4ad7-b874-8a2a2c17ac6d,
DC0078,Network Traffic Flow,x-mitre-data-component--a7f22107-02e5-4982-9067-6625d4a1765a,T1102.001,Dead Drop Resolver,attack-pattern--f7827069-0bf2-4764-af4f-23fae0d181b7,True,DET0058,Detection Strategy for Web Service: Dead Drop Resolver,x-mitre-detection-strategy--70abbe3f-797d-495b-8f76-371408a0f929,relationship--2dbc5b6f-4cc1-4073-a93b-2b8277263b7f,
DC0078,Network Traffic Flow,x-mitre-data-component--a7f22107-02e5-4982-9067-6625d4a1765a,T1102.002,Bidirectional Communication,attack-pattern--be055942-6e63-49d7-9fa1-9cb7d8a8f3f4,True,DET0035,Detect Bidirectional Web Service C2 Channels via Process & Network Correlation,x-mitre-detection-strategy--dcf2474e-0774-40da-b7e6-f4b60d0ea62f,relationship--835d55ac-48f3-407e-a4a3-7cfd1437b0d7,
DC0078,Network Traffic Flow,x-mitre-data-component--a7f22107-02e5-4982-9067-6625d4a1765a,T1102.003,One-Way Communication,attack-pattern--9c99724c-a483-4d60-ad9d-7f004e42e8e8,True,DET0581,Detect One-Way Web Service Command Channels,x-mitre-detection-strategy--e3718a7a-77b3-4790-99ba-aba7703815fd,relationship--3c6d32c7-532c-48bf-bca0-f78c66167a0c,
DC0078,Network Traffic Flow,x-mitre-data-component--a7f22107-02e5-4982-9067-6625d4a1765a,T1104,Multi-Stage Channels,attack-pattern--84e02621-8fdf-470f-bd58-993bb6a89d91,False,DET0228,Detect Multi-Stage Command and Control Channels,x-mitre-detection-strategy--6368178a-04c5-490b-96d5-f12dcccd0497,relationship--4bb22cca-ded9-422e-8df8-fb1e387c8448,
DC0078,Network Traffic Flow,x-mitre-data-component--a7f22107-02e5-4982-9067-6625d4a1765a,T1105,Ingress Tool Transfer,attack-pattern--e6919abc-99f9-4c6c-95a5-14761e7b2add,False,DET0060,Detect Ingress Tool Transfers via Behavioral Chain,x-mitre-detection-strategy--67677c4c-5778-49eb-ae74-1920645b8554,relationship--280c13b6-71c5-4e78-9cef-057528d42589,
DC0078,Network Traffic Flow,x-mitre-data-component--a7f22107-02e5-4982-9067-6625d4a1765a,T1132.001,Standard Encoding,attack-pattern--04fd5427-79c7-44ea-ae13-11b24778ff1c,True,DET0124,"Behavior-chain detection for T1132.001 Data Encoding: Standard Encoding (Base64/Hex/MIME) across Windows, Linux, macOS, ESXi",x-mitre-detection-strategy--1f6a450a-fd29-4e5c-9708-1ae4616c28c3,relationship--0509ff0b-2095-466f-a6a4-72640f9a77fb,
DC0078,Network Traffic Flow,x-mitre-data-component--a7f22107-02e5-4982-9067-6625d4a1765a,T1132.002,Non-Standard Encoding,attack-pattern--d467bc38-284b-4a00-96ac-125f447799fc,True,DET0326,"Behavior-chain detection for T1132.002 Data Encoding: Non-Standard Encoding across Windows, Linux, macOS, ESXi",x-mitre-detection-strategy--8bcafe59-0a4b-4314-988b-085bf5cdf7a9,relationship--488d1ba3-25ca-4a0c-b0b6-1d8053ce5cd3,
DC0078,Network Traffic Flow,x-mitre-data-component--a7f22107-02e5-4982-9067-6625d4a1765a,T1133,External Remote Services,attack-pattern--10d51417-ee35-4589-b1ff-b6df1c334e8d,False,DET0354,"Behavior-chain detection for T1133 External Remote Services across Windows, Linux, macOS, Containers",x-mitre-detection-strategy--e9833c3c-b5ec-421b-bab4-91f74c2b6bd1,relationship--0b58aa79-627a-4d83-84ab-fb924e5f77e1,
DC0078,Network Traffic Flow,x-mitre-data-component--a7f22107-02e5-4982-9067-6625d4a1765a,T1135,Network Share Discovery,attack-pattern--3489cfc5-640f-4bb3-a103-9137b97de79f,False,DET0182,"Behavior-chain detection for T1135 Network Share Discovery across Windows, Linux, and macOS",x-mitre-detection-strategy--e7870b55-7420-444a-9751-99fb5fbf4cd9,relationship--1170753c-b8d9-4bd8-a3d7-e09882b53897,
DC0078,Network Traffic Flow,x-mitre-data-component--a7f22107-02e5-4982-9067-6625d4a1765a,T1176,Software Extensions,attack-pattern--389735f1-f21c-4208-b8f0-f8031e7169b8,False,DET0092,Detection of Malicious or Unauthorized Software Extensions,x-mitre-detection-strategy--eaa0f0da-bee7-4ce3-97e5-46d5ac2a9257,relationship--fcd8e924-69a3-4c53-b9c0-e30738e54c61,
DC0078,Network Traffic Flow,x-mitre-data-component--a7f22107-02e5-4982-9067-6625d4a1765a,T1176.002,IDE Extensions,attack-pattern--66b34be7-6915-4b83-8d5a-b0f0592b5e41,True,DET0561,Detect malicious IDE extension install/usage and IDE tunneling,x-mitre-detection-strategy--434d1a09-6a53-43ae-8f8c-e0eb853c4a25,relationship--c7726ac6-c1de-46d6-9bad-a8f2343af867,
DC0078,Network Traffic Flow,x-mitre-data-component--a7f22107-02e5-4982-9067-6625d4a1765a,T1187,Forced Authentication,attack-pattern--b77cf5f3-6060-475d-bd60-40ccbf28fdc2,False,DET0022,Detect Forced SMB/WebDAV Authentication via lure files and outbound NTLM,x-mitre-detection-strategy--b45310bb-d520-43b3-8758-e9d5a9738429,relationship--9ed19842-ee7d-4215-ae78-6a9382b3f9a1,
DC0078,Network Traffic Flow,x-mitre-data-component--a7f22107-02e5-4982-9067-6625d4a1765a,T1190,Exploit Public-Facing Application,attack-pattern--3f886f2a-874f-4333-b794-aa6075009b1c,False,DET0080,Exploit Public-Facing Application – multi-signal correlation (request → error → post-exploit process/egress),x-mitre-detection-strategy--dd8477c8-2aad-4db3-b810-fe0d2f605fa8,relationship--69e8d620-b9a1-4bfd-9bf0-62d2915f08ad,
DC0078,Network Traffic Flow,x-mitre-data-component--a7f22107-02e5-4982-9067-6625d4a1765a,T1195,Supply Chain Compromise,attack-pattern--3f18edba-28f4-4bb9-82c3-8aa60dcac5f7,False,DET0537,Behavioral detection for Supply Chain Compromise (package/update tamper → install → first-run),x-mitre-detection-strategy--18c9199f-d6b6-4efe-ac90-9a1b7b8c6f36,relationship--5f50e76f-fc9b-4f3f-948f-408f58ab2894,
DC0078,Network Traffic Flow,x-mitre-data-component--a7f22107-02e5-4982-9067-6625d4a1765a,T1195.001,Compromise Software Dependencies and Development Tools,attack-pattern--191cc6af-1bb2-4344-ab5f-28e496638720,True,DET0009,Supply-chain tamper in dependencies/dev-tools (manager→write/install→first-run→egress),x-mitre-detection-strategy--ec870f2d-bba3-43f9-95b8-c2f85678dba4,relationship--f21676c2-dc39-4d2e-b551-5ed654dddef3,
DC0078,Network Traffic Flow,x-mitre-data-component--a7f22107-02e5-4982-9067-6625d4a1765a,T1195.002,Compromise Software Supply Chain,attack-pattern--bd369cd9-abb8-41ce-b5bb-fff23ee86c00,True,DET0309,Compromised software/update chain (installer/write → first-run/child → egress/signature anomaly),x-mitre-detection-strategy--77d3b532-9c4f-4f9f-9581-3009b201435d,relationship--91cd8b1f-5c87-41be-b7e7-310d4c6b6c3e,
DC0078,Network Traffic Flow,x-mitre-data-component--a7f22107-02e5-4982-9067-6625d4a1765a,T1200,Hardware Additions,attack-pattern--d40239b3-05ff-46d8-9bdd-b46d13463ef9,False,DET0069,Detect unauthorized or suspicious Hardware Additions (USB/Thunderbolt/Network),x-mitre-detection-strategy--e8d186eb-5450-4dc9-8458-89bbaed45643,relationship--a9a213e9-8227-4154-83af-2ab640f63efa,
DC0078,Network Traffic Flow,x-mitre-data-component--a7f22107-02e5-4982-9067-6625d4a1765a,T1203,Exploitation for Client Execution,attack-pattern--be2dcee9-a7a7-4e38-afd6-21b31ecc3d63,False,DET0287,Exploitation for Client Execution – cross-platform behavior chain (browser/Office/3rd-party apps),x-mitre-detection-strategy--1894c2d7-ce4f-4cfd-8644-decb1e14f0c5,relationship--f094c21c-9872-4e82-88c1-c759979c4f10,
DC0078,Network Traffic Flow,x-mitre-data-component--a7f22107-02e5-4982-9067-6625d4a1765a,T1205,Traffic Signaling,attack-pattern--451a9977-d255-43c9-b431-66de80130c8c,False,DET0524,Traffic Signaling (Port-knock / magic-packet → firewall or service activation) – T1205,x-mitre-detection-strategy--1e601759-c5d1-45cc-97a1-972967426794,relationship--b014be93-7f58-428b-9612-069d50c1a9e8,
DC0078,Network Traffic Flow,x-mitre-data-component--a7f22107-02e5-4982-9067-6625d4a1765a,T1205.001,Port Knocking,attack-pattern--8868cb5b-d575-4a60-acb2-07d37389a2fd,True,DET0302,Port-knock → rule/daemon change → first successful connect (T1205.001),x-mitre-detection-strategy--68b7c978-74e4-4f87-a953-2a4e752f56c2,relationship--e09ca94c-f233-4062-8a1c-ede510af845a,
DC0078,Network Traffic Flow,x-mitre-data-component--a7f22107-02e5-4982-9067-6625d4a1765a,T1496,Resource Hijacking,attack-pattern--cd25c1b4-935c-4f0e-ba8d-552f28bc4783,False,DET0267,Resource Hijacking Detection Strategy,x-mitre-detection-strategy--440ddaf2-4e80-4699-90d7-0bdccdfeece6,relationship--c267dfc4-92f8-41f5-a101-177153e674c3,
DC0078,Network Traffic Flow,x-mitre-data-component--a7f22107-02e5-4982-9067-6625d4a1765a,T1496.001,Compute Hijacking,attack-pattern--a718a0c8-5768-41a1-9958-a1cc3f995e99,True,DET0540,Multi-Platform Behavioral Detection for Compute Hijacking,x-mitre-detection-strategy--be288974-9b74-41c1-8c43-66aef169255a,relationship--9176ca84-16bf-4a60-bce5-ffa6093c8145,
DC0078,Network Traffic Flow,x-mitre-data-component--a7f22107-02e5-4982-9067-6625d4a1765a,T1496.002,Bandwidth Hijacking,attack-pattern--718cb208-6446-4572-a2f0-9c799c60091e,True,DET0028,"Detect Excessive or Unauthorized Bandwidth Usage for Botnet, Proxyjacking, or Scanning Purposes",x-mitre-detection-strategy--c0a23061-c4f3-4003-9e81-e81d50b6d1e2,relationship--56fb97ac-7a90-43df-9cab-826cbc835626,
DC0078,Network Traffic Flow,x-mitre-data-component--a7f22107-02e5-4982-9067-6625d4a1765a,T1498,Network Denial of Service,attack-pattern--d74c4a7e-ffbf-432f-9365-7ebf1f787cab,False,DET0518,Behavioral Detection of T1498 – Network Denial of Service Across Platforms,x-mitre-detection-strategy--8103189e-83c8-4246-a56c-193e19c98182,relationship--372cdf67-89a5-4214-a4c4-d2eadc753fa1,
DC0078,Network Traffic Flow,x-mitre-data-component--a7f22107-02e5-4982-9067-6625d4a1765a,T1498.001,Direct Network Flood,attack-pattern--0bda01d5-4c1d-4062-8ee2-6872334383c3,True,DET0343,"Direct Network Flood Detection across IaaS, Linux, Windows, and macOS",x-mitre-detection-strategy--6e1ea095-9f21-4544-8e9b-4fab2668033e,relationship--fcf5a880-eee6-45b7-8d2b-10b640b0fa62,
DC0078,Network Traffic Flow,x-mitre-data-component--a7f22107-02e5-4982-9067-6625d4a1765a,T1498.002,Reflection Amplification,attack-pattern--36b2a1d7-e09e-49bf-b45e-477076c2ec01,True,DET0408,Detection Strategy for Reflection Amplification DoS (T1498.002),x-mitre-detection-strategy--20f5a44b-e9bb-48e9-9bea-e7a3d757005f,relationship--dc306a42-ed88-4bd8-9c12-7cceabe67490,
DC0078,Network Traffic Flow,x-mitre-data-component--a7f22107-02e5-4982-9067-6625d4a1765a,T1499,Endpoint Denial of Service,attack-pattern--c675646d-e204-4aa8-978d-e3d6d65885c4,False,DET0208,Endpoint Resource Saturation and Crash Pattern Detection Across Platforms,x-mitre-detection-strategy--253b632e-c4cb-4207-9b6a-58a35a07d2ea,relationship--cbf233dc-3732-45d3-b89a-b7df7dc1d2ff,
DC0078,Network Traffic Flow,x-mitre-data-component--a7f22107-02e5-4982-9067-6625d4a1765a,T1499.001,OS Exhaustion Flood,attack-pattern--0df05477-c572-4ed6-88a9-47c581f548f7,True,DET0356,Endpoint DoS via OS Exhaustion Flood Detection Strategy,x-mitre-detection-strategy--bdf67026-8adb-41da-9a58-c9acba4da1f3,relationship--2027adf0-d101-4183-865b-f377ea9df209,
DC0078,Network Traffic Flow,x-mitre-data-component--a7f22107-02e5-4982-9067-6625d4a1765a,T1499.002,Service Exhaustion Flood,attack-pattern--38eb0c22-6caf-46ce-8869-5964bd735858,True,DET0173,Detection Strategy for Endpoint DoS via Service Exhaustion Flood,x-mitre-detection-strategy--1a45b10a-c410-4212-8018-7c00bb292dab,relationship--32595fc5-b57a-4052-8e1c-a2d01d6e3d14,
DC0078,Network Traffic Flow,x-mitre-data-component--a7f22107-02e5-4982-9067-6625d4a1765a,T1505,Server Software Component,attack-pattern--d456de47-a16f-4e46-8980-e67478a12dcb,False,DET0547,Detection Strategy for T1505 - Server Software Component,x-mitre-detection-strategy--27b606f9-dde4-456c-8d90-51289313994f,relationship--18790331-6ac1-4274-b7ef-129b7c4b1c7c,
DC0078,Network Traffic Flow,x-mitre-data-component--a7f22107-02e5-4982-9067-6625d4a1765a,T1557,Adversary-in-the-Middle,attack-pattern--035bb001-ab69-4a0b-9f6c-2de8b09e1b9d,False,DET0296,Detect Adversary-in-the-Middle via Network and Configuration Anomalies,x-mitre-detection-strategy--0eb48c77-9056-4178-900b-7ac23fd1c7cd,relationship--58bbe5a4-6de5-48e3-a003-028348c408ce,
DC0078,Network Traffic Flow,x-mitre-data-component--a7f22107-02e5-4982-9067-6625d4a1765a,T1557.001,LLMNR/NBT-NS Poisoning and SMB Relay,attack-pattern--650c784b-7504-4df7-ab2c-4ea882384d1e,True,DET0462,Detect LLMNR/NBT-NS Poisoning and SMB Relay on Windows,x-mitre-detection-strategy--2db51eaa-3407-4ad0-a45e-86ebf5f2abac,relationship--9da1b46a-7acd-44ed-9646-dff5ed075985,
DC0078,Network Traffic Flow,x-mitre-data-component--a7f22107-02e5-4982-9067-6625d4a1765a,T1557.002,ARP Cache Poisoning,attack-pattern--cabe189c-a0e3-4965-a473-dcff00f17213,True,DET0387,"Detect ARP Cache Poisoning Across Linux, Windows, and macOS",x-mitre-detection-strategy--99758bfb-f638-43aa-a233-d27646452116,relationship--9b5ab78c-06dd-4baf-bca6-bee938523de1,
DC0078,Network Traffic Flow,x-mitre-data-component--a7f22107-02e5-4982-9067-6625d4a1765a,T1557.003,DHCP Spoofing,attack-pattern--59ff91cd-1430-4075-8563-e6f15f4f9ff5,True,DET0468,"Detect DHCP Spoofing Across Linux, Windows, and macOS",x-mitre-detection-strategy--9f227978-8d56-406f-9d50-ef10aae1bf77,relationship--b7f564dd-80c2-4ad3-8d82-2d9721cde800,
DC0078,Network Traffic Flow,x-mitre-data-component--a7f22107-02e5-4982-9067-6625d4a1765a,T1557.004,Evil Twin,attack-pattern--48b836c6-e4ca-435a-82a3-29c03e5b492e,True,DET0379,Detect Evil Twin Wi-Fi Access Points on Network Devices,x-mitre-detection-strategy--b376d299-69ef-444a-8ba1-15a6c7049605,relationship--e8d124c9-f162-4c7e-aadd-c50476b22cd7,
DC0078,Network Traffic Flow,x-mitre-data-component--a7f22107-02e5-4982-9067-6625d4a1765a,T1563,Remote Service Session Hijacking,attack-pattern--5b0ad6f8-6a16-4966-a4ef-d09ea6e2a9f5,False,DET0079,Detection of Remote Service Session Hijacking,x-mitre-detection-strategy--5d244477-26e2-4b3a-b882-fd74e366e07d,relationship--91aad2e7-a865-4f83-88c8-c844822f3d81,
DC0078,Network Traffic Flow,x-mitre-data-component--a7f22107-02e5-4982-9067-6625d4a1765a,T1565.002,Transmitted Data Manipulation,attack-pattern--d0613359-5781-4fd2-b5be-c269270be1f6,True,DET0254,Detection Strategy of Transmitted Data Manipulation,x-mitre-detection-strategy--1764bbd5-67d1-4225-9c06-0d5aa74d056f,relationship--80f99d79-d102-449e-be48-523a0da815a4,
DC0078,Network Traffic Flow,x-mitre-data-component--a7f22107-02e5-4982-9067-6625d4a1765a,T1566.001,Spearphishing Attachment,attack-pattern--2e34237d-8574-43f6-aace-ae2915de8597,True,DET0236,Detection Strategy for Spearphishing Attachment across OS Platforms,x-mitre-detection-strategy--8d904004-e492-4f76-9f84-be75fc61e5c5,relationship--1b5a88b4-27e1-4a35-9c47-c2a25182ce1d,
DC0078,Network Traffic Flow,x-mitre-data-component--a7f22107-02e5-4982-9067-6625d4a1765a,T1566.002,Spearphishing Link,attack-pattern--2b742742-28c3-4e1b-bab7-8350d6300fa7,True,DET0107,Detection Strategy for Spearphishing Links,x-mitre-detection-strategy--ed58a144-2554-495c-9c60-18e6f817aa75,relationship--32007100-9b8d-440a-9f74-44b4cb339997,
DC0078,Network Traffic Flow,x-mitre-data-component--a7f22107-02e5-4982-9067-6625d4a1765a,T1566.003,Spearphishing via Service,attack-pattern--f6ad61ee-65f3-4bd0-a3f5-2f0accb36317,True,DET0115,Detection Strategy for Spearphishing via a Service across OS Platforms,x-mitre-detection-strategy--dd232215-bb7f-461f-ac3f-e7cf5612e396,relationship--3309fc34-0c04-4b0a-8bbc-9beb546ea78e,
DC0078,Network Traffic Flow,x-mitre-data-component--a7f22107-02e5-4982-9067-6625d4a1765a,T1567,Exfiltration Over Web Service,attack-pattern--40597f16-0963-4249-bf4c-ac93b7fb9807,False,DET0548,Detection Strategy for Exfiltration Over Web Service,x-mitre-detection-strategy--1753ab98-4530-4284-9bc3-5d4813abfb9e,relationship--2d284ff6-5204-4bde-b4f5-c172dd4c4ca3,
DC0078,Network Traffic Flow,x-mitre-data-component--a7f22107-02e5-4982-9067-6625d4a1765a,T1567.001,Exfiltration to Code Repository,attack-pattern--86a96bf6-cf8b-411c-aaeb-8959944d64f7,True,DET0318,Detection Strategy for Exfiltration to Code Repository,x-mitre-detection-strategy--ac9c6b7c-bf94-4eeb-926c-f576673c0a14,relationship--c97fce35-747a-489f-9421-808a69e950a4,
DC0078,Network Traffic Flow,x-mitre-data-component--a7f22107-02e5-4982-9067-6625d4a1765a,T1567.002,Exfiltration to Cloud Storage,attack-pattern--bf1b6176-597c-4600-bfcd-ac989670f96b,True,DET0570,Detection Strategy for Exfiltration to Cloud Storage,x-mitre-detection-strategy--c8895822-a3d1-41eb-952f-c67b4673eee2,relationship--6d01d586-c518-45db-96f3-5b718324c9da,
DC0078,Network Traffic Flow,x-mitre-data-component--a7f22107-02e5-4982-9067-6625d4a1765a,T1567.003,Exfiltration to Text Storage Sites,attack-pattern--ba04e672-da86-4e69-aa15-0eca5db25f43,True,DET0284,Detection Strategy for Exfiltration to Text Storage Sites,x-mitre-detection-strategy--6ab41bc0-2d89-4173-8149-728fbc2698b6,relationship--7478c9f5-d7a9-4423-9c1f-228bac8eb739,
DC0078,Network Traffic Flow,x-mitre-data-component--a7f22107-02e5-4982-9067-6625d4a1765a,T1567.004,Exfiltration Over Webhook,attack-pattern--43f2776f-b4bd-4118-94b8-fee47e69676d,True,DET0153,Detection Strategy for Exfiltration Over Webhook,x-mitre-detection-strategy--dcc26ef4-3ecd-4b37-b4b4-66faee084352,relationship--820a1ffe-27dd-4c0f-a791-f721d5662f5f,
DC0078,Network Traffic Flow,x-mitre-data-component--a7f22107-02e5-4982-9067-6625d4a1765a,T1568,Dynamic Resolution,attack-pattern--7bd9c723-2f78-4309-82c5-47cad406572b,False,DET0039,Detection Strategy for Dynamic Resolution across OS Platforms,x-mitre-detection-strategy--98d6523f-54c5-4a24-a758-333caa833967,relationship--d3731f00-2f45-4dc4-9906-7c0f90bf4f06,
DC0078,Network Traffic Flow,x-mitre-data-component--a7f22107-02e5-4982-9067-6625d4a1765a,T1568.001,Fast Flux DNS,attack-pattern--29ba5a15-3b7b-4732-b817-65ea8f6468e6,True,DET0485,Detection Strategy for Dynamic Resolution using Fast Flux DNS,x-mitre-detection-strategy--4556646a-39df-48bf-9df3-623d4da7a859,relationship--0b412564-79d1-4393-988a-90fbb17e1a6f,
DC0078,Network Traffic Flow,x-mitre-data-component--a7f22107-02e5-4982-9067-6625d4a1765a,T1568.002,Domain Generation Algorithms,attack-pattern--118f61a5-eb3e-4fb6-931f-2096647f4ecd,True,DET0419,Detection Strategy for Dynamic Resolution using Domain Generation Algorithms.,x-mitre-detection-strategy--263a0357-5f6d-4066-bfda-afeb883e51d7,relationship--0b0874ca-7eb4-430e-911a-b87a523f75ea,
DC0078,Network Traffic Flow,x-mitre-data-component--a7f22107-02e5-4982-9067-6625d4a1765a,T1568.003,DNS Calculation,attack-pattern--83a766f8-1501-4b3a-a2de-2e2849e8dfc1,True,DET0262,Detection Strategy for Dynamic Resolution through DNS Calculation,x-mitre-detection-strategy--510a02c8-4341-40ab-8b57-bd678c411ac0,relationship--fd54e7fd-a426-4628-8e8e-be2e8fb366d4,
DC0078,Network Traffic Flow,x-mitre-data-component--a7f22107-02e5-4982-9067-6625d4a1765a,T1571,Non-Standard Port,attack-pattern--b18eae87-b469-4e14-b454-b171b416bc18,False,DET0227,Detection Strategy for Non-Standard Ports,x-mitre-detection-strategy--cc8324a7-03d0-47d1-8e2b-3caec44fc129,relationship--db753357-bf72-4dfc-ad38-701dab07e7fa,
DC0078,Network Traffic Flow,x-mitre-data-component--a7f22107-02e5-4982-9067-6625d4a1765a,T1572,Protocol Tunneling,attack-pattern--4fe28b27-b13c-453e-a386-c2ef362a573b,False,DET0538,Detection Strategy for Protocol Tunneling accross OS platforms.,x-mitre-detection-strategy--fff8e15e-f7eb-4c07-8b77-8e7ef2eb01b6,relationship--fab7fca5-a36a-481c-a110-4c2abc2af359,
DC0078,Network Traffic Flow,x-mitre-data-component--a7f22107-02e5-4982-9067-6625d4a1765a,T1573,Encrypted Channel,attack-pattern--b8902400-e6c5-4ba2-95aa-2d35b442b118,False,DET0273,Detection Strategy for Encrypted Channel across OS Platforms,x-mitre-detection-strategy--08861418-398c-4972-8850-5e11f2d32944,relationship--2b484619-c72b-457d-b362-ceb882438231,
DC0078,Network Traffic Flow,x-mitre-data-component--a7f22107-02e5-4982-9067-6625d4a1765a,T1573.001,Symmetric Cryptography,attack-pattern--24bfaeba-cb0d-4525-b3dc-507c77ecec41,True,DET0143,Detection Strategy for Encrypted Channel via Symmetric Cryptography across OS Platforms,x-mitre-detection-strategy--32c549cd-a06b-41f2-8063-8937ba7feab6,relationship--5beb9a05-f114-4a99-802f-c171529ceab1,
DC0078,Network Traffic Flow,x-mitre-data-component--a7f22107-02e5-4982-9067-6625d4a1765a,T1573.002,Asymmetric Cryptography,attack-pattern--bf176076-b789-408e-8cba-7275e81c0ada,True,DET0543,Detection Strategy for Encrypted Channel via Asymmetric Cryptography across OS Platforms,x-mitre-detection-strategy--e5448ab8-39d6-4364-ae7f-0459687251f7,relationship--9ebeb874-e04d-4fee-9b10-dd6bd829956e,
DC0078,Network Traffic Flow,x-mitre-data-component--a7f22107-02e5-4982-9067-6625d4a1765a,T1595,Active Scanning,attack-pattern--67073dde-d720-45ae-83da-b12d5e73ca3b,False,DET0830,Detection of Active Scanning,x-mitre-detection-strategy--7bbdcd3b-241e-4ec8-ab43-6bd2c34ae77d,relationship--0331868e-bb86-4153-b91e-df857c51bb7e,
DC0078,Network Traffic Flow,x-mitre-data-component--a7f22107-02e5-4982-9067-6625d4a1765a,T1595.001,Scanning IP Blocks,attack-pattern--db8f5003-3b20-48f0-9b76-123e44208120,True,DET0817,Detection of Scanning IP Blocks,x-mitre-detection-strategy--ca916010-7f72-4132-ad7c-44967d479dcc,relationship--a2282a7b-b0b0-4b49-a9cf-9176990e4ec9,
DC0078,Network Traffic Flow,x-mitre-data-component--a7f22107-02e5-4982-9067-6625d4a1765a,T1595.002,Vulnerability Scanning,attack-pattern--5502c4e9-24ef-4d5f-8ee9-9e906c2f82c4,True,DET0867,Detection of Vulnerability Scanning,x-mitre-detection-strategy--574d055c-4501-4f4d-9b28-1109ad07a087,relationship--ca0ae1f5-1401-4d97-a0fc-245b6aaf582c,
DC0078,Network Traffic Flow,x-mitre-data-component--a7f22107-02e5-4982-9067-6625d4a1765a,T1598,Phishing for Information,attack-pattern--cca0ccb6-a068-4574-a722-b1556f86833a,False,DET0823,Detection of Phishing for Information,x-mitre-detection-strategy--29fad4dd-d6d7-4a99-8ae8-060e6d0544ec,relationship--6db11f92-ae2b-439e-bb96-97bfe3596bb5,
DC0078,Network Traffic Flow,x-mitre-data-component--a7f22107-02e5-4982-9067-6625d4a1765a,T1598.001,Spearphishing Service,attack-pattern--f870408c-b1cd-49c7-a5c7-0ef0fc496cc6,True,DET0821,Detection of Spearphishing Service,x-mitre-detection-strategy--16e7016e-ce95-4eca-b340-ff158949d11d,relationship--5cdfd78f-c3ba-4c3b-ac36-b93ac8a64a2f,
DC0078,Network Traffic Flow,x-mitre-data-component--a7f22107-02e5-4982-9067-6625d4a1765a,T1598.002,Spearphishing Attachment,attack-pattern--8982a661-d84c-48c0-b4ec-1db29c6cf3bc,True,DET0865,Detection of Spearphishing Attachment,x-mitre-detection-strategy--e62ddd99-6357-4388-b3df-d7d7b6984630,relationship--dbe9c063-1d79-4e02-b1b7-a775993ca3c7,
DC0078,Network Traffic Flow,x-mitre-data-component--a7f22107-02e5-4982-9067-6625d4a1765a,T1598.003,Spearphishing Link,attack-pattern--2d3f5b3c-54ca-4f4d-bb1f-849346d31230,True,DET0878,Detection of Spearphishing Link,x-mitre-detection-strategy--c9242c28-ee1a-45d2-800a-948252884a7c,relationship--45dceb99-7361-4b2b-8482-46a3230e6d8d,
DC0078,Network Traffic Flow,x-mitre-data-component--a7f22107-02e5-4982-9067-6625d4a1765a,T1599,Network Boundary Bridging,attack-pattern--b8017880-4b1e-42de-ad10-ae7ac6705166,False,DET0006,Detection Strategy for Network Boundary Bridging,x-mitre-detection-strategy--f0f7aa93-71bc-4c55-9f96-9c74a7d45a83,relationship--b27141c2-b999-468b-bdd3-d2630961dd8b,
DC0078,Network Traffic Flow,x-mitre-data-component--a7f22107-02e5-4982-9067-6625d4a1765a,T1599.001,Network Address Translation Traversal,attack-pattern--4ffc1794-ec3b-45be-9e52-42dbcb2af2de,True,DET0163,Detection Strategy for Network Address Translation Traversal,x-mitre-detection-strategy--218a24ca-9534-44e2-9282-fb08373e7845,relationship--6921f4c3-4751-450b-8bec-172fa82297eb,
DC0078,Network Traffic Flow,x-mitre-data-component--a7f22107-02e5-4982-9067-6625d4a1765a,T1669,Wi-Fi Networks,attack-pattern--fde016f6-211a-41c8-a4ab-301f1e419c62,False,DET0536,Detection Strategy for Wi-Fi Networks,x-mitre-detection-strategy--f9c29db2-8790-4255-957f-9a02f1d8d024,relationship--f5fef0bf-a8a0-41e2-b46a-71255836928d,
DC0079,Driver Load,x-mitre-data-component--3551476e-14f5-4e48-a518-e82135329e03,T1014,Rootkit,attack-pattern--0f20e3cb-245b-4a61-8a91-2d93f7cb0e9b,False,DET0377,Detection of Kernel/User-Level Rootkit Behavior Across Platforms,x-mitre-detection-strategy--00a4e92b-8164-4342-a71c-013ecc777ad0,relationship--13f0f64f-c275-48dc-8fb3-dda48df60d8c,
DC0079,Driver Load,x-mitre-data-component--3551476e-14f5-4e48-a518-e82135329e03,T1068,Exploitation for Privilege Escalation,attack-pattern--b21c3b2d-02e6-45b1-980b-e69051040839,False,DET0514,Detection Strategy for Exploitation for Privilege Escalation,x-mitre-detection-strategy--64fc24f5-0428-4956-a328-2e76e0af984e,relationship--d07fb93b-f652-4742-a99b-a4c99ff7b956,
DC0079,Driver Load,x-mitre-data-component--3551476e-14f5-4e48-a518-e82135329e03,T1111,Multi-Factor Authentication Interception,attack-pattern--dd43c543-bb85-4a6f-aa6e-160d90d06a49,False,DET0246,Detection Strategy for MFA Interception via Input Capture and Smart Card Proxying,x-mitre-detection-strategy--6df13a5a-7d2b-4c9d-8c6e-d57ca850fe15,relationship--16857a1a-a782-4c5e-952d-bf00b8f0d782,
DC0079,Driver Load,x-mitre-data-component--3551476e-14f5-4e48-a518-e82135329e03,T1195.002,Compromise Software Supply Chain,attack-pattern--bd369cd9-abb8-41ce-b5bb-fff23ee86c00,True,DET0309,Compromised software/update chain (installer/write → first-run/child → egress/signature anomaly),x-mitre-detection-strategy--77d3b532-9c4f-4f9f-9581-3009b201435d,relationship--91cd8b1f-5c87-41be-b7e7-310d4c6b6c3e,
DC0079,Driver Load,x-mitre-data-component--3551476e-14f5-4e48-a518-e82135329e03,T1195.003,Compromise Hardware Supply Chain,attack-pattern--39131305-9282-45e4-ac3b-591d2d4fc3ef,True,DET0368,Hardware Supply Chain Compromise Detection via Host Status & Boot Integrity Checks,x-mitre-detection-strategy--4dfcf95f-0bbb-4ae7-8bd5-91e3e6c51809,relationship--37fa991d-a766-4131-9843-441d5bbe763b,
DC0079,Driver Load,x-mitre-data-component--3551476e-14f5-4e48-a518-e82135329e03,T1200,Hardware Additions,attack-pattern--d40239b3-05ff-46d8-9bdd-b46d13463ef9,False,DET0069,Detect unauthorized or suspicious Hardware Additions (USB/Thunderbolt/Network),x-mitre-detection-strategy--e8d186eb-5450-4dc9-8458-89bbaed45643,relationship--a9a213e9-8227-4154-83af-2ab640f63efa,
DC0079,Driver Load,x-mitre-data-component--3551476e-14f5-4e48-a518-e82135329e03,T1205.002,Socket Filters,attack-pattern--005cc321-08ce-4d17-b1ea-cb5275926520,True,DET0162,Socket-filter trigger → on-host raw-socket activity → reverse connection (T1205.002),x-mitre-detection-strategy--b4cdf164-9cb7-4cad-bdc3-81b5574f364a,relationship--829a3356-ec45-4101-8eb0-f0c168ff8f03,
DC0079,Driver Load,x-mitre-data-component--3551476e-14f5-4e48-a518-e82135329e03,T1495,Firmware Corruption,attack-pattern--f5bb433e-bdf6-4781-84bc-35e97e43be89,False,DET0167,Firmware Modification via Flash Tool or Corrupted Firmware Upload,x-mitre-detection-strategy--ab9027fb-3499-474b-845c-50ee113c3be5,relationship--6279c298-4e08-4cef-89e1-5f90acb2e78e,
DC0079,Driver Load,x-mitre-data-component--3551476e-14f5-4e48-a518-e82135329e03,T1542.002,Component Firmware,attack-pattern--791481f8-e96a-41be-b089-a088763083d4,True,DET0323,Detection Strategy for T1542.002 Pre-OS Boot: Component Firmware,x-mitre-detection-strategy--a53d62ae-b269-45e8-9937-17def4e28663,relationship--28026ef4-8afc-4b5b-bc3f-6fc45bb0eea6,
DC0079,Driver Load,x-mitre-data-component--3551476e-14f5-4e48-a518-e82135329e03,T1543.003,Windows Service,attack-pattern--2959d63f-73fd-46a1-abd2-109d7dcede32,True,DET0552,Detection of Windows Service Creation or Modification,x-mitre-detection-strategy--c7d19c6f-a7f8-4323-af57-c626ccb74d88,relationship--67c2ad46-15c3-45d1-b209-4921f21eb8c3,
DC0079,Driver Load,x-mitre-data-component--3551476e-14f5-4e48-a518-e82135329e03,T1547.008,LSASS Driver,attack-pattern--f0589bc3-a6ae-425a-a3d5-5659bfee07f4,True,DET0225,Detect unauthorized LSASS driver persistence via LSA plugin abuse (Windows),x-mitre-detection-strategy--fbac07bf-65d5-4222-88bb-0ef798417ebb,relationship--3c2ece76-c163-48ab-8c7e-8780ffd72461,
DC0079,Driver Load,x-mitre-data-component--3551476e-14f5-4e48-a518-e82135329e03,T1561,Disk Wipe,attack-pattern--1988cc35-ced8-4dad-b2d1-7628488fa967,False,DET0137,Detection Strategy for Disk Wipe via Direct Disk Access and Destructive Commands,x-mitre-detection-strategy--da01afef-b769-4d31-964d-901fabaf6a8f,relationship--30219ee2-161b-4e3d-8190-b79069b8764f,
DC0079,Driver Load,x-mitre-data-component--3551476e-14f5-4e48-a518-e82135329e03,T1561.001,Disk Content Wipe,attack-pattern--fb640c43-aa6b-431e-a961-a279010424ac,True,DET0316,Detection Strategy for Disk Content Wipe via Direct Access and Overwrite,x-mitre-detection-strategy--3a016ed2-47e0-414b-b90e-a44d1437354e,relationship--bd2a2912-3948-4c1e-aeb6-cee23227a6ca,
DC0079,Driver Load,x-mitre-data-component--3551476e-14f5-4e48-a518-e82135329e03,T1561.002,Disk Structure Wipe,attack-pattern--0af0ca99-357d-4ba1-805f-674fdfb7bef9,True,DET0297,Detection Strategy for Disk Structure Wipe via Boot/Partition Overwrite,x-mitre-detection-strategy--1dd8a02b-b447-48ed-a146-ad955c9b2dc1,relationship--c70c05f4-d7bc-47a1-b077-f6f11fca564b,
DC0080,Instance Start,x-mitre-data-component--f8213cde-6b3a-420d-9ab7-41c9af1a919f,T1204,User Execution,attack-pattern--8c32eb4d-805f-4fc5-bf60-c4d476c131b5,False,DET0478,User Execution – multi-surface behavior chain (documents/links → helper/unpacker → LOLBIN/child → egress),x-mitre-detection-strategy--70c9f174-2e96-4086-b59c-d2358e434f8e,relationship--7a3c280c-1116-4197-812a-e233eb1d5a17,
DC0080,Instance Start,x-mitre-data-component--f8213cde-6b3a-420d-9ab7-41c9af1a919f,T1204.003,Malicious Image,attack-pattern--b0c74ef9-c61e-4986-88cb-78da98a355ec,True,DET0248,User Execution – Malicious Image (containers & IaaS) – pull/run → start → anomalous behavior (T1204.003),x-mitre-detection-strategy--ee7bd8ff-fbfd-4bb2-9d23-cf3f6ed342c7,relationship--3ce513f0-6c41-477f-a35d-42d0ec2f8171,
DC0080,Instance Start,x-mitre-data-component--f8213cde-6b3a-420d-9ab7-41c9af1a919f,T1496,Resource Hijacking,attack-pattern--cd25c1b4-935c-4f0e-ba8d-552f28bc4783,False,DET0267,Resource Hijacking Detection Strategy,x-mitre-detection-strategy--440ddaf2-4e80-4699-90d7-0bdccdfeece6,relationship--c267dfc4-92f8-41f5-a101-177153e674c3,
DC0080,Instance Start,x-mitre-data-component--f8213cde-6b3a-420d-9ab7-41c9af1a919f,T1496.001,Compute Hijacking,attack-pattern--a718a0c8-5768-41a1-9958-a1cc3f995e99,True,DET0540,Multi-Platform Behavioral Detection for Compute Hijacking,x-mitre-detection-strategy--be288974-9b74-41c1-8c43-66aef169255a,relationship--9176ca84-16bf-4a60-bce5-ffa6093c8145,
DC0080,Instance Start,x-mitre-data-component--f8213cde-6b3a-420d-9ab7-41c9af1a919f,T1496.002,Bandwidth Hijacking,attack-pattern--718cb208-6446-4572-a2f0-9c799c60091e,True,DET0028,"Detect Excessive or Unauthorized Bandwidth Usage for Botnet, Proxyjacking, or Scanning Purposes",x-mitre-detection-strategy--c0a23061-c4f3-4003-9e81-e81d50b6d1e2,relationship--56fb97ac-7a90-43df-9cab-826cbc835626,
DC0080,Instance Start,x-mitre-data-component--f8213cde-6b3a-420d-9ab7-41c9af1a919f,T1499,Endpoint Denial of Service,attack-pattern--c675646d-e204-4aa8-978d-e3d6d65885c4,False,DET0208,Endpoint Resource Saturation and Crash Pattern Detection Across Platforms,x-mitre-detection-strategy--253b632e-c4cb-4207-9b6a-58a35a07d2ea,relationship--cbf233dc-3732-45d3-b89a-b7df7dc1d2ff,
DC0080,Instance Start,x-mitre-data-component--f8213cde-6b3a-420d-9ab7-41c9af1a919f,T1525,Implant Internal Image,attack-pattern--4fd8a28b-4b3a-4cd6-a8cf-85ba5f824a7f,False,DET0334,Detection Strategy for T1525 – Implant Internal Image,x-mitre-detection-strategy--c08df366-fa5a-4f34-a27e-b28e756f09f0,relationship--0ad4226b-1afa-4efe-b060-c6eaebd7009e,
DC0080,Instance Start,x-mitre-data-component--f8213cde-6b3a-420d-9ab7-41c9af1a919f,T1535,Unused/Unsupported Cloud Regions,attack-pattern--59bd0dec-f8b2-4b9a-9141-37a1e6899761,False,DET0247,Detection of Adversary Use of Unused or Unsupported Cloud Regions (IaaS),x-mitre-detection-strategy--ec3e5f66-a2b8-48ae-9adf-eb4f5014ba70,relationship--17601081-e7e7-4d81-9bb1-d7101c7619ed,
DC0080,Instance Start,x-mitre-data-component--f8213cde-6b3a-420d-9ab7-41c9af1a919f,T1578,Modify Cloud Compute Infrastructure,attack-pattern--144e007b-e638-431d-a894-45d90c54ab90,False,DET0308,Detection Strategy for Modify Cloud Compute Infrastructure,x-mitre-detection-strategy--af0d25b2-1912-4821-85db-305abe318535,relationship--55386ce2-a1d3-426e-9e5a-37e52c20d18a,
DC0080,Instance Start,x-mitre-data-component--f8213cde-6b3a-420d-9ab7-41c9af1a919f,T1578.002,Create Cloud Instance,attack-pattern--cf1c2504-433f-4c4e-a1f8-91de45a0318c,True,DET0449,Detection Strategy for Modify Cloud Compute Infrastructure: Create Cloud Instance,x-mitre-detection-strategy--bd0b0c98-3c22-4bf8-830b-2640b39eacea,relationship--5cc1e1a1-3cce-4282-8001-3a2c6c2af44c,
DC0080,Instance Start,x-mitre-data-component--f8213cde-6b3a-420d-9ab7-41c9af1a919f,T1578.004,Revert Cloud Instance,attack-pattern--0708ae90-d0eb-4938-9a76-d0fc94f6eec1,True,DET0337,Detection Strategy for Modify Cloud Compute Infrastructure: Revert Cloud Instance,x-mitre-detection-strategy--f5ee584b-bbbd-481a-af63-c49166b8b1a8,relationship--e4b4bdd3-07b3-4d99-b054-330260bfec0a,
DC0081,Instance Deletion,x-mitre-data-component--7561ed50-16cb-4826-82c7-c1ddca61785e,T1578.003,Delete Cloud Instance,attack-pattern--70857657-bd0b-4695-ad3e-b13f92cac1b4,True,DET0084,Detection Strategy for Modify Cloud Compute Infrastructure: Delete Cloud Instance,x-mitre-detection-strategy--ceac3cb0-d9eb-4466-810f-4acbf793e980,relationship--38973fa3-5d24-4da8-ba12-26c45acf0439,
DC0082,Network Connection Creation,x-mitre-data-component--181a9f8c-c780-4f1f-91a8-edb770e904ba,T1001,Data Obfuscation,attack-pattern--ad255bfe-a9e6-4b52-a258-8d3462abe842,False,DET0053,Detect Obfuscated C2 via Network Traffic Analysis,x-mitre-detection-strategy--e17b2809-7534-4749-9bd8-95fdb24e4891,relationship--7ed4c50d-fb81-4d1b-b89f-6a8d81994887,
DC0082,Network Connection Creation,x-mitre-data-component--181a9f8c-c780-4f1f-91a8-edb770e904ba,T1001.001,Junk Data,attack-pattern--f7c0689c-4dbd-489b-81be-7cb7c7079ade,True,DET0011,Detecting Junk Data in C2 Channels via Behavioral Analysis,x-mitre-detection-strategy--bb40d0a9-b35b-4adc-8a69-a3002d53f5f7,relationship--e2b05e19-8a7d-4e1a-8858-545d0fdcb15a,
DC0082,Network Connection Creation,x-mitre-data-component--181a9f8c-c780-4f1f-91a8-edb770e904ba,T1001.002,Steganography,attack-pattern--eec23884-3fa1-4d8a-ac50-6f104d51e235,True,DET0235,Detecting Steganographic Command and Control via File + Network Correlation,x-mitre-detection-strategy--0aa86929-f232-4fa7-bdc9-120f917a3509,relationship--69cfcff2-7983-45fa-a24d-9b361074b4d8,
DC0082,Network Connection Creation,x-mitre-data-component--181a9f8c-c780-4f1f-91a8-edb770e904ba,T1001.003,Protocol or Service Impersonation,attack-pattern--c325b232-d5bc-4dde-a3ec-71f3db9e8adc,True,DET0470,"Detecting Protocol or Service Impersonation via Anomalous TLS, HTTP Header, and Port Mismatch Correlation",x-mitre-detection-strategy--776a998c-481d-4193-934e-c0af3968c392,relationship--3f046096-761d-4c75-8174-11e8554eceab,
DC0082,Network Connection Creation,x-mitre-data-component--181a9f8c-c780-4f1f-91a8-edb770e904ba,T1008,Fallback Channels,attack-pattern--f24faf46-3b26-4dbb-98f2-63460498e433,False,DET0499,Behavioral Detection of Fallback or Alternate C2 Channels,x-mitre-detection-strategy--ee1c44c9-c5aa-4a9c-9e68-49854ed4d602,relationship--87311c74-f1fe-403e-a646-39fa03ca756a,
DC0082,Network Connection Creation,x-mitre-data-component--181a9f8c-c780-4f1f-91a8-edb770e904ba,T1011,Exfiltration Over Other Network Medium,attack-pattern--51ea26b1-ff1e-4faa-b1a0-1114cd298c87,False,DET0077,Detection of Exfiltration Over Alternate Network Interfaces,x-mitre-detection-strategy--9280a84d-bf77-4a86-a052-ce6ea0d50e72,relationship--9cd323fc-5b81-49ac-9457-4c17292ba25e,
DC0082,Network Connection Creation,x-mitre-data-component--181a9f8c-c780-4f1f-91a8-edb770e904ba,T1011.001,Exfiltration Over Bluetooth,attack-pattern--613d08bc-e8f4-4791-80b0-c8b974340dfd,True,DET0554,Detection of Bluetooth-Based Data Exfiltration,x-mitre-detection-strategy--267a6c25-8d34-47ae-8357-9ae173adaa13,relationship--7fa3a461-4e83-4a59-9909-479d2879a1a4,
DC0082,Network Connection Creation,x-mitre-data-component--181a9f8c-c780-4f1f-91a8-edb770e904ba,T1016.001,Internet Connection Discovery,attack-pattern--132d5b37-aac5-4378-a8dc-3127b18a73dc,True,DET0357,Behavioral Detection of Internet Connection Discovery,x-mitre-detection-strategy--24eeb599-bc8c-4e86-9adf-232153bcb14b,relationship--f7e3057f-2ed5-4c48-9c93-d10906d28b39,
DC0082,Network Connection Creation,x-mitre-data-component--181a9f8c-c780-4f1f-91a8-edb770e904ba,T1018,Remote System Discovery,attack-pattern--e358d692-23c0-4a31-9eb6-ecc13a8d7735,False,DET0574,Detection Strategy for Remote System Enumeration Behavior,x-mitre-detection-strategy--9ec6dafe-3e93-4ebb-943e-26b84136f6a9,relationship--1a34cffa-3bac-4b7f-a011-4d09aca360b6,
DC0082,Network Connection Creation,x-mitre-data-component--181a9f8c-c780-4f1f-91a8-edb770e904ba,T1020,Automated Exfiltration,attack-pattern--774a3188-6ba9-4dc4-879d-d54ee48a5ce9,False,DET0397,Automated Exfiltration Detection Strategy,x-mitre-detection-strategy--da5ff985-fd0d-438f-8498-c8dc195f741a,relationship--38c1f601-496a-4dcd-8109-176c544ab800,
DC0082,Network Connection Creation,x-mitre-data-component--181a9f8c-c780-4f1f-91a8-edb770e904ba,T1020.001,Traffic Duplication,attack-pattern--7c46b364-8496-4234-8a56-f7e6727e21e1,True,DET0403,Detection Strategy for Traffic Duplication via Mirroring in IaaS and Network Devices,x-mitre-detection-strategy--69c06a1c-5b36-432c-871b-813957b3c678,relationship--81416cda-a14e-4868-8985-2a17c9201b8a,
DC0082,Network Connection Creation,x-mitre-data-component--181a9f8c-c780-4f1f-91a8-edb770e904ba,T1021,Remote Services,attack-pattern--54a649ff-439a-41a4-9856-8d144a2551ba,False,DET0269,Behavioral Detection Strategy for Remote Service Logins and Post-Access Activity,x-mitre-detection-strategy--d33ffd4e-6328-4b10-84c0-7ad4a241b02d,relationship--84cda73f-83eb-490a-a7ad-1b72f787ecd9,
DC0082,Network Connection Creation,x-mitre-data-component--181a9f8c-c780-4f1f-91a8-edb770e904ba,T1021.001,Remote Desktop Protocol,attack-pattern--eb062747-2193-45de-8fa2-e62549c37ddf,True,DET0327,Multi-event Detection Strategy for RDP-Based Remote Logins and Post-Access Activity,x-mitre-detection-strategy--722d2e3d-c3ad-4878-bcef-ca3161465342,relationship--ef887220-356b-4756-8c65-586441765961,
DC0082,Network Connection Creation,x-mitre-data-component--181a9f8c-c780-4f1f-91a8-edb770e904ba,T1021.002,SMB/Windows Admin Shares,attack-pattern--4f9ca633-15c5-463c-9724-bdcd54fde541,True,DET0530,Multi-Event Detection for SMB Admin Share Lateral Movement,x-mitre-detection-strategy--04cbfa17-64a5-454d-8734-cead02ba5c43,relationship--dc3fcfcd-1df7-49fd-8ada-e0081063efea,
DC0082,Network Connection Creation,x-mitre-data-component--181a9f8c-c780-4f1f-91a8-edb770e904ba,T1021.003,Distributed Component Object Model,attack-pattern--68a0c5ed-bee2-4513-830d-5b0d650139bd,True,DET0285,Multi-Event Behavioral Detection for DCOM-Based Remote Code Execution,x-mitre-detection-strategy--dbaaa57a-ef28-44c0-bc56-25bc20dc8f28,relationship--af108559-5f9b-42b3-b975-5c3cf2f997dc,
DC0082,Network Connection Creation,x-mitre-data-component--181a9f8c-c780-4f1f-91a8-edb770e904ba,T1027.003,Steganography,attack-pattern--c2e147a9-d1a8-4074-811a-d8789202d916,True,DET0119,Detection Strategy for Steganographic Abuse in File & Script Execution,x-mitre-detection-strategy--a57c9ffb-8b18-4178-a07f-e596abe389bd,relationship--4ce59902-5b11-4759-81d1-a3561a06a8fc,
DC0082,Network Connection Creation,x-mitre-data-component--181a9f8c-c780-4f1f-91a8-edb770e904ba,T1027.004,Compile After Delivery,attack-pattern--c726e0a2-a57a-4b7b-a973-d0f013246617,True,DET0501,Detection Strategy for Compile After Delivery - Source Code to Executable Transformation,x-mitre-detection-strategy--48d80184-842f-419a-ab84-01030f866bd4,relationship--b520e5e1-fb3e-49f3-950b-51bc81b217aa,
DC0082,Network Connection Creation,x-mitre-data-component--181a9f8c-c780-4f1f-91a8-edb770e904ba,T1027.012,LNK Icon Smuggling,attack-pattern--887274fc-2d63-4bdc-82f3-fae56d1d5fdc,True,DET0405,Detection Strategy for LNK Icon Smuggling,x-mitre-detection-strategy--ae3cb4bc-da0a-4e5b-b4ad-96617eccefaf,relationship--0e931240-cc44-41f6-ba44-c6855bd5511a,
DC0082,Network Connection Creation,x-mitre-data-component--181a9f8c-c780-4f1f-91a8-edb770e904ba,T1027.013,Encrypted/Encoded File,attack-pattern--0d91b3c0-5e50-47c3-949a-2a796f04d144,True,DET0087,Encrypted or Encoded File Payload Detection Strategy,x-mitre-detection-strategy--d70b8fdd-de14-4143-a350-56e3b885b37b,relationship--579a5b5b-38be-48df-8fe7-0718578149fa,
DC0082,Network Connection Creation,x-mitre-data-component--181a9f8c-c780-4f1f-91a8-edb770e904ba,T1027.017,SVG Smuggling,attack-pattern--78b9e70d-1605-459c-b23d-e3a25036968c,True,DET0510,Detection Strategy for SVG Smuggling with Script Execution and Delivery Behavior,x-mitre-detection-strategy--6c59d987-c339-4743-bdb0-0eb21285deb7,relationship--5dd6ba3a-9e93-4a5f-b694-a1ec7c15095b,
DC0082,Network Connection Creation,x-mitre-data-component--181a9f8c-c780-4f1f-91a8-edb770e904ba,T1029,Scheduled Transfer,attack-pattern--4eeaf8a9-c86b-4954-a663-9555fb406466,False,DET0399,Detection Strategy for Scheduled Transfer and Recurrent Exfiltration Patterns,x-mitre-detection-strategy--3ec6ad13-f3d6-4eb2-91fe-6ee5266d1447,relationship--7e72a636-f8c4-449d-b508-db4910fc497c,
DC0082,Network Connection Creation,x-mitre-data-component--181a9f8c-c780-4f1f-91a8-edb770e904ba,T1030,Data Transfer Size Limits,attack-pattern--c3888c54-775d-4b2f-b759-75a2ececcbfd,False,DET0213,Detection Strategy for Data Transfer Size Limits and Chunked Exfiltration,x-mitre-detection-strategy--d96f78ad-21cd-45dc-940a-63b348894728,relationship--cc688a88-f152-49d3-a148-806fd9348d44,
DC0082,Network Connection Creation,x-mitre-data-component--181a9f8c-c780-4f1f-91a8-edb770e904ba,T1036.012,Browser Fingerprint,attack-pattern--afac5dbc-4383-4fb6-9ba6-45b25d49e530,True,DET0898,Detection of Spoofed User-Agent,x-mitre-detection-strategy--ad21a251-e824-4368-a04c-8a480ee653cc,relationship--4f0c1449-c5fb-4d6d-b023-4f59f3fca8b0,
DC0082,Network Connection Creation,x-mitre-data-component--181a9f8c-c780-4f1f-91a8-edb770e904ba,T1041,Exfiltration Over C2 Channel,attack-pattern--92d7da27-2d91-488e-a00c-059dc162766d,False,DET0348,Detection Strategy for Exfiltration Over C2 Channel,x-mitre-detection-strategy--beb3a98c-f1a4-434a-81e7-29d178b14db2,relationship--f8b1efaf-2f13-4844-a3f1-862619b88795,
DC0082,Network Connection Creation,x-mitre-data-component--181a9f8c-c780-4f1f-91a8-edb770e904ba,T1046,Network Service Discovery,attack-pattern--e3a12395-188d-4051-9a16-ea8e14d07b88,False,DET0376,Behavioral Detection Strategy for Network Service Discovery Across Platforms,x-mitre-detection-strategy--82e20b1f-300e-43cc-9259-1d506ef5d1f8,relationship--56e3bbc8-0ff7-4877-836c-f081261d3a35,
DC0082,Network Connection Creation,x-mitre-data-component--181a9f8c-c780-4f1f-91a8-edb770e904ba,T1047,Windows Management Instrumentation,attack-pattern--01a5a209-b94c-450b-b7f9-946497d91055,False,DET0364,Behavioral Detection Strategy for WMI Execution Abuse on Windows,x-mitre-detection-strategy--8374a5e5-6d9f-4896-9546-a4d998188ac5,relationship--a1cc84bd-b7b2-40a8-a2d9-dc61fcde3cd1,
DC0082,Network Connection Creation,x-mitre-data-component--181a9f8c-c780-4f1f-91a8-edb770e904ba,T1048,Exfiltration Over Alternative Protocol,attack-pattern--a19e86f8-1c0a-4fea-8407-23b73d615776,False,DET0131,Behavioral Detection Strategy for Exfiltration Over Alternative Protocol,x-mitre-detection-strategy--ed9ef930-ec1f-4e57-a110-9b647e2ca195,relationship--0bd2a88c-9f76-42a8-be65-ce9706760dec,
DC0082,Network Connection Creation,x-mitre-data-component--181a9f8c-c780-4f1f-91a8-edb770e904ba,T1048.001,Exfiltration Over Symmetric Encrypted Non-C2 Protocol,attack-pattern--79a4052e-1a89-4b09-aea6-51f1d11fe19c,True,DET0503,Behavioral Detection Strategy for Exfiltration Over Symmetric Encrypted Non-C2 Protocol,x-mitre-detection-strategy--5d368ccf-2946-4a01-bfae-c18064b6187a,relationship--56d9655a-f594-427f-b487-09f3e3d8fca3,
DC0082,Network Connection Creation,x-mitre-data-component--181a9f8c-c780-4f1f-91a8-edb770e904ba,T1048.002,Exfiltration Over Asymmetric Encrypted Non-C2 Protocol,attack-pattern--8e350c1d-ac79-4b5c-bd4e-7476d7e84ec5,True,DET0512,Detection of Exfiltration Over Asymmetric Encrypted Non-C2 Protocol,x-mitre-detection-strategy--d187b646-5fb3-4d65-a190-e25e2131f802,relationship--9cdfdc91-f659-40f9-af35-404ad07be215,
DC0082,Network Connection Creation,x-mitre-data-component--181a9f8c-c780-4f1f-91a8-edb770e904ba,T1048.003,Exfiltration Over Unencrypted Non-C2 Protocol,attack-pattern--fb8d023d-45be-47e9-bc51-f56bcae6435b,True,DET0149,Detection of Exfiltration Over Unencrypted Non-C2 Protocol,x-mitre-detection-strategy--a772e6e0-017e-4ceb-b125-4620ac85a5bd,relationship--58e2dcbe-42f7-4c73-b717-696ff56494cb,
DC0082,Network Connection Creation,x-mitre-data-component--181a9f8c-c780-4f1f-91a8-edb770e904ba,T1056,Input Capture,attack-pattern--bb5a00de-e086-4859-a231-fa793f6797e2,False,DET0102,Behavioral Detection of Input Capture Across Platforms,x-mitre-detection-strategy--c922d994-74bd-4847-a870-c0ae216318c9,relationship--66b2b5b7-2947-46b5-a4b5-b98eea8c793c,
DC0082,Network Connection Creation,x-mitre-data-component--181a9f8c-c780-4f1f-91a8-edb770e904ba,T1059.004,Unix Shell,attack-pattern--a9d4b653-6915-42af-98b2-5758c4ceee56,True,DET0384,Behavioral Detection of Unix Shell Execution,x-mitre-detection-strategy--4a89bf52-7be1-405d-8d02-462e52553bc5,relationship--a9b074ff-ade1-47d6-b74b-ed0b14c0a276,
DC0082,Network Connection Creation,x-mitre-data-component--181a9f8c-c780-4f1f-91a8-edb770e904ba,T1071,Application Layer Protocol,attack-pattern--355be19c-ffc9-46d5-8d50-d6a036c675b6,False,DET0444,Detection of Command and Control Over Application Layer Protocols,x-mitre-detection-strategy--155cab5b-c70b-4cfb-ba52-f62a21836b19,relationship--2e32bb11-7263-46e8-b96c-c8769e7001df,
DC0082,Network Connection Creation,x-mitre-data-component--181a9f8c-c780-4f1f-91a8-edb770e904ba,T1071.001,Web Protocols,attack-pattern--df8b2a25-8bdf-4856-953c-a04372b1c161,True,DET0027,"Detection of Web Protocol-Based C2 Over HTTP, HTTPS, or WebSockets",x-mitre-detection-strategy--e6496b9b-2458-4616-9712-a7c0da7fd3bc,relationship--c392a03d-b4d0-4b2c-aeaa-1b010d916922,
DC0082,Network Connection Creation,x-mitre-data-component--181a9f8c-c780-4f1f-91a8-edb770e904ba,T1071.002,File Transfer Protocols,attack-pattern--9a60a291-8960-4387-8a4a-2ab5c18bb50b,True,DET0416,"Detection of File Transfer Protocol-Based C2 (FTP, FTPS, SMB, TFTP)",x-mitre-detection-strategy--1fba9af9-8087-4958-90c0-ecdd8c887f6f,relationship--62ad3c77-cf52-4892-b241-9f1d1b44ad5c,
DC0082,Network Connection Creation,x-mitre-data-component--181a9f8c-c780-4f1f-91a8-edb770e904ba,T1071.003,Mail Protocols,attack-pattern--54b4c251-1f0e-4eba-ba6b-dbc7a6f6f06b,True,DET0135,"Detection of Mail Protocol-Based C2 Activity (SMTP, IMAP, POP3)",x-mitre-detection-strategy--bcb3772f-25d7-4e41-8e37-ec0dc759f44d,relationship--ae96c6fa-4ea2-4cc3-bae0-68f4e43a6110,
DC0082,Network Connection Creation,x-mitre-data-component--181a9f8c-c780-4f1f-91a8-edb770e904ba,T1071.004,DNS,attack-pattern--1996eef1-ced3-4d7f-bf94-33298cabbf72,True,DET0400,Behavioral Detection of DNS Tunneling and Application Layer Abuse,x-mitre-detection-strategy--c2721658-fa76-4b6f-9f84-50618de81ae0,relationship--d0253b71-3eef-4c9a-bc0a-b936fbec1ea7,
DC0082,Network Connection Creation,x-mitre-data-component--181a9f8c-c780-4f1f-91a8-edb770e904ba,T1071.005,Publish/Subscribe Protocols,attack-pattern--241f9ea8-f6ae-4f38-92f5-cef5b7e539dd,True,DET0002,Behavioral Detection of Publish/Subscribe Protocol Misuse for C2,x-mitre-detection-strategy--16495e17-03ec-4e11-ab80-f76ed6386329,relationship--116eaf8e-1aed-4455-b28c-4b8c74acd21d,
DC0082,Network Connection Creation,x-mitre-data-component--181a9f8c-c780-4f1f-91a8-edb770e904ba,T1078.002,Domain Accounts,attack-pattern--c3d4bdd9-2cfe-4a80-9d0c-07a29ecdce8f,True,DET0210,Abuse of Domain Accounts,x-mitre-detection-strategy--ba7a75c6-fcf5-4f36-8908-1fe1c30f690f,relationship--cdb2c6c0-057a-4865-bcd2-8bbaa39e5d55,
DC0082,Network Connection Creation,x-mitre-data-component--181a9f8c-c780-4f1f-91a8-edb770e904ba,T1090,Proxy,attack-pattern--731f4f55-b6d0-41d1-a7a9-072a66389aea,False,DET0445,Detection of Proxy Infrastructure Setup and Traffic Bridging,x-mitre-detection-strategy--5c44619a-da36-4bbd-9730-efceacf2409f,relationship--20b8b8ac-5c86-4dc3-a0e7-394f0e1ed7a9,
DC0082,Network Connection Creation,x-mitre-data-component--181a9f8c-c780-4f1f-91a8-edb770e904ba,T1090.001,Internal Proxy,attack-pattern--f6dacc85-b37d-458e-b58d-74fc4bbf5755,True,DET0075,Internal Proxy Behavior via Lateral Host-to-Host C2 Relay,x-mitre-detection-strategy--28630b41-d28f-4414-afc8-23cc9ce8696c,relationship--58aa13ea-1fc5-4b98-ba7a-721585eec425,
DC0082,Network Connection Creation,x-mitre-data-component--181a9f8c-c780-4f1f-91a8-edb770e904ba,T1090.002,External Proxy,attack-pattern--69b8fd78-40e8-4600-ae4d-662c9d7afdb3,True,DET0325,External Proxy Behavior via Outbound Relay to Intermediate Infrastructure,x-mitre-detection-strategy--bfb5cb12-7025-44c3-9a2d-79cfe42ecf54,relationship--872ebb9f-131c-47e0-a8c3-15b4764d3594,
DC0082,Network Connection Creation,x-mitre-data-component--181a9f8c-c780-4f1f-91a8-edb770e904ba,T1090.003,Multi-hop Proxy,attack-pattern--a782ebe2-daba-42c7-bc82-e8e9d923162d,True,DET0359,"Multi-hop Proxy Behavior via Relay Node Chaining, Onion Routing, and Network Tunneling",x-mitre-detection-strategy--407286ed-c904-412a-9f2d-7426ea7304a4,relationship--393a41c9-3c31-4325-9af0-c7601db3cc77,
DC0082,Network Connection Creation,x-mitre-data-component--181a9f8c-c780-4f1f-91a8-edb770e904ba,T1090.004,Domain Fronting,attack-pattern--ca9d3402-ada3-484d-876a-d717bd6e05f2,True,DET0196,Domain Fronting Behavior via Mismatched TLS SNI and HTTP Host Headers,x-mitre-detection-strategy--92203cb2-b7bd-4bc3-ab6f-9859a9856efc,relationship--1034ed90-685b-412d-baa0-6aef007d52c1,
DC0082,Network Connection Creation,x-mitre-data-component--181a9f8c-c780-4f1f-91a8-edb770e904ba,T1095,Non-Application Layer Protocol,attack-pattern--c21d5a77-d422-4a69-acd7-2c53c1faa34b,False,DET0457,Detection of Non-Application Layer Protocols for C2,x-mitre-detection-strategy--2cb544af-ef54-4376-9608-b399ad67d3d6,relationship--b49312bd-f37c-4b0f-a6c8-4ab38f14db65,
DC0082,Network Connection Creation,x-mitre-data-component--181a9f8c-c780-4f1f-91a8-edb770e904ba,T1102,Web Service,attack-pattern--830c9528-df21-472c-8c14-a036bf17d665,False,DET0425,Suspicious Use of Web Services for C2,x-mitre-detection-strategy--769615c5-08d5-4f51-8f3b-7ac2f1febce8,relationship--4eee02a2-fd0a-4ad7-b874-8a2a2c17ac6d,
DC0082,Network Connection Creation,x-mitre-data-component--181a9f8c-c780-4f1f-91a8-edb770e904ba,T1102.001,Dead Drop Resolver,attack-pattern--f7827069-0bf2-4764-af4f-23fae0d181b7,True,DET0058,Detection Strategy for Web Service: Dead Drop Resolver,x-mitre-detection-strategy--70abbe3f-797d-495b-8f76-371408a0f929,relationship--2dbc5b6f-4cc1-4073-a93b-2b8277263b7f,
DC0082,Network Connection Creation,x-mitre-data-component--181a9f8c-c780-4f1f-91a8-edb770e904ba,T1102.002,Bidirectional Communication,attack-pattern--be055942-6e63-49d7-9fa1-9cb7d8a8f3f4,True,DET0035,Detect Bidirectional Web Service C2 Channels via Process & Network Correlation,x-mitre-detection-strategy--dcf2474e-0774-40da-b7e6-f4b60d0ea62f,relationship--835d55ac-48f3-407e-a4a3-7cfd1437b0d7,
DC0082,Network Connection Creation,x-mitre-data-component--181a9f8c-c780-4f1f-91a8-edb770e904ba,T1102.003,One-Way Communication,attack-pattern--9c99724c-a483-4d60-ad9d-7f004e42e8e8,True,DET0581,Detect One-Way Web Service Command Channels,x-mitre-detection-strategy--e3718a7a-77b3-4790-99ba-aba7703815fd,relationship--3c6d32c7-532c-48bf-bca0-f78c66167a0c,
DC0082,Network Connection Creation,x-mitre-data-component--181a9f8c-c780-4f1f-91a8-edb770e904ba,T1104,Multi-Stage Channels,attack-pattern--84e02621-8fdf-470f-bd58-993bb6a89d91,False,DET0228,Detect Multi-Stage Command and Control Channels,x-mitre-detection-strategy--6368178a-04c5-490b-96d5-f12dcccd0497,relationship--4bb22cca-ded9-422e-8df8-fb1e387c8448,
DC0082,Network Connection Creation,x-mitre-data-component--181a9f8c-c780-4f1f-91a8-edb770e904ba,T1105,Ingress Tool Transfer,attack-pattern--e6919abc-99f9-4c6c-95a5-14761e7b2add,False,DET0060,Detect Ingress Tool Transfers via Behavioral Chain,x-mitre-detection-strategy--67677c4c-5778-49eb-ae74-1920645b8554,relationship--280c13b6-71c5-4e78-9cef-057528d42589,
DC0082,Network Connection Creation,x-mitre-data-component--181a9f8c-c780-4f1f-91a8-edb770e904ba,T1114,Email Collection,attack-pattern--1608f3e1-598a-42f4-a01a-2e252e81728f,False,DET0476,Email Collection via Local Email Access and Auto-Forwarding Behavior,x-mitre-detection-strategy--2470975e-6748-42a5-9a48-74dc7b687fe9,relationship--48fe7200-61ea-4d8a-89a9-ddcedf2f3313,
DC0082,Network Connection Creation,x-mitre-data-component--181a9f8c-c780-4f1f-91a8-edb770e904ba,T1114.001,Local Email Collection,attack-pattern--1e9eb839-294b-48cc-b0d3-c45555a2a004,True,DET0047,Detect Local Email Collection via Outlook Data File Access and Command Line Tooling,x-mitre-detection-strategy--8fb1967e-478f-4a83-9fb9-3da1015b8a26,relationship--8397947f-ea47-40e3-8a0d-8e20365d022f,
DC0082,Network Connection Creation,x-mitre-data-component--181a9f8c-c780-4f1f-91a8-edb770e904ba,T1114.002,Remote Email Collection,attack-pattern--b4694861-542c-48ea-9eb1-10d356e7140a,True,DET0048,Detect Remote Email Collection via Abnormal Login and Programmatic Access,x-mitre-detection-strategy--00a515dc-e3be-4349-9c61-65a5c0ce815d,relationship--d55da9ba-38a8-4ded-8896-24f705463e67,
DC0082,Network Connection Creation,x-mitre-data-component--181a9f8c-c780-4f1f-91a8-edb770e904ba,T1125,Video Capture,attack-pattern--6faf650d-bf31-4eb4-802d-1000cf38efaf,False,DET0197,"Behavior-chain, platform-aware detection strategy for T1125 Video Capture",x-mitre-detection-strategy--e9ee6ab5-333b-4cea-8637-23360d904472,relationship--2b034b90-9a02-4e29-b943-73b1b49459cb,
DC0082,Network Connection Creation,x-mitre-data-component--181a9f8c-c780-4f1f-91a8-edb770e904ba,T1127,Trusted Developer Utilities Proxy Execution,attack-pattern--ff25900d-76d5-449b-a351-8824e62fc81b,False,DET0172,"Behavior-chain, platform-aware detection strategy for T1127 Trusted Developer Utilities Proxy Execution (Windows)",x-mitre-detection-strategy--f47cb8dc-2120-4541-9306-95053218ba8a,relationship--e9ff67a4-4136-46d0-b91e-d354c84215a1,
DC0082,Network Connection Creation,x-mitre-data-component--181a9f8c-c780-4f1f-91a8-edb770e904ba,T1127.001,MSBuild,attack-pattern--c92e3d68-2349-49e4-a341-7edca2deff96,True,DET0556,Behavior-chain detection strategy for T1127.001 Trusted Developer Utilities Proxy Execution: MSBuild (Windows),x-mitre-detection-strategy--5fb0bb0d-cc9c-47aa-86f2-567b4ee642ff,relationship--9ce197cf-1ef3-4fa2-ac91-57ae0064c3a6,
DC0082,Network Connection Creation,x-mitre-data-component--181a9f8c-c780-4f1f-91a8-edb770e904ba,T1127.003,JamPlus,attack-pattern--7d356151-a69d-404e-896b-71618952702a,True,DET0585,Behavior-chain detection strategy for T1127.003 Trusted Developer Utilities Proxy Execution: JamPlus (Windows),x-mitre-detection-strategy--680956cb-d8c6-447c-99b4-82865fb89255,relationship--cf8ed394-7e83-4637-9cd3-82cccd529d78,
DC0082,Network Connection Creation,x-mitre-data-component--181a9f8c-c780-4f1f-91a8-edb770e904ba,T1129,Shared Modules,attack-pattern--0a5231ec-41af-4a35-83d0-6bdf11f28c65,False,DET0018,"Behavior-chain, platform-aware detection strategy for T1129 Shared Modules",x-mitre-detection-strategy--928a6ce6-fca0-4d66-aba3-1121431b953e,relationship--20d31ad8-56fd-4268-b650-6106617cc9bc,
DC0082,Network Connection Creation,x-mitre-data-component--181a9f8c-c780-4f1f-91a8-edb770e904ba,T1132,Data Encoding,attack-pattern--cc7b8c4e-9be0-47ca-b0bb-83915ec3ee2f,False,DET0108,Detection Strategy for Data Encoding in C2 Channels,x-mitre-detection-strategy--d7106707-eee8-443f-b106-e7eff58a739e,relationship--ebab4fe1-721f-40f5-9d24-cd8744bdc151,
DC0082,Network Connection Creation,x-mitre-data-component--181a9f8c-c780-4f1f-91a8-edb770e904ba,T1132.001,Standard Encoding,attack-pattern--04fd5427-79c7-44ea-ae13-11b24778ff1c,True,DET0124,"Behavior-chain detection for T1132.001 Data Encoding: Standard Encoding (Base64/Hex/MIME) across Windows, Linux, macOS, ESXi",x-mitre-detection-strategy--1f6a450a-fd29-4e5c-9708-1ae4616c28c3,relationship--0509ff0b-2095-466f-a6a4-72640f9a77fb,
DC0082,Network Connection Creation,x-mitre-data-component--181a9f8c-c780-4f1f-91a8-edb770e904ba,T1132.002,Non-Standard Encoding,attack-pattern--d467bc38-284b-4a00-96ac-125f447799fc,True,DET0326,"Behavior-chain detection for T1132.002 Data Encoding: Non-Standard Encoding across Windows, Linux, macOS, ESXi",x-mitre-detection-strategy--8bcafe59-0a4b-4314-988b-085bf5cdf7a9,relationship--488d1ba3-25ca-4a0c-b0b6-1d8053ce5cd3,
DC0082,Network Connection Creation,x-mitre-data-component--181a9f8c-c780-4f1f-91a8-edb770e904ba,T1133,External Remote Services,attack-pattern--10d51417-ee35-4589-b1ff-b6df1c334e8d,False,DET0354,"Behavior-chain detection for T1133 External Remote Services across Windows, Linux, macOS, Containers",x-mitre-detection-strategy--e9833c3c-b5ec-421b-bab4-91f74c2b6bd1,relationship--0b58aa79-627a-4d83-84ab-fb924e5f77e1,
DC0082,Network Connection Creation,x-mitre-data-component--181a9f8c-c780-4f1f-91a8-edb770e904ba,T1135,Network Share Discovery,attack-pattern--3489cfc5-640f-4bb3-a103-9137b97de79f,False,DET0182,"Behavior-chain detection for T1135 Network Share Discovery across Windows, Linux, and macOS",x-mitre-detection-strategy--e7870b55-7420-444a-9751-99fb5fbf4cd9,relationship--1170753c-b8d9-4bd8-a3d7-e09882b53897,
DC0082,Network Connection Creation,x-mitre-data-component--181a9f8c-c780-4f1f-91a8-edb770e904ba,T1176,Software Extensions,attack-pattern--389735f1-f21c-4208-b8f0-f8031e7169b8,False,DET0092,Detection of Malicious or Unauthorized Software Extensions,x-mitre-detection-strategy--eaa0f0da-bee7-4ce3-97e5-46d5ac2a9257,relationship--fcd8e924-69a3-4c53-b9c0-e30738e54c61,
DC0082,Network Connection Creation,x-mitre-data-component--181a9f8c-c780-4f1f-91a8-edb770e904ba,T1176.001,Browser Extensions,attack-pattern--278716b1-61ce-4a74-8d17-891d0c494101,True,DET0044,Detecting Malicious Browser Extensions Across Platforms,x-mitre-detection-strategy--101e19ca-f902-4c2d-8ceb-ddd07a43f1a7,relationship--427c5505-813e-488c-92b3-2e3c15170605,
DC0082,Network Connection Creation,x-mitre-data-component--181a9f8c-c780-4f1f-91a8-edb770e904ba,T1176.002,IDE Extensions,attack-pattern--66b34be7-6915-4b83-8d5a-b0f0592b5e41,True,DET0561,Detect malicious IDE extension install/usage and IDE tunneling,x-mitre-detection-strategy--434d1a09-6a53-43ae-8f8c-e0eb853c4a25,relationship--c7726ac6-c1de-46d6-9bad-a8f2343af867,
DC0082,Network Connection Creation,x-mitre-data-component--181a9f8c-c780-4f1f-91a8-edb770e904ba,T1185,Browser Session Hijacking,attack-pattern--544b0346-29ad-41e1-a808-501bb4193f47,False,DET0507,"Detect browser session hijacking via privilege, handle access, and remote thread into browsers",x-mitre-detection-strategy--759a29fb-8697-46f7-baa3-a891b28c064e,relationship--88d75e64-5f13-4017-a635-9a52e3458bb2,
DC0082,Network Connection Creation,x-mitre-data-component--181a9f8c-c780-4f1f-91a8-edb770e904ba,T1189,Drive-by Compromise,attack-pattern--d742a578-d70e-4d0e-96a6-02a9c30204e6,False,DET0176,"Drive-by Compromise — Behavior-based, Multi-platform Detection Strategy (T1189)",x-mitre-detection-strategy--a070f9d2-3480-4362-99b3-8b36f5be0189,relationship--65f2dd08-9e93-4599-ad36-0a8d6ef742e3,
DC0082,Network Connection Creation,x-mitre-data-component--181a9f8c-c780-4f1f-91a8-edb770e904ba,T1190,Exploit Public-Facing Application,attack-pattern--3f886f2a-874f-4333-b794-aa6075009b1c,False,DET0080,Exploit Public-Facing Application – multi-signal correlation (request → error → post-exploit process/egress),x-mitre-detection-strategy--dd8477c8-2aad-4db3-b810-fe0d2f605fa8,relationship--69e8d620-b9a1-4bfd-9bf0-62d2915f08ad,
DC0082,Network Connection Creation,x-mitre-data-component--181a9f8c-c780-4f1f-91a8-edb770e904ba,T1195.002,Compromise Software Supply Chain,attack-pattern--bd369cd9-abb8-41ce-b5bb-fff23ee86c00,True,DET0309,Compromised software/update chain (installer/write → first-run/child → egress/signature anomaly),x-mitre-detection-strategy--77d3b532-9c4f-4f9f-9581-3009b201435d,relationship--91cd8b1f-5c87-41be-b7e7-310d4c6b6c3e,
DC0082,Network Connection Creation,x-mitre-data-component--181a9f8c-c780-4f1f-91a8-edb770e904ba,T1197,BITS Jobs,attack-pattern--c8e87b83-edbb-48d4-9295-4974897525b7,False,DET0098,"Detect abuse of Windows BITS Jobs for download, execution and persistence",x-mitre-detection-strategy--de9fde27-426b-4cb1-afcd-dbe1f7d4273f,relationship--0967546e-b205-4de2-92eb-2847cb4ad94e,
DC0082,Network Connection Creation,x-mitre-data-component--181a9f8c-c780-4f1f-91a8-edb770e904ba,T1199,Trusted Relationship,attack-pattern--9fa07bef-9c81-421e-a8e5-ad4366c5a925,False,DET0488,Detect abuse of Trusted Relationships (third-party and delegated admin access),x-mitre-detection-strategy--2f7a5ebd-e025-4822-aed2-46fc3ec1a0a9,relationship--8dcb3689-54f5-4416-9b75-6c380d24bdca,
DC0082,Network Connection Creation,x-mitre-data-component--181a9f8c-c780-4f1f-91a8-edb770e904ba,T1200,Hardware Additions,attack-pattern--d40239b3-05ff-46d8-9bdd-b46d13463ef9,False,DET0069,Detect unauthorized or suspicious Hardware Additions (USB/Thunderbolt/Network),x-mitre-detection-strategy--e8d186eb-5450-4dc9-8458-89bbaed45643,relationship--a9a213e9-8227-4154-83af-2ab640f63efa,
DC0082,Network Connection Creation,x-mitre-data-component--181a9f8c-c780-4f1f-91a8-edb770e904ba,T1202,Indirect Command Execution,attack-pattern--3b0e52ce-517a-4614-a523-1bd5deef6c5e,False,DET0200,Indirect Command Execution – Windows utility abuse behavior chain,x-mitre-detection-strategy--f3cc2f0f-c657-4453-90a8-d7c9a59d6e37,relationship--8bb1b5ae-824e-41f2-b3a3-f852e8c9bffe,
DC0082,Network Connection Creation,x-mitre-data-component--181a9f8c-c780-4f1f-91a8-edb770e904ba,T1203,Exploitation for Client Execution,attack-pattern--be2dcee9-a7a7-4e38-afd6-21b31ecc3d63,False,DET0287,Exploitation for Client Execution – cross-platform behavior chain (browser/Office/3rd-party apps),x-mitre-detection-strategy--1894c2d7-ce4f-4cfd-8644-decb1e14f0c5,relationship--f094c21c-9872-4e82-88c1-c759979c4f10,
DC0082,Network Connection Creation,x-mitre-data-component--181a9f8c-c780-4f1f-91a8-edb770e904ba,T1204,User Execution,attack-pattern--8c32eb4d-805f-4fc5-bf60-c4d476c131b5,False,DET0478,User Execution – multi-surface behavior chain (documents/links → helper/unpacker → LOLBIN/child → egress),x-mitre-detection-strategy--70c9f174-2e96-4086-b59c-d2358e434f8e,relationship--7a3c280c-1116-4197-812a-e233eb1d5a17,
DC0082,Network Connection Creation,x-mitre-data-component--181a9f8c-c780-4f1f-91a8-edb770e904ba,T1204.001,Malicious Link,attack-pattern--ef67e13e-5598-4adc-bdb2-998225874fa9,True,DET0066,User Execution – Malicious Link (click → suspicious egress → download/write → follow-on activity),x-mitre-detection-strategy--b977bf63-8fe2-4538-b4f2-0098fe26d67b,relationship--8f834d41-f4f4-4662-88a2-bfe298515b91,
DC0082,Network Connection Creation,x-mitre-data-component--181a9f8c-c780-4f1f-91a8-edb770e904ba,T1204.004,Malicious Copy and Paste,attack-pattern--e261a979-f354-41a8-963e-6cadac27c4bf,True,DET0340,User Execution – Malicious Copy & Paste (browser/email → shell with obfuscated one-liner) – T1204.004,x-mitre-detection-strategy--0dabfa5e-9c35-48ec-b825-ff1cce7a3d00,relationship--733c50f9-bc54-4eb0-9cd7-7fa341a4613d,
DC0082,Network Connection Creation,x-mitre-data-component--181a9f8c-c780-4f1f-91a8-edb770e904ba,T1204.005,Malicious Library,attack-pattern--73b24a10-6bf4-4af1-a81e-67b8bcb6c4e6,True,DET0252,User-Initiated Malicious Library Installation via Package Manager (T1204.005),x-mitre-detection-strategy--09caebdc-2ce4-4698-a40c-d91cb65f9720,relationship--b3e3de71-b34f-4c75-a8ad-5204ed38fc81,
DC0082,Network Connection Creation,x-mitre-data-component--181a9f8c-c780-4f1f-91a8-edb770e904ba,T1205,Traffic Signaling,attack-pattern--451a9977-d255-43c9-b431-66de80130c8c,False,DET0524,Traffic Signaling (Port-knock / magic-packet → firewall or service activation) – T1205,x-mitre-detection-strategy--1e601759-c5d1-45cc-97a1-972967426794,relationship--b014be93-7f58-428b-9612-069d50c1a9e8,
DC0082,Network Connection Creation,x-mitre-data-component--181a9f8c-c780-4f1f-91a8-edb770e904ba,T1205.001,Port Knocking,attack-pattern--8868cb5b-d575-4a60-acb2-07d37389a2fd,True,DET0302,Port-knock → rule/daemon change → first successful connect (T1205.001),x-mitre-detection-strategy--68b7c978-74e4-4f87-a953-2a4e752f56c2,relationship--e09ca94c-f233-4062-8a1c-ede510af845a,
DC0082,Network Connection Creation,x-mitre-data-component--181a9f8c-c780-4f1f-91a8-edb770e904ba,T1205.002,Socket Filters,attack-pattern--005cc321-08ce-4d17-b1ea-cb5275926520,True,DET0162,Socket-filter trigger → on-host raw-socket activity → reverse connection (T1205.002),x-mitre-detection-strategy--b4cdf164-9cb7-4cad-bdc3-81b5574f364a,relationship--829a3356-ec45-4101-8eb0-f0c168ff8f03,
DC0082,Network Connection Creation,x-mitre-data-component--181a9f8c-c780-4f1f-91a8-edb770e904ba,T1210,Exploitation of Remote Services,attack-pattern--9db0cf3a-a3c9-4012-8268-123b9db6fd82,False,DET0118,Exploitation of Remote Services – multi-platform lateral movement detection,x-mitre-detection-strategy--ee73dd97-cf1a-4220-a7cf-52d864811bb4,relationship--0730d238-c81d-415c-9db5-bff7368114d6,
DC0082,Network Connection Creation,x-mitre-data-component--181a9f8c-c780-4f1f-91a8-edb770e904ba,T1213,Data from Information Repositories,attack-pattern--d28ef391-8ed4-45dc-bc4a-2f43abf54416,False,DET0413,Abuse of Information Repositories for Data Collection,x-mitre-detection-strategy--48e8d8b1-0117-48bd-a32d-f4e43b665bf3,relationship--9f605e91-c94f-48b0-ab9f-1d692649eca5,
DC0082,Network Connection Creation,x-mitre-data-component--181a9f8c-c780-4f1f-91a8-edb770e904ba,T1213.006,Databases,attack-pattern--248d3fe1-7fe1-4d71-91c7-8bb7ef35cad3,True,DET0242,Suspicious Database Access and Dump Activity Across Environments (T1213.006),x-mitre-detection-strategy--18fe3660-c079-4522-b1d7-7ce7f65f9686,relationship--0425a702-10d7-4033-9af3-7c2b76f4576b,
DC0082,Network Connection Creation,x-mitre-data-component--181a9f8c-c780-4f1f-91a8-edb770e904ba,T1216.001,PubPrn,attack-pattern--09cd431f-eaf4-4d2a-acaf-2a7acfe7ed58,True,DET0528,Detecting Remote Script Proxy Execution via PubPrn.vbs,x-mitre-detection-strategy--4e2e06c5-a7bd-40d9-af9b-99fdfe725360,relationship--6132ea93-9152-432c-897c-cb3d36b599d2,
DC0082,Network Connection Creation,x-mitre-data-component--181a9f8c-c780-4f1f-91a8-edb770e904ba,T1218,System Binary Proxy Execution,attack-pattern--457c7820-d331-465a-915e-42f85500ccc4,False,DET0081,Detection of Proxy Execution via Trusted Signed Binaries Across Platforms,x-mitre-detection-strategy--ce0b969a-1411-4b6f-a6aa-c31ef6fe6727,relationship--e9264dc5-3daa-4e0b-9021-1df1fdd58b67,
DC0082,Network Connection Creation,x-mitre-data-component--181a9f8c-c780-4f1f-91a8-edb770e904ba,T1218.001,Compiled HTML File,attack-pattern--a6937325-9321-4e2e-bb2b-3ed2d40b2a9d,True,DET0342,Detection of Suspicious Compiled HTML File Execution via hh.exe,x-mitre-detection-strategy--fafb9522-c185-48e0-b0a5-e65887f5deb4,relationship--f6a621a4-6a66-492d-82ed-848cc0bcaa76,
DC0082,Network Connection Creation,x-mitre-data-component--181a9f8c-c780-4f1f-91a8-edb770e904ba,T1218.003,CMSTP,attack-pattern--4cbc6a62-9e34-4f94-8a19-5c1a11392a49,True,DET0328,Detection of Malicious Profile Installation via CMSTP.exe,x-mitre-detection-strategy--c254ecff-c728-4de8-a0f8-e5ad5015aa32,relationship--92a59f27-7dbc-4da9-b17e-816cb90fca1d,
DC0082,Network Connection Creation,x-mitre-data-component--181a9f8c-c780-4f1f-91a8-edb770e904ba,T1218.005,Mshta,attack-pattern--840a987a-99bd-4a80-a5c9-0cb2baa6cade,True,DET0506,Detecting Mshta-based Proxy Execution via Suspicious HTA or Script Invocation,x-mitre-detection-strategy--8d06728f-5b50-4925-a05c-4d56b17ba5d2,relationship--8f29d6eb-f347-4e12-a318-14ee84974f85,
DC0082,Network Connection Creation,x-mitre-data-component--181a9f8c-c780-4f1f-91a8-edb770e904ba,T1218.007,Msiexec,attack-pattern--365be77f-fc0e-42ee-bac8-4faf806d9336,True,DET0158,"Detection of Msiexec Abuse for Local, Network, and DLL Execution",x-mitre-detection-strategy--0602b47a-d37c-4eee-ac4b-b464060945ab,relationship--1d94bde6-737e-4e6f-8521-fcb315057931,
DC0082,Network Connection Creation,x-mitre-data-component--181a9f8c-c780-4f1f-91a8-edb770e904ba,T1218.008,Odbcconf,attack-pattern--6e3bd510-6b33-41a4-af80-2d80f3ee0071,True,DET0486,Detecting Odbcconf Proxy Execution of Malicious DLLs,x-mitre-detection-strategy--9407410b-7f35-4d32-be3c-e48ea36573d9,relationship--2fe2e0ee-7e1f-45f8-902f-d1011985158d,
DC0082,Network Connection Creation,x-mitre-data-component--181a9f8c-c780-4f1f-91a8-edb770e904ba,T1218.009,Regsvcs/Regasm,attack-pattern--c48a67ee-b657-45c1-91bf-6cdbe27205f8,True,DET0361,Detecting .NET COM Registration Abuse via Regsvcs/Regasm,x-mitre-detection-strategy--9c03f003-b859-42c6-b16d-c0979dfc202b,relationship--23d3f30e-9f30-4411-abba-04d31573205a,
DC0082,Network Connection Creation,x-mitre-data-component--181a9f8c-c780-4f1f-91a8-edb770e904ba,T1218.010,Regsvr32,attack-pattern--b97f1d35-4249-4486-a6b5-ee60ccf24fab,True,DET0282,Detection Strategy for System Binary Proxy Execution: Regsvr32,x-mitre-detection-strategy--0a931f22-4820-48aa-8051-056da15a6183,relationship--6a5e3a15-ba2a-4836-ab40-8f5d8a3175bf,
DC0082,Network Connection Creation,x-mitre-data-component--181a9f8c-c780-4f1f-91a8-edb770e904ba,T1218.011,Rundll32,attack-pattern--045d0922-2310-4e60-b5e4-3302302cb3c5,True,DET0475,Detection Strategy for T1218.011 Rundll32 Abuse,x-mitre-detection-strategy--a51d4d34-78fc-49b7-9071-348905dd33c2,relationship--3b6dd089-2818-4717-9956-8829fe08f252,
DC0082,Network Connection Creation,x-mitre-data-component--181a9f8c-c780-4f1f-91a8-edb770e904ba,T1218.012,Verclsid,attack-pattern--808e6329-ca91-4b87-ac2d-8eadc5f8f327,True,DET0042,Detection Strategy for T1218.012 Verclsid Abuse,x-mitre-detection-strategy--1d738832-3de4-45f0-98e5-ac37642619e8,relationship--fb84562a-e701-4a0f-a204-d0a6234efdd7,
DC0082,Network Connection Creation,x-mitre-data-component--181a9f8c-c780-4f1f-91a8-edb770e904ba,T1218.013,Mavinject,attack-pattern--1bae753e-8e52-4055-a66d-2ead90303ca9,True,DET0433,Detecting Code Injection via mavinject.exe (App-V Injector),x-mitre-detection-strategy--621ecbd0-a183-4dbd-913c-656436e62c1d,relationship--c313a043-5713-49d7-a13a-56af37ce46dd,
DC0082,Network Connection Creation,x-mitre-data-component--181a9f8c-c780-4f1f-91a8-edb770e904ba,T1218.014,MMC,attack-pattern--ffbcfdb0-de22-4106-9ed3-fc23c8a01407,True,DET0222,Detecting MMC (.msc) Proxy Execution and Malicious COM Activation,x-mitre-detection-strategy--f4560945-d62f-48b6-ae94-dcd93c471c45,relationship--e79ec747-79ad-4467-ae3b-724da019de1d,
DC0082,Network Connection Creation,x-mitre-data-component--181a9f8c-c780-4f1f-91a8-edb770e904ba,T1218.015,Electron Applications,attack-pattern--561ae9aa-c28a-4144-9eec-e7027a14c8c3,True,DET0025,Detecting Electron Application Abuse for Proxy Execution,x-mitre-detection-strategy--d41df11d-b2cd-4afc-89a5-9c77e7f31985,relationship--2d9779a5-5d91-40ba-8475-4264b261a8f8,
DC0082,Network Connection Creation,x-mitre-data-component--181a9f8c-c780-4f1f-91a8-edb770e904ba,T1219,Remote Access Tools,attack-pattern--4061e78c-1284-44b4-9116-73e4ac3912f7,False,DET0496,Behavior-Chain Detection for Remote Access Tools (Tool-Agnostic),x-mitre-detection-strategy--ec412019-109f-4f84-aa2f-d623f40254e0,relationship--153e37f3-37a6-439d-a7a1-888dc45673f0,
DC0082,Network Connection Creation,x-mitre-data-component--181a9f8c-c780-4f1f-91a8-edb770e904ba,T1219.001,IDE Tunneling,attack-pattern--77e29a47-e263-4f11-8692-e5012f44dbac,True,DET0133,"IDE Tunneling Detection via Process, File, and Network Behaviors",x-mitre-detection-strategy--3efcd3e4-9238-4686-990b-27ac110dccfd,relationship--1c74bb94-725b-430e-a4f4-166fc9bcee7f,
DC0082,Network Connection Creation,x-mitre-data-component--181a9f8c-c780-4f1f-91a8-edb770e904ba,T1219.002,Remote Desktop Software,attack-pattern--d4287702-e2f7-4946-bdfa-2c7f5aaa5032,True,DET0259,Remote Desktop Software Execution and Beaconing Detection,x-mitre-detection-strategy--834e853c-479d-4ddd-a1a3-349b09466b8d,relationship--c0b7b010-0199-4fc0-8ac4-f95bb26169ce,
DC0082,Network Connection Creation,x-mitre-data-component--181a9f8c-c780-4f1f-91a8-edb770e904ba,T1221,Template Injection,attack-pattern--dc31fe1e-d722-49da-8f5f-92c7b5aff534,False,DET0566,Template Injection Detection - Windows,x-mitre-detection-strategy--481a55d3-5f23-4428-9438-0220eab78678,relationship--efe009c7-a61c-4b9e-8ea2-f7db37de2080,
DC0082,Network Connection Creation,x-mitre-data-component--181a9f8c-c780-4f1f-91a8-edb770e904ba,T1480,Execution Guardrails,attack-pattern--853c4192-4311-43e1-bfbb-b11b14911852,False,DET0562,Multi-Platform Execution Guardrails Environmental Validation Detection Strategy,x-mitre-detection-strategy--99bdd6d6-ebef-40e2-83d2-2f39408c82e3,relationship--d1b82c9a-003e-4eb2-b34d-d2b2dbbebe19,
DC0082,Network Connection Creation,x-mitre-data-component--181a9f8c-c780-4f1f-91a8-edb770e904ba,T1480.001,Environmental Keying,attack-pattern--f244b8dd-af6c-4391-a497-fc03627ce995,True,DET0474,Environmental Keying Discovery-to-Decryption Behavioral Chain Detection Strategy,x-mitre-detection-strategy--a59f4a44-d581-4026-802d-5dc5c0c9f7d5,relationship--a7c4fd3b-02cd-496d-a633-a9cd23eb8115,
DC0082,Network Connection Creation,x-mitre-data-component--181a9f8c-c780-4f1f-91a8-edb770e904ba,T1496,Resource Hijacking,attack-pattern--cd25c1b4-935c-4f0e-ba8d-552f28bc4783,False,DET0267,Resource Hijacking Detection Strategy,x-mitre-detection-strategy--440ddaf2-4e80-4699-90d7-0bdccdfeece6,relationship--c267dfc4-92f8-41f5-a101-177153e674c3,
DC0082,Network Connection Creation,x-mitre-data-component--181a9f8c-c780-4f1f-91a8-edb770e904ba,T1496.001,Compute Hijacking,attack-pattern--a718a0c8-5768-41a1-9958-a1cc3f995e99,True,DET0540,Multi-Platform Behavioral Detection for Compute Hijacking,x-mitre-detection-strategy--be288974-9b74-41c1-8c43-66aef169255a,relationship--9176ca84-16bf-4a60-bce5-ffa6093c8145,
DC0082,Network Connection Creation,x-mitre-data-component--181a9f8c-c780-4f1f-91a8-edb770e904ba,T1496.002,Bandwidth Hijacking,attack-pattern--718cb208-6446-4572-a2f0-9c799c60091e,True,DET0028,"Detect Excessive or Unauthorized Bandwidth Usage for Botnet, Proxyjacking, or Scanning Purposes",x-mitre-detection-strategy--c0a23061-c4f3-4003-9e81-e81d50b6d1e2,relationship--56fb97ac-7a90-43df-9cab-826cbc835626,
DC0082,Network Connection Creation,x-mitre-data-component--181a9f8c-c780-4f1f-91a8-edb770e904ba,T1498,Network Denial of Service,attack-pattern--d74c4a7e-ffbf-432f-9365-7ebf1f787cab,False,DET0518,Behavioral Detection of T1498 – Network Denial of Service Across Platforms,x-mitre-detection-strategy--8103189e-83c8-4246-a56c-193e19c98182,relationship--372cdf67-89a5-4214-a4c4-d2eadc753fa1,
DC0082,Network Connection Creation,x-mitre-data-component--181a9f8c-c780-4f1f-91a8-edb770e904ba,T1498.001,Direct Network Flood,attack-pattern--0bda01d5-4c1d-4062-8ee2-6872334383c3,True,DET0343,"Direct Network Flood Detection across IaaS, Linux, Windows, and macOS",x-mitre-detection-strategy--6e1ea095-9f21-4544-8e9b-4fab2668033e,relationship--fcf5a880-eee6-45b7-8d2b-10b640b0fa62,
DC0082,Network Connection Creation,x-mitre-data-component--181a9f8c-c780-4f1f-91a8-edb770e904ba,T1498.002,Reflection Amplification,attack-pattern--36b2a1d7-e09e-49bf-b45e-477076c2ec01,True,DET0408,Detection Strategy for Reflection Amplification DoS (T1498.002),x-mitre-detection-strategy--20f5a44b-e9bb-48e9-9bea-e7a3d757005f,relationship--dc306a42-ed88-4bd8-9c12-7cceabe67490,
DC0082,Network Connection Creation,x-mitre-data-component--181a9f8c-c780-4f1f-91a8-edb770e904ba,T1499.002,Service Exhaustion Flood,attack-pattern--38eb0c22-6caf-46ce-8869-5964bd735858,True,DET0173,Detection Strategy for Endpoint DoS via Service Exhaustion Flood,x-mitre-detection-strategy--1a45b10a-c410-4212-8018-7c00bb292dab,relationship--32595fc5-b57a-4052-8e1c-a2d01d6e3d14,
DC0082,Network Connection Creation,x-mitre-data-component--181a9f8c-c780-4f1f-91a8-edb770e904ba,T1535,Unused/Unsupported Cloud Regions,attack-pattern--59bd0dec-f8b2-4b9a-9141-37a1e6899761,False,DET0247,Detection of Adversary Use of Unused or Unsupported Cloud Regions (IaaS),x-mitre-detection-strategy--ec3e5f66-a2b8-48ae-9adf-eb4f5014ba70,relationship--17601081-e7e7-4d81-9bb1-d7101c7619ed,
DC0082,Network Connection Creation,x-mitre-data-component--181a9f8c-c780-4f1f-91a8-edb770e904ba,T1542.004,ROMMONkit,attack-pattern--a6557c75-798f-42e4-be70-ab4502e0a3bc,True,DET0175,Detection Strategy for T1542.004 Pre-OS Boot: ROMMONkit,x-mitre-detection-strategy--c3924c07-255d-4df9-8357-a47e68c04bbb,relationship--99ff6f4d-187b-4e52-8ad6-b9e471ae96fb,
DC0082,Network Connection Creation,x-mitre-data-component--181a9f8c-c780-4f1f-91a8-edb770e904ba,T1542.005,TFTP Boot,attack-pattern--28abec6c-4443-4b03-8206-07f2e264a6b4,True,DET0582,Detection Strategy for T1542.005 Pre-OS Boot: TFTP Boot,x-mitre-detection-strategy--8f6ddd50-aeb8-48ae-8f4a-83b314829ca3,relationship--916d2916-f484-4d91-a454-1822f0b39769,
DC0082,Network Connection Creation,x-mitre-data-component--181a9f8c-c780-4f1f-91a8-edb770e904ba,T1550.002,Pass the Hash,attack-pattern--e624264c-033a-424d-9fd7-fc9c3bbdb03e,True,DET0409,Detection Strategy for T1550.002 - Pass the Hash (Windows),x-mitre-detection-strategy--5692084b-878d-44f7-8b38-a3d125894845,relationship--fa64735f-0ea6-482b-859a-5cb4b9f6f95b,
DC0082,Network Connection Creation,x-mitre-data-component--181a9f8c-c780-4f1f-91a8-edb770e904ba,T1552.001,Credentials In Files,attack-pattern--837f9164-50af-4ac0-8219-379d8a74cefc,True,DET0307,Detect Access to Unsecured Credential Files Across Platforms,x-mitre-detection-strategy--b34a9911-8261-45b4-af09-3885f9b82cc6,relationship--eb816beb-0df8-4b41-840b-891bd1cf0ffa,
DC0082,Network Connection Creation,x-mitre-data-component--181a9f8c-c780-4f1f-91a8-edb770e904ba,T1552.005,Cloud Instance Metadata API,attack-pattern--19bf235b-8620-4997-b5b4-94e0659ed7c3,True,DET0001,Detect Access to Cloud Instance Metadata API (IaaS),x-mitre-detection-strategy--6182825d-f41f-4d87-ac93-937f7894ab1d,relationship--0aa99c14-ce0e-4d79-8c14-6137b2b602f1,
DC0082,Network Connection Creation,x-mitre-data-component--181a9f8c-c780-4f1f-91a8-edb770e904ba,T1557,Adversary-in-the-Middle,attack-pattern--035bb001-ab69-4a0b-9f6c-2de8b09e1b9d,False,DET0296,Detect Adversary-in-the-Middle via Network and Configuration Anomalies,x-mitre-detection-strategy--0eb48c77-9056-4178-900b-7ac23fd1c7cd,relationship--58bbe5a4-6de5-48e3-a003-028348c408ce,
DC0082,Network Connection Creation,x-mitre-data-component--181a9f8c-c780-4f1f-91a8-edb770e904ba,T1557.002,ARP Cache Poisoning,attack-pattern--cabe189c-a0e3-4965-a473-dcff00f17213,True,DET0387,"Detect ARP Cache Poisoning Across Linux, Windows, and macOS",x-mitre-detection-strategy--99758bfb-f638-43aa-a233-d27646452116,relationship--9b5ab78c-06dd-4baf-bca6-bee938523de1,
DC0082,Network Connection Creation,x-mitre-data-component--181a9f8c-c780-4f1f-91a8-edb770e904ba,T1562.013,Disable or Modify Network Device Firewall,attack-pattern--a0f84e1d-d25c-4dd1-bb26-3c0e68471530,True,DET0306,Unauthorized Network Firewall Rule Modification (T1562.013),x-mitre-detection-strategy--3a114d11-0850-4c33-b828-359e59b15250,relationship--14608f37-06ed-474a-b6ca-ccea80788f32,
DC0082,Network Connection Creation,x-mitre-data-component--181a9f8c-c780-4f1f-91a8-edb770e904ba,T1563,Remote Service Session Hijacking,attack-pattern--5b0ad6f8-6a16-4966-a4ef-d09ea6e2a9f5,False,DET0079,Detection of Remote Service Session Hijacking,x-mitre-detection-strategy--5d244477-26e2-4b3a-b882-fd74e366e07d,relationship--91aad2e7-a865-4f83-88c8-c844822f3d81,
DC0082,Network Connection Creation,x-mitre-data-component--181a9f8c-c780-4f1f-91a8-edb770e904ba,T1563.001,SSH Hijacking,attack-pattern--4d2a5b3e-340d-4600-9123-309dd63c9bf8,True,DET0256,Detection Strategy for SSH Session Hijacking,x-mitre-detection-strategy--bdbd724e-b3e2-44d7-a9d6-ba2a4915762c,relationship--d9456903-054e-4281-b9f3-b95c5bf42f6e,
DC0082,Network Connection Creation,x-mitre-data-component--181a9f8c-c780-4f1f-91a8-edb770e904ba,T1563.002,RDP Hijacking,attack-pattern--e0033c16-a07e-48aa-8204-7c3ca669998c,True,DET0588,Detection fo Remote Service Session Hijacking for RDP.,x-mitre-detection-strategy--2729a43c-3f8d-4fee-b2bd-f773436d051b,relationship--29016afa-0769-41ea-ba47-9f4aecf6228d,
DC0082,Network Connection Creation,x-mitre-data-component--181a9f8c-c780-4f1f-91a8-edb770e904ba,T1565.002,Transmitted Data Manipulation,attack-pattern--d0613359-5781-4fd2-b5be-c269270be1f6,True,DET0254,Detection Strategy of Transmitted Data Manipulation,x-mitre-detection-strategy--1764bbd5-67d1-4225-9c06-0d5aa74d056f,relationship--80f99d79-d102-449e-be48-523a0da815a4,
DC0082,Network Connection Creation,x-mitre-data-component--181a9f8c-c780-4f1f-91a8-edb770e904ba,T1566.001,Spearphishing Attachment,attack-pattern--2e34237d-8574-43f6-aace-ae2915de8597,True,DET0236,Detection Strategy for Spearphishing Attachment across OS Platforms,x-mitre-detection-strategy--8d904004-e492-4f76-9f84-be75fc61e5c5,relationship--1b5a88b4-27e1-4a35-9c47-c2a25182ce1d,
DC0082,Network Connection Creation,x-mitre-data-component--181a9f8c-c780-4f1f-91a8-edb770e904ba,T1566.002,Spearphishing Link,attack-pattern--2b742742-28c3-4e1b-bab7-8350d6300fa7,True,DET0107,Detection Strategy for Spearphishing Links,x-mitre-detection-strategy--ed58a144-2554-495c-9c60-18e6f817aa75,relationship--32007100-9b8d-440a-9f74-44b4cb339997,
DC0082,Network Connection Creation,x-mitre-data-component--181a9f8c-c780-4f1f-91a8-edb770e904ba,T1566.003,Spearphishing via Service,attack-pattern--f6ad61ee-65f3-4bd0-a3f5-2f0accb36317,True,DET0115,Detection Strategy for Spearphishing via a Service across OS Platforms,x-mitre-detection-strategy--dd232215-bb7f-461f-ac3f-e7cf5612e396,relationship--3309fc34-0c04-4b0a-8bbc-9beb546ea78e,
DC0082,Network Connection Creation,x-mitre-data-component--181a9f8c-c780-4f1f-91a8-edb770e904ba,T1567,Exfiltration Over Web Service,attack-pattern--40597f16-0963-4249-bf4c-ac93b7fb9807,False,DET0548,Detection Strategy for Exfiltration Over Web Service,x-mitre-detection-strategy--1753ab98-4530-4284-9bc3-5d4813abfb9e,relationship--2d284ff6-5204-4bde-b4f5-c172dd4c4ca3,
DC0082,Network Connection Creation,x-mitre-data-component--181a9f8c-c780-4f1f-91a8-edb770e904ba,T1567.001,Exfiltration to Code Repository,attack-pattern--86a96bf6-cf8b-411c-aaeb-8959944d64f7,True,DET0318,Detection Strategy for Exfiltration to Code Repository,x-mitre-detection-strategy--ac9c6b7c-bf94-4eeb-926c-f576673c0a14,relationship--c97fce35-747a-489f-9421-808a69e950a4,
DC0082,Network Connection Creation,x-mitre-data-component--181a9f8c-c780-4f1f-91a8-edb770e904ba,T1567.002,Exfiltration to Cloud Storage,attack-pattern--bf1b6176-597c-4600-bfcd-ac989670f96b,True,DET0570,Detection Strategy for Exfiltration to Cloud Storage,x-mitre-detection-strategy--c8895822-a3d1-41eb-952f-c67b4673eee2,relationship--6d01d586-c518-45db-96f3-5b718324c9da,
DC0082,Network Connection Creation,x-mitre-data-component--181a9f8c-c780-4f1f-91a8-edb770e904ba,T1567.003,Exfiltration to Text Storage Sites,attack-pattern--ba04e672-da86-4e69-aa15-0eca5db25f43,True,DET0284,Detection Strategy for Exfiltration to Text Storage Sites,x-mitre-detection-strategy--6ab41bc0-2d89-4173-8149-728fbc2698b6,relationship--7478c9f5-d7a9-4423-9c1f-228bac8eb739,
DC0082,Network Connection Creation,x-mitre-data-component--181a9f8c-c780-4f1f-91a8-edb770e904ba,T1567.004,Exfiltration Over Webhook,attack-pattern--43f2776f-b4bd-4118-94b8-fee47e69676d,True,DET0153,Detection Strategy for Exfiltration Over Webhook,x-mitre-detection-strategy--dcc26ef4-3ecd-4b37-b4b4-66faee084352,relationship--820a1ffe-27dd-4c0f-a791-f721d5662f5f,
DC0082,Network Connection Creation,x-mitre-data-component--181a9f8c-c780-4f1f-91a8-edb770e904ba,T1568,Dynamic Resolution,attack-pattern--7bd9c723-2f78-4309-82c5-47cad406572b,False,DET0039,Detection Strategy for Dynamic Resolution across OS Platforms,x-mitre-detection-strategy--98d6523f-54c5-4a24-a758-333caa833967,relationship--d3731f00-2f45-4dc4-9906-7c0f90bf4f06,
DC0082,Network Connection Creation,x-mitre-data-component--181a9f8c-c780-4f1f-91a8-edb770e904ba,T1568.001,Fast Flux DNS,attack-pattern--29ba5a15-3b7b-4732-b817-65ea8f6468e6,True,DET0485,Detection Strategy for Dynamic Resolution using Fast Flux DNS,x-mitre-detection-strategy--4556646a-39df-48bf-9df3-623d4da7a859,relationship--0b412564-79d1-4393-988a-90fbb17e1a6f,
DC0082,Network Connection Creation,x-mitre-data-component--181a9f8c-c780-4f1f-91a8-edb770e904ba,T1568.002,Domain Generation Algorithms,attack-pattern--118f61a5-eb3e-4fb6-931f-2096647f4ecd,True,DET0419,Detection Strategy for Dynamic Resolution using Domain Generation Algorithms.,x-mitre-detection-strategy--263a0357-5f6d-4066-bfda-afeb883e51d7,relationship--0b0874ca-7eb4-430e-911a-b87a523f75ea,
DC0082,Network Connection Creation,x-mitre-data-component--181a9f8c-c780-4f1f-91a8-edb770e904ba,T1568.003,DNS Calculation,attack-pattern--83a766f8-1501-4b3a-a2de-2e2849e8dfc1,True,DET0262,Detection Strategy for Dynamic Resolution through DNS Calculation,x-mitre-detection-strategy--510a02c8-4341-40ab-8b57-bd678c411ac0,relationship--fd54e7fd-a426-4628-8e8e-be2e8fb366d4,
DC0082,Network Connection Creation,x-mitre-data-component--181a9f8c-c780-4f1f-91a8-edb770e904ba,T1569.002,Service Execution,attack-pattern--f1951e8a-500e-4a26-8803-76d95c4554b4,True,DET0421,Detection Strategy for System Services Service Execution,x-mitre-detection-strategy--ef1996dc-b6e9-4d8b-a216-77d14323b3e5,relationship--9b8e4d42-e77f-42c5-905f-2090c5859aaa,
DC0082,Network Connection Creation,x-mitre-data-component--181a9f8c-c780-4f1f-91a8-edb770e904ba,T1571,Non-Standard Port,attack-pattern--b18eae87-b469-4e14-b454-b171b416bc18,False,DET0227,Detection Strategy for Non-Standard Ports,x-mitre-detection-strategy--cc8324a7-03d0-47d1-8e2b-3caec44fc129,relationship--db753357-bf72-4dfc-ad38-701dab07e7fa,
DC0082,Network Connection Creation,x-mitre-data-component--181a9f8c-c780-4f1f-91a8-edb770e904ba,T1572,Protocol Tunneling,attack-pattern--4fe28b27-b13c-453e-a386-c2ef362a573b,False,DET0538,Detection Strategy for Protocol Tunneling accross OS platforms.,x-mitre-detection-strategy--fff8e15e-f7eb-4c07-8b77-8e7ef2eb01b6,relationship--fab7fca5-a36a-481c-a110-4c2abc2af359,
DC0082,Network Connection Creation,x-mitre-data-component--181a9f8c-c780-4f1f-91a8-edb770e904ba,T1573,Encrypted Channel,attack-pattern--b8902400-e6c5-4ba2-95aa-2d35b442b118,False,DET0273,Detection Strategy for Encrypted Channel across OS Platforms,x-mitre-detection-strategy--08861418-398c-4972-8850-5e11f2d32944,relationship--2b484619-c72b-457d-b362-ceb882438231,
DC0082,Network Connection Creation,x-mitre-data-component--181a9f8c-c780-4f1f-91a8-edb770e904ba,T1573.001,Symmetric Cryptography,attack-pattern--24bfaeba-cb0d-4525-b3dc-507c77ecec41,True,DET0143,Detection Strategy for Encrypted Channel via Symmetric Cryptography across OS Platforms,x-mitre-detection-strategy--32c549cd-a06b-41f2-8063-8937ba7feab6,relationship--5beb9a05-f114-4a99-802f-c171529ceab1,
DC0082,Network Connection Creation,x-mitre-data-component--181a9f8c-c780-4f1f-91a8-edb770e904ba,T1573.002,Asymmetric Cryptography,attack-pattern--bf176076-b789-408e-8cba-7275e81c0ada,True,DET0543,Detection Strategy for Encrypted Channel via Asymmetric Cryptography across OS Platforms,x-mitre-detection-strategy--e5448ab8-39d6-4364-ae7f-0459687251f7,relationship--9ebeb874-e04d-4fee-9b10-dd6bd829956e,
DC0082,Network Connection Creation,x-mitre-data-component--181a9f8c-c780-4f1f-91a8-edb770e904ba,T1602,Data from Configuration Repository,attack-pattern--0ad7bc5c-235a-4048-944b-3b286676cb74,False,DET0592,Detection Strategy for Data from Configuration Repository on Network Devices,x-mitre-detection-strategy--ff993025-1f12-486f-936f-6cc563050278,relationship--68a7cda8-b2cd-4cc1-97d2-39be28357fe5,
DC0082,Network Connection Creation,x-mitre-data-component--181a9f8c-c780-4f1f-91a8-edb770e904ba,T1602.001,SNMP (MIB Dump),attack-pattern--ee7ff928-801c-4f34-8a99-3df965e581a5,True,DET0453,Detection Strategy for SNMP (MIB Dump) on Network Devices,x-mitre-detection-strategy--2dc6a789-2dd7-4d64-be82-73db6fc3fb70,relationship--8b80bbc6-57c9-41b1-93cd-2bd2ae433f4f,
DC0082,Network Connection Creation,x-mitre-data-component--181a9f8c-c780-4f1f-91a8-edb770e904ba,T1602.002,Network Device Configuration Dump,attack-pattern--52759bf1-fe12-4052-ace6-c5b0cf7dd7fd,True,DET0233,Detection Strategy for Network Device Configuration Dump via Config Repositories,x-mitre-detection-strategy--f3bc6ce9-29ad-4ad4-813c-1a4176b5c7a2,relationship--353de2e5-f6d0-4fc4-9fca-a8a7f1178346,
DC0082,Network Connection Creation,x-mitre-data-component--181a9f8c-c780-4f1f-91a8-edb770e904ba,T1606.001,Web Cookies,attack-pattern--861b8fd2-57f3-4ee1-ab5d-c19c3b8c7a4a,True,DET0171,Detection Strategy for Forged Web Cookies,x-mitre-detection-strategy--e1854c9f-2b70-4311-9a46-a420f6c0b6d0,relationship--a5166ebe-100e-4cae-abc9-2065c1d3bcd6,
DC0082,Network Connection Creation,x-mitre-data-component--181a9f8c-c780-4f1f-91a8-edb770e904ba,T1612,Build Image on Host,attack-pattern--800f9819-7007-4540-a520-40e655876800,False,DET0459,Detection Strategy for Build Image on Host,x-mitre-detection-strategy--62b445ed-7d9d-4c1a-8d4e-6c742ec1b0e2,relationship--33529d4a-1eac-4346-86e0-10fd834d8811,
DC0082,Network Connection Creation,x-mitre-data-component--181a9f8c-c780-4f1f-91a8-edb770e904ba,T1665,Hide Infrastructure,attack-pattern--eb897572-8979-4242-a089-56f294f4c91d,False,DET0411,Detection Strategy for Hide Infrastructure,x-mitre-detection-strategy--ba2efedb-2670-4072-b56f-8f12daa31923,relationship--eccb3880-3ab0-4332-b19a-c9b5c180e39c,
DC0082,Network Connection Creation,x-mitre-data-component--181a9f8c-c780-4f1f-91a8-edb770e904ba,T1669,Wi-Fi Networks,attack-pattern--fde016f6-211a-41c8-a4ab-301f1e419c62,False,DET0536,Detection Strategy for Wi-Fi Networks,x-mitre-detection-strategy--f9c29db2-8790-4255-957f-9a02f1d8d024,relationship--f5fef0bf-a8a0-41e2-b46a-71255836928d,
DC0083,Cloud Service Enumeration,x-mitre-data-component--8c826308-2760-492f-9e36-4f0f7e23bcac,T1087,Account Discovery,attack-pattern--72b74d71-8169-42aa-92e0-e7b04b9f5a08,False,DET0587,Enumeration of User or Account Information Across Platforms,x-mitre-detection-strategy--fdda430c-e4f6-43ce-95d6-0f97253ff6a2,relationship--6977ce04-33d6-4080-8e9c-ac61a4a48dfa,
DC0083,Cloud Service Enumeration,x-mitre-data-component--8c826308-2760-492f-9e36-4f0f7e23bcac,T1518,Software Discovery,attack-pattern--e3b6daca-e963-4a69-aee6-ed4fd653ad58,False,DET0392,Multi-Platform Software Discovery Behavior Chain,x-mitre-detection-strategy--f18dee58-43be-41e4-85a3-c6820033ac0d,relationship--c4196ba6-3955-4c94-8224-a8d12708e248,
DC0083,Cloud Service Enumeration,x-mitre-data-component--8c826308-2760-492f-9e36-4f0f7e23bcac,T1526,Cloud Service Discovery,attack-pattern--e24fcba8-2557-4442-a139-1ee2f2e784db,False,DET0402,Detection Strategy for Cloud Service Discovery,x-mitre-detection-strategy--a9351ea0-8379-47cd-a5c5-c5cf424249ef,relationship--a3610e91-2e89-4205-b285-adcccd7c3974,
DC0083,Cloud Service Enumeration,x-mitre-data-component--8c826308-2760-492f-9e36-4f0f7e23bcac,T1528,Steal Application Access Token,attack-pattern--890c9858-598c-401d-a4d5-c67ebcdd703a,False,DET0515,Detection Strategy for T1528 - Steal Application Access Token,x-mitre-detection-strategy--58bdb4c6-510b-4ffc-9703-852614116ac8,relationship--ba18f273-c399-46e3-be3e-205d1140f8d6,
DC0083,Cloud Service Enumeration,x-mitre-data-component--8c826308-2760-492f-9e36-4f0f7e23bcac,T1555,Credentials from Password Stores,attack-pattern--3fc9b85a-2862-4363-a64d-d692e3ffbee0,False,DET0430,Detect Credentials Access from Password Stores,x-mitre-detection-strategy--1a273fde-f4fc-4ca0-94d4-7df285167b5e,relationship--d682a414-3dc3-4bf0-b6de-cdb3d91d375c,
DC0083,Cloud Service Enumeration,x-mitre-data-component--8c826308-2760-492f-9e36-4f0f7e23bcac,T1555.006,Cloud Secrets Management Stores,attack-pattern--cfb525cc-5494-401d-a82b-2539ca46a561,True,DET0130,Detect Unauthorized Access to Cloud Secrets Management Stores,x-mitre-detection-strategy--f69d3378-a034-4709-9778-6efd2269e097,relationship--e3e6b388-bf62-460b-af91-2cedf78cf9f4,
DC0084,Active Directory Credential Request,x-mitre-data-component--02d090b6-8157-48da-98a2-517f7edd49fc,T1207,Rogue Domain Controller,attack-pattern--564998d8-ab3e-4123-93fb-eccaa6b9714a,False,DET0276,Detection Strategy for Rogue Domain Controller (DCShadow) Registration and Replication Abuse,x-mitre-detection-strategy--f012e122-9f78-4370-a481-d2efaa181359,relationship--a5f42918-93c0-4537-9780-bfbe67920812,
DC0084,Active Directory Credential Request,x-mitre-data-component--02d090b6-8157-48da-98a2-517f7edd49fc,T1550.002,Pass the Hash,attack-pattern--e624264c-033a-424d-9fd7-fc9c3bbdb03e,True,DET0409,Detection Strategy for T1550.002 - Pass the Hash (Windows),x-mitre-detection-strategy--5692084b-878d-44f7-8b38-a3d125894845,relationship--fa64735f-0ea6-482b-859a-5cb4b9f6f95b,
DC0084,Active Directory Credential Request,x-mitre-data-component--02d090b6-8157-48da-98a2-517f7edd49fc,T1550.003,Pass the Ticket,attack-pattern--7b211ac6-c815-4189-93a9-ab415deca926,True,DET0352,Detection Strategy for T1550.003 - Pass the Ticket (Windows),x-mitre-detection-strategy--5f53739d-3a41-4f7e-a83d-219a0c64e7a1,relationship--8c7004e4-8b41-436a-91e5-6b026eeaf062,
DC0084,Active Directory Credential Request,x-mitre-data-component--02d090b6-8157-48da-98a2-517f7edd49fc,T1558,Steal or Forge Kerberos Tickets,attack-pattern--3fc01293-ef5e-41c6-86ce-61f10706b64a,False,DET0522,Detect Kerberos Ticket Theft or Forgery (T1558),x-mitre-detection-strategy--3638f523-dc38-4ff0-8682-d2027af5bd77,relationship--d1276173-76de-43a0-be72-ef59ce90c44c,
DC0084,Active Directory Credential Request,x-mitre-data-component--02d090b6-8157-48da-98a2-517f7edd49fc,T1558.001,Golden Ticket,attack-pattern--768dce68-8d0d-477a-b01d-0eea98b963a1,True,DET0144,Detect Forged Kerberos Golden Tickets (T1558.001),x-mitre-detection-strategy--cbf5f016-0801-4861-93d8-d372645778d5,relationship--a24a8787-5a71-4287-aaa8-17e0d8782baa,
DC0084,Active Directory Credential Request,x-mitre-data-component--02d090b6-8157-48da-98a2-517f7edd49fc,T1558.002,Silver Ticket,attack-pattern--d273434a-448e-4598-8e14-607f4a0d5e27,True,DET0241,Detect Forged Kerberos Silver Tickets (T1558.002),x-mitre-detection-strategy--77e72172-b088-4a98-bddd-ca04cbfc32ee,relationship--7d376833-15ae-4f33-9a3a-2873da760237,
DC0084,Active Directory Credential Request,x-mitre-data-component--02d090b6-8157-48da-98a2-517f7edd49fc,T1558.003,Kerberoasting,attack-pattern--f2877f7f-9a4c-4251-879f-1224e3006bee,True,DET0157,Detect Kerberoasting Attempts (T1558.003),x-mitre-detection-strategy--f1fe6286-1f54-4dfc-b96a-31b10711e4b1,relationship--93939eb7-93f1-4a3c-9a27-45a4848c37ab,
DC0084,Active Directory Credential Request,x-mitre-data-component--02d090b6-8157-48da-98a2-517f7edd49fc,T1558.004,AS-REP Roasting,attack-pattern--3986e7fd-a8e9-4ecb-bfc6-55920855912b,True,DET0113,Detect AS-REP Roasting Attempts (T1558.004),x-mitre-detection-strategy--d881e35b-5401-46c0-b966-8880c64681ab,relationship--7be88280-2aa7-4661-9ee1-b9f74e58a49c,
DC0084,Active Directory Credential Request,x-mitre-data-component--02d090b6-8157-48da-98a2-517f7edd49fc,T1649,Steal or Forge Authentication Certificates,attack-pattern--7de1f7ac-5d0c-4c9c-8873-627202205331,False,DET0240,Detection Strategy for Steal or Forge Authentication Certificates,x-mitre-detection-strategy--7b0ea292-22f5-4963-b1c2-0d396fb17619,relationship--12a19faf-b1ea-4eee-b921-059a2f65622a,
DC0085,Network Traffic Content,x-mitre-data-component--3772e279-27d6-477a-9fe3-c6beb363594c,T1001,Data Obfuscation,attack-pattern--ad255bfe-a9e6-4b52-a258-8d3462abe842,False,DET0053,Detect Obfuscated C2 via Network Traffic Analysis,x-mitre-detection-strategy--e17b2809-7534-4749-9bd8-95fdb24e4891,relationship--7ed4c50d-fb81-4d1b-b89f-6a8d81994887,
DC0085,Network Traffic Content,x-mitre-data-component--3772e279-27d6-477a-9fe3-c6beb363594c,T1001.001,Junk Data,attack-pattern--f7c0689c-4dbd-489b-81be-7cb7c7079ade,True,DET0011,Detecting Junk Data in C2 Channels via Behavioral Analysis,x-mitre-detection-strategy--bb40d0a9-b35b-4adc-8a69-a3002d53f5f7,relationship--e2b05e19-8a7d-4e1a-8858-545d0fdcb15a,
DC0085,Network Traffic Content,x-mitre-data-component--3772e279-27d6-477a-9fe3-c6beb363594c,T1001.002,Steganography,attack-pattern--eec23884-3fa1-4d8a-ac50-6f104d51e235,True,DET0235,Detecting Steganographic Command and Control via File + Network Correlation,x-mitre-detection-strategy--0aa86929-f232-4fa7-bdc9-120f917a3509,relationship--69cfcff2-7983-45fa-a24d-9b361074b4d8,
DC0085,Network Traffic Content,x-mitre-data-component--3772e279-27d6-477a-9fe3-c6beb363594c,T1001.003,Protocol or Service Impersonation,attack-pattern--c325b232-d5bc-4dde-a3ec-71f3db9e8adc,True,DET0470,"Detecting Protocol or Service Impersonation via Anomalous TLS, HTTP Header, and Port Mismatch Correlation",x-mitre-detection-strategy--776a998c-481d-4193-934e-c0af3968c392,relationship--3f046096-761d-4c75-8174-11e8554eceab,
DC0085,Network Traffic Content,x-mitre-data-component--3772e279-27d6-477a-9fe3-c6beb363594c,T1003.006,DCSync,attack-pattern--f303a39a-6255-4b89-aecc-18c4d8ca7163,True,DET0594,Detection of Unauthorized DCSync Operations via Replication API Abuse,x-mitre-detection-strategy--3796aa06-65fe-4b9d-9d31-e6491b722632,relationship--a279f2fd-fb42-400d-a79a-74084b910dea,
DC0085,Network Traffic Content,x-mitre-data-component--3772e279-27d6-477a-9fe3-c6beb363594c,T1011,Exfiltration Over Other Network Medium,attack-pattern--51ea26b1-ff1e-4faa-b1a0-1114cd298c87,False,DET0077,Detection of Exfiltration Over Alternate Network Interfaces,x-mitre-detection-strategy--9280a84d-bf77-4a86-a052-ce6ea0d50e72,relationship--9cd323fc-5b81-49ac-9457-4c17292ba25e,
DC0085,Network Traffic Content,x-mitre-data-component--3772e279-27d6-477a-9fe3-c6beb363594c,T1021.004,SSH,attack-pattern--2db31dcd-54da-405d-acef-b9129b816ed6,True,DET0596,Behavioral Detection of Remote SSH Logins Followed by Post-Login Execution,x-mitre-detection-strategy--5367273a-2f30-413e-a961-1dbd323be5b0,relationship--8111392d-8ec1-466e-9e0b-9e5162c3e857,
DC0085,Network Traffic Content,x-mitre-data-component--3772e279-27d6-477a-9fe3-c6beb363594c,T1027,Obfuscated Files or Information,attack-pattern--b3d682b6-98f2-4fb0-aa3b-b4df007ca70a,False,DET0378,Behavioral Detection of Obfuscated Files or Information,x-mitre-detection-strategy--e3758cbb-5dd9-4aad-b848-0539a8c56307,relationship--f1b0ce50-319c-455f-a8b2-a90f32310364,
DC0085,Network Traffic Content,x-mitre-data-component--3772e279-27d6-477a-9fe3-c6beb363594c,T1027.006,HTML Smuggling,attack-pattern--d4dc46e3-5ba5-45b9-8204-010867cacfcb,True,DET0313,Detection Strategy for HTML Smuggling via JavaScript Blob + Dynamic File Drop,x-mitre-detection-strategy--a8067c32-46d5-426e-9c1a-e91d360be83d,relationship--a1177021-bbf1-4208-a1c3-de76bafb687d,
DC0085,Network Traffic Content,x-mitre-data-component--3772e279-27d6-477a-9fe3-c6beb363594c,T1027.008,Stripped Payloads,attack-pattern--2f41939b-54c3-41d6-8f8b-35f1ec18ed97,True,DET0019,Detection Strategy for Stripped Payloads Across Platforms,x-mitre-detection-strategy--e4040d30-1f5a-4f80-9f06-f1c1d2a8c238,relationship--857d4009-5f94-4525-a5b9-d793821dadda,
DC0085,Network Traffic Content,x-mitre-data-component--3772e279-27d6-477a-9fe3-c6beb363594c,T1027.017,SVG Smuggling,attack-pattern--78b9e70d-1605-459c-b23d-e3a25036968c,True,DET0510,Detection Strategy for SVG Smuggling with Script Execution and Delivery Behavior,x-mitre-detection-strategy--6c59d987-c339-4743-bdb0-0eb21285deb7,relationship--5dd6ba3a-9e93-4a5f-b694-a1ec7c15095b,
DC0085,Network Traffic Content,x-mitre-data-component--3772e279-27d6-477a-9fe3-c6beb363594c,T1036.012,Browser Fingerprint,attack-pattern--afac5dbc-4383-4fb6-9ba6-45b25d49e530,True,DET0898,Detection of Spoofed User-Agent,x-mitre-detection-strategy--ad21a251-e824-4368-a04c-8a480ee653cc,relationship--4f0c1449-c5fb-4d6d-b023-4f59f3fca8b0,
DC0085,Network Traffic Content,x-mitre-data-component--3772e279-27d6-477a-9fe3-c6beb363594c,T1040,Network Sniffing,attack-pattern--3257eb21-f9a7-4430-8de1-d8b6e288f529,False,DET0314,Detection Strategy for Network Sniffing Across Platforms,x-mitre-detection-strategy--49505f6d-b778-4a84-a072-9236b700e7b5,relationship--0dcf6c3b-b899-4ee4-99ad-cad56967f9ca,
DC0085,Network Traffic Content,x-mitre-data-component--3772e279-27d6-477a-9fe3-c6beb363594c,T1041,Exfiltration Over C2 Channel,attack-pattern--92d7da27-2d91-488e-a00c-059dc162766d,False,DET0348,Detection Strategy for Exfiltration Over C2 Channel,x-mitre-detection-strategy--beb3a98c-f1a4-434a-81e7-29d178b14db2,relationship--f8b1efaf-2f13-4844-a3f1-862619b88795,
DC0085,Network Traffic Content,x-mitre-data-component--3772e279-27d6-477a-9fe3-c6beb363594c,T1046,Network Service Discovery,attack-pattern--e3a12395-188d-4051-9a16-ea8e14d07b88,False,DET0376,Behavioral Detection Strategy for Network Service Discovery Across Platforms,x-mitre-detection-strategy--82e20b1f-300e-43cc-9259-1d506ef5d1f8,relationship--56e3bbc8-0ff7-4877-836c-f081261d3a35,
DC0085,Network Traffic Content,x-mitre-data-component--3772e279-27d6-477a-9fe3-c6beb363594c,T1048,Exfiltration Over Alternative Protocol,attack-pattern--a19e86f8-1c0a-4fea-8407-23b73d615776,False,DET0131,Behavioral Detection Strategy for Exfiltration Over Alternative Protocol,x-mitre-detection-strategy--ed9ef930-ec1f-4e57-a110-9b647e2ca195,relationship--0bd2a88c-9f76-42a8-be65-ce9706760dec,
DC0085,Network Traffic Content,x-mitre-data-component--3772e279-27d6-477a-9fe3-c6beb363594c,T1048.001,Exfiltration Over Symmetric Encrypted Non-C2 Protocol,attack-pattern--79a4052e-1a89-4b09-aea6-51f1d11fe19c,True,DET0503,Behavioral Detection Strategy for Exfiltration Over Symmetric Encrypted Non-C2 Protocol,x-mitre-detection-strategy--5d368ccf-2946-4a01-bfae-c18064b6187a,relationship--56d9655a-f594-427f-b487-09f3e3d8fca3,
DC0085,Network Traffic Content,x-mitre-data-component--3772e279-27d6-477a-9fe3-c6beb363594c,T1048.002,Exfiltration Over Asymmetric Encrypted Non-C2 Protocol,attack-pattern--8e350c1d-ac79-4b5c-bd4e-7476d7e84ec5,True,DET0512,Detection of Exfiltration Over Asymmetric Encrypted Non-C2 Protocol,x-mitre-detection-strategy--d187b646-5fb3-4d65-a190-e25e2131f802,relationship--9cdfdc91-f659-40f9-af35-404ad07be215,
DC0085,Network Traffic Content,x-mitre-data-component--3772e279-27d6-477a-9fe3-c6beb363594c,T1048.003,Exfiltration Over Unencrypted Non-C2 Protocol,attack-pattern--fb8d023d-45be-47e9-bc51-f56bcae6435b,True,DET0149,Detection of Exfiltration Over Unencrypted Non-C2 Protocol,x-mitre-detection-strategy--a772e6e0-017e-4ceb-b125-4620ac85a5bd,relationship--58e2dcbe-42f7-4c73-b717-696ff56494cb,
DC0085,Network Traffic Content,x-mitre-data-component--3772e279-27d6-477a-9fe3-c6beb363594c,T1049,System Network Connections Discovery,attack-pattern--7e150503-88e7-4861-866b-ff1ac82c4475,False,DET0320,Detection of System Network Connections Discovery Across Platforms,x-mitre-detection-strategy--7c45d09a-030e-4b30-b2d9-41fee3daa293,relationship--e287f030-f0b4-4491-b4c8-d5b5d9057e81,
DC0085,Network Traffic Content,x-mitre-data-component--3772e279-27d6-477a-9fe3-c6beb363594c,T1053.007,Container Orchestration Job,attack-pattern--1126cab1-c700-412f-a510-61f4937bb096,True,DET0206,Detection of Malicious Kubernetes CronJob Scheduling,x-mitre-detection-strategy--a1e17bbb-73d6-48d5-b0ab-1350189b0ecd,relationship--849ca811-855b-4e53-bb45-540d8746f67d,
DC0085,Network Traffic Content,x-mitre-data-component--3772e279-27d6-477a-9fe3-c6beb363594c,T1056,Input Capture,attack-pattern--bb5a00de-e086-4859-a231-fa793f6797e2,False,DET0102,Behavioral Detection of Input Capture Across Platforms,x-mitre-detection-strategy--c922d994-74bd-4847-a870-c0ae216318c9,relationship--66b2b5b7-2947-46b5-a4b5-b98eea8c793c,
DC0085,Network Traffic Content,x-mitre-data-component--3772e279-27d6-477a-9fe3-c6beb363594c,T1056.001,Keylogging,attack-pattern--09a60ea3-a8d1-4ae5-976e-5783248b72a4,True,DET0089,Behavioral Detection of Keylogging Activity Across Platforms,x-mitre-detection-strategy--fe0d7d82-1575-4685-9a4f-4bf83e0227a0,relationship--4ebf6dc6-2daf-42e3-8fc3-4f6d5ac4d63d,
DC0085,Network Traffic Content,x-mitre-data-component--3772e279-27d6-477a-9fe3-c6beb363594c,T1056.003,Web Portal Capture,attack-pattern--69e5226d-05dc-4f15-95d7-44f5ed78d06e,True,DET0480,Detection of Credential Harvesting via Web Portal Modification,x-mitre-detection-strategy--8b2a91cd-4a15-4b25-9b75-581298f3ef82,relationship--a7ed21d5-98f1-4851-a163-f770a64fc7aa,
DC0085,Network Traffic Content,x-mitre-data-component--3772e279-27d6-477a-9fe3-c6beb363594c,T1059.006,Python,attack-pattern--cc3502b5-30cc-4473-ad48-42d51a6ef6d1,True,DET0063,Cross-Platform Behavioral Detection of Python Execution,x-mitre-detection-strategy--195e8d37-dfe6-4dc8-8012-dc80984872aa,relationship--c1456815-e466-4af0-9777-210636bb342f,
DC0085,Network Traffic Content,x-mitre-data-component--3772e279-27d6-477a-9fe3-c6beb363594c,T1059.008,Network Device CLI,attack-pattern--818302b2-d640-477b-bf88-873120ce85c4,True,DET0142,Behavioral Detection of CLI Abuse on Network Devices,x-mitre-detection-strategy--ca871237-8615-47b7-9981-92d1d920d346,relationship--a99a0154-fa87-46e6-a681-2e179827b4e1,
DC0085,Network Traffic Content,x-mitre-data-component--3772e279-27d6-477a-9fe3-c6beb363594c,T1069.002,Domain Groups,attack-pattern--2aed01ad-3df3-4410-a8cb-11ea4ded587c,True,DET0360,Behavioral Detection of Domain Group Discovery,x-mitre-detection-strategy--69f22425-2ebb-4f3c-ab4d-fb9c6645f2f7,relationship--cf165471-03e7-4e5f-bcfd-d712b92a9603,
DC0085,Network Traffic Content,x-mitre-data-component--3772e279-27d6-477a-9fe3-c6beb363594c,T1070.005,Network Share Connection Removal,attack-pattern--a750a9f6-0bde-4bb3-9aae-1e2786e9780c,True,DET0103,Behavioral Detection of Network Share Connection Removal via CLI and SMB Disconnects,x-mitre-detection-strategy--00060b87-7f99-45aa-9553-a4d94139195c,relationship--b414a54d-8cd1-42e7-92b8-4b4f1460ec6a,
DC0085,Network Traffic Content,x-mitre-data-component--3772e279-27d6-477a-9fe3-c6beb363594c,T1070.007,Clear Network Connection History and Configurations,attack-pattern--3975dbb5-0e1e-4f5b-bae1-cf2ab84b46dc,True,DET0049,Behavioral Detection of Network History and Configuration Tampering,x-mitre-detection-strategy--45ac24cf-b8f4-44d5-97e1-3efe2bf28abc,relationship--2c374f4d-e32c-4676-be99-2265d60bced7,
DC0085,Network Traffic Content,x-mitre-data-component--3772e279-27d6-477a-9fe3-c6beb363594c,T1071,Application Layer Protocol,attack-pattern--355be19c-ffc9-46d5-8d50-d6a036c675b6,False,DET0444,Detection of Command and Control Over Application Layer Protocols,x-mitre-detection-strategy--155cab5b-c70b-4cfb-ba52-f62a21836b19,relationship--2e32bb11-7263-46e8-b96c-c8769e7001df,
DC0085,Network Traffic Content,x-mitre-data-component--3772e279-27d6-477a-9fe3-c6beb363594c,T1071.001,Web Protocols,attack-pattern--df8b2a25-8bdf-4856-953c-a04372b1c161,True,DET0027,"Detection of Web Protocol-Based C2 Over HTTP, HTTPS, or WebSockets",x-mitre-detection-strategy--e6496b9b-2458-4616-9712-a7c0da7fd3bc,relationship--c392a03d-b4d0-4b2c-aeaa-1b010d916922,
DC0085,Network Traffic Content,x-mitre-data-component--3772e279-27d6-477a-9fe3-c6beb363594c,T1071.002,File Transfer Protocols,attack-pattern--9a60a291-8960-4387-8a4a-2ab5c18bb50b,True,DET0416,"Detection of File Transfer Protocol-Based C2 (FTP, FTPS, SMB, TFTP)",x-mitre-detection-strategy--1fba9af9-8087-4958-90c0-ecdd8c887f6f,relationship--62ad3c77-cf52-4892-b241-9f1d1b44ad5c,
DC0085,Network Traffic Content,x-mitre-data-component--3772e279-27d6-477a-9fe3-c6beb363594c,T1071.003,Mail Protocols,attack-pattern--54b4c251-1f0e-4eba-ba6b-dbc7a6f6f06b,True,DET0135,"Detection of Mail Protocol-Based C2 Activity (SMTP, IMAP, POP3)",x-mitre-detection-strategy--bcb3772f-25d7-4e41-8e37-ec0dc759f44d,relationship--ae96c6fa-4ea2-4cc3-bae0-68f4e43a6110,
DC0085,Network Traffic Content,x-mitre-data-component--3772e279-27d6-477a-9fe3-c6beb363594c,T1071.004,DNS,attack-pattern--1996eef1-ced3-4d7f-bf94-33298cabbf72,True,DET0400,Behavioral Detection of DNS Tunneling and Application Layer Abuse,x-mitre-detection-strategy--c2721658-fa76-4b6f-9f84-50618de81ae0,relationship--d0253b71-3eef-4c9a-bc0a-b936fbec1ea7,
DC0085,Network Traffic Content,x-mitre-data-component--3772e279-27d6-477a-9fe3-c6beb363594c,T1071.005,Publish/Subscribe Protocols,attack-pattern--241f9ea8-f6ae-4f38-92f5-cef5b7e539dd,True,DET0002,Behavioral Detection of Publish/Subscribe Protocol Misuse for C2,x-mitre-detection-strategy--16495e17-03ec-4e11-ab80-f76ed6386329,relationship--116eaf8e-1aed-4455-b28c-4b8c74acd21d,
DC0085,Network Traffic Content,x-mitre-data-component--3772e279-27d6-477a-9fe3-c6beb363594c,T1074.002,Remote Data Staging,attack-pattern--359b00ad-9425-420b-bba5-6de8d600cbc0,True,DET0071,Detection of Remote Data Staging Prior to Exfiltration,x-mitre-detection-strategy--20f11806-1639-49c5-ae0b-84633a142870,relationship--a5138396-d20a-4980-8316-ab57d5fb0478,
DC0085,Network Traffic Content,x-mitre-data-component--3772e279-27d6-477a-9fe3-c6beb363594c,T1087.002,Domain Account,attack-pattern--21875073-b0ee-49e3-9077-1e2a885359af,True,DET0129,Domain Account Enumeration Across Platforms,x-mitre-detection-strategy--50569af3-7910-4591-977e-cbf4caa12cfd,relationship--0e8bdd63-70d5-43c8-a56d-b66d54e7b043,
DC0085,Network Traffic Content,x-mitre-data-component--3772e279-27d6-477a-9fe3-c6beb363594c,T1090.001,Internal Proxy,attack-pattern--f6dacc85-b37d-458e-b58d-74fc4bbf5755,True,DET0075,Internal Proxy Behavior via Lateral Host-to-Host C2 Relay,x-mitre-detection-strategy--28630b41-d28f-4414-afc8-23cc9ce8696c,relationship--58aa13ea-1fc5-4b98-ba7a-721585eec425,
DC0085,Network Traffic Content,x-mitre-data-component--3772e279-27d6-477a-9fe3-c6beb363594c,T1090.002,External Proxy,attack-pattern--69b8fd78-40e8-4600-ae4d-662c9d7afdb3,True,DET0325,External Proxy Behavior via Outbound Relay to Intermediate Infrastructure,x-mitre-detection-strategy--bfb5cb12-7025-44c3-9a2d-79cfe42ecf54,relationship--872ebb9f-131c-47e0-a8c3-15b4764d3594,
DC0085,Network Traffic Content,x-mitre-data-component--3772e279-27d6-477a-9fe3-c6beb363594c,T1090.003,Multi-hop Proxy,attack-pattern--a782ebe2-daba-42c7-bc82-e8e9d923162d,True,DET0359,"Multi-hop Proxy Behavior via Relay Node Chaining, Onion Routing, and Network Tunneling",x-mitre-detection-strategy--407286ed-c904-412a-9f2d-7426ea7304a4,relationship--393a41c9-3c31-4325-9af0-c7601db3cc77,
DC0085,Network Traffic Content,x-mitre-data-component--3772e279-27d6-477a-9fe3-c6beb363594c,T1090.004,Domain Fronting,attack-pattern--ca9d3402-ada3-484d-876a-d717bd6e05f2,True,DET0196,Domain Fronting Behavior via Mismatched TLS SNI and HTTP Host Headers,x-mitre-detection-strategy--92203cb2-b7bd-4bc3-ab6f-9859a9856efc,relationship--1034ed90-685b-412d-baa0-6aef007d52c1,
DC0085,Network Traffic Content,x-mitre-data-component--3772e279-27d6-477a-9fe3-c6beb363594c,T1095,Non-Application Layer Protocol,attack-pattern--c21d5a77-d422-4a69-acd7-2c53c1faa34b,False,DET0457,Detection of Non-Application Layer Protocols for C2,x-mitre-detection-strategy--2cb544af-ef54-4376-9608-b399ad67d3d6,relationship--b49312bd-f37c-4b0f-a6c8-4ab38f14db65,
DC0085,Network Traffic Content,x-mitre-data-component--3772e279-27d6-477a-9fe3-c6beb363594c,T1102,Web Service,attack-pattern--830c9528-df21-472c-8c14-a036bf17d665,False,DET0425,Suspicious Use of Web Services for C2,x-mitre-detection-strategy--769615c5-08d5-4f51-8f3b-7ac2f1febce8,relationship--4eee02a2-fd0a-4ad7-b874-8a2a2c17ac6d,
DC0085,Network Traffic Content,x-mitre-data-component--3772e279-27d6-477a-9fe3-c6beb363594c,T1102.001,Dead Drop Resolver,attack-pattern--f7827069-0bf2-4764-af4f-23fae0d181b7,True,DET0058,Detection Strategy for Web Service: Dead Drop Resolver,x-mitre-detection-strategy--70abbe3f-797d-495b-8f76-371408a0f929,relationship--2dbc5b6f-4cc1-4073-a93b-2b8277263b7f,
DC0085,Network Traffic Content,x-mitre-data-component--3772e279-27d6-477a-9fe3-c6beb363594c,T1102.002,Bidirectional Communication,attack-pattern--be055942-6e63-49d7-9fa1-9cb7d8a8f3f4,True,DET0035,Detect Bidirectional Web Service C2 Channels via Process & Network Correlation,x-mitre-detection-strategy--dcf2474e-0774-40da-b7e6-f4b60d0ea62f,relationship--835d55ac-48f3-407e-a4a3-7cfd1437b0d7,
DC0085,Network Traffic Content,x-mitre-data-component--3772e279-27d6-477a-9fe3-c6beb363594c,T1102.003,One-Way Communication,attack-pattern--9c99724c-a483-4d60-ad9d-7f004e42e8e8,True,DET0581,Detect One-Way Web Service Command Channels,x-mitre-detection-strategy--e3718a7a-77b3-4790-99ba-aba7703815fd,relationship--3c6d32c7-532c-48bf-bca0-f78c66167a0c,
DC0085,Network Traffic Content,x-mitre-data-component--3772e279-27d6-477a-9fe3-c6beb363594c,T1125,Video Capture,attack-pattern--6faf650d-bf31-4eb4-802d-1000cf38efaf,False,DET0197,"Behavior-chain, platform-aware detection strategy for T1125 Video Capture",x-mitre-detection-strategy--e9ee6ab5-333b-4cea-8637-23360d904472,relationship--2b034b90-9a02-4e29-b943-73b1b49459cb,
DC0085,Network Traffic Content,x-mitre-data-component--3772e279-27d6-477a-9fe3-c6beb363594c,T1129,Shared Modules,attack-pattern--0a5231ec-41af-4a35-83d0-6bdf11f28c65,False,DET0018,"Behavior-chain, platform-aware detection strategy for T1129 Shared Modules",x-mitre-detection-strategy--928a6ce6-fca0-4d66-aba3-1121431b953e,relationship--20d31ad8-56fd-4268-b650-6106617cc9bc,
DC0085,Network Traffic Content,x-mitre-data-component--3772e279-27d6-477a-9fe3-c6beb363594c,T1132,Data Encoding,attack-pattern--cc7b8c4e-9be0-47ca-b0bb-83915ec3ee2f,False,DET0108,Detection Strategy for Data Encoding in C2 Channels,x-mitre-detection-strategy--d7106707-eee8-443f-b106-e7eff58a739e,relationship--ebab4fe1-721f-40f5-9d24-cd8744bdc151,
DC0085,Network Traffic Content,x-mitre-data-component--3772e279-27d6-477a-9fe3-c6beb363594c,T1132.001,Standard Encoding,attack-pattern--04fd5427-79c7-44ea-ae13-11b24778ff1c,True,DET0124,"Behavior-chain detection for T1132.001 Data Encoding: Standard Encoding (Base64/Hex/MIME) across Windows, Linux, macOS, ESXi",x-mitre-detection-strategy--1f6a450a-fd29-4e5c-9708-1ae4616c28c3,relationship--0509ff0b-2095-466f-a6a4-72640f9a77fb,
DC0085,Network Traffic Content,x-mitre-data-component--3772e279-27d6-477a-9fe3-c6beb363594c,T1132.002,Non-Standard Encoding,attack-pattern--d467bc38-284b-4a00-96ac-125f447799fc,True,DET0326,"Behavior-chain detection for T1132.002 Data Encoding: Non-Standard Encoding across Windows, Linux, macOS, ESXi",x-mitre-detection-strategy--8bcafe59-0a4b-4314-988b-085bf5cdf7a9,relationship--488d1ba3-25ca-4a0c-b0b6-1d8053ce5cd3,
DC0085,Network Traffic Content,x-mitre-data-component--3772e279-27d6-477a-9fe3-c6beb363594c,T1176.001,Browser Extensions,attack-pattern--278716b1-61ce-4a74-8d17-891d0c494101,True,DET0044,Detecting Malicious Browser Extensions Across Platforms,x-mitre-detection-strategy--101e19ca-f902-4c2d-8ceb-ddd07a43f1a7,relationship--427c5505-813e-488c-92b3-2e3c15170605,
DC0085,Network Traffic Content,x-mitre-data-component--3772e279-27d6-477a-9fe3-c6beb363594c,T1187,Forced Authentication,attack-pattern--b77cf5f3-6060-475d-bd60-40ccbf28fdc2,False,DET0022,Detect Forced SMB/WebDAV Authentication via lure files and outbound NTLM,x-mitre-detection-strategy--b45310bb-d520-43b3-8758-e9d5a9738429,relationship--9ed19842-ee7d-4215-ae78-6a9382b3f9a1,
DC0085,Network Traffic Content,x-mitre-data-component--3772e279-27d6-477a-9fe3-c6beb363594c,T1189,Drive-by Compromise,attack-pattern--d742a578-d70e-4d0e-96a6-02a9c30204e6,False,DET0176,"Drive-by Compromise — Behavior-based, Multi-platform Detection Strategy (T1189)",x-mitre-detection-strategy--a070f9d2-3480-4362-99b3-8b36f5be0189,relationship--65f2dd08-9e93-4599-ad36-0a8d6ef742e3,
DC0085,Network Traffic Content,x-mitre-data-component--3772e279-27d6-477a-9fe3-c6beb363594c,T1190,Exploit Public-Facing Application,attack-pattern--3f886f2a-874f-4333-b794-aa6075009b1c,False,DET0080,Exploit Public-Facing Application – multi-signal correlation (request → error → post-exploit process/egress),x-mitre-detection-strategy--dd8477c8-2aad-4db3-b810-fe0d2f605fa8,relationship--69e8d620-b9a1-4bfd-9bf0-62d2915f08ad,
DC0085,Network Traffic Content,x-mitre-data-component--3772e279-27d6-477a-9fe3-c6beb363594c,T1199,Trusted Relationship,attack-pattern--9fa07bef-9c81-421e-a8e5-ad4366c5a925,False,DET0488,Detect abuse of Trusted Relationships (third-party and delegated admin access),x-mitre-detection-strategy--2f7a5ebd-e025-4822-aed2-46fc3ec1a0a9,relationship--8dcb3689-54f5-4416-9b75-6c380d24bdca,
DC0085,Network Traffic Content,x-mitre-data-component--3772e279-27d6-477a-9fe3-c6beb363594c,T1204,User Execution,attack-pattern--8c32eb4d-805f-4fc5-bf60-c4d476c131b5,False,DET0478,User Execution – multi-surface behavior chain (documents/links → helper/unpacker → LOLBIN/child → egress),x-mitre-detection-strategy--70c9f174-2e96-4086-b59c-d2358e434f8e,relationship--7a3c280c-1116-4197-812a-e233eb1d5a17,
DC0085,Network Traffic Content,x-mitre-data-component--3772e279-27d6-477a-9fe3-c6beb363594c,T1204.001,Malicious Link,attack-pattern--ef67e13e-5598-4adc-bdb2-998225874fa9,True,DET0066,User Execution – Malicious Link (click → suspicious egress → download/write → follow-on activity),x-mitre-detection-strategy--b977bf63-8fe2-4538-b4f2-0098fe26d67b,relationship--8f834d41-f4f4-4662-88a2-bfe298515b91,
DC0085,Network Traffic Content,x-mitre-data-component--3772e279-27d6-477a-9fe3-c6beb363594c,T1204.003,Malicious Image,attack-pattern--b0c74ef9-c61e-4986-88cb-78da98a355ec,True,DET0248,User Execution – Malicious Image (containers & IaaS) – pull/run → start → anomalous behavior (T1204.003),x-mitre-detection-strategy--ee7bd8ff-fbfd-4bb2-9d23-cf3f6ed342c7,relationship--3ce513f0-6c41-477f-a35d-42d0ec2f8171,
DC0085,Network Traffic Content,x-mitre-data-component--3772e279-27d6-477a-9fe3-c6beb363594c,T1204.004,Malicious Copy and Paste,attack-pattern--e261a979-f354-41a8-963e-6cadac27c4bf,True,DET0340,User Execution – Malicious Copy & Paste (browser/email → shell with obfuscated one-liner) – T1204.004,x-mitre-detection-strategy--0dabfa5e-9c35-48ec-b825-ff1cce7a3d00,relationship--733c50f9-bc54-4eb0-9cd7-7fa341a4613d,
DC0085,Network Traffic Content,x-mitre-data-component--3772e279-27d6-477a-9fe3-c6beb363594c,T1204.005,Malicious Library,attack-pattern--73b24a10-6bf4-4af1-a81e-67b8bcb6c4e6,True,DET0252,User-Initiated Malicious Library Installation via Package Manager (T1204.005),x-mitre-detection-strategy--09caebdc-2ce4-4698-a40c-d91cb65f9720,relationship--b3e3de71-b34f-4c75-a8ad-5204ed38fc81,
DC0085,Network Traffic Content,x-mitre-data-component--3772e279-27d6-477a-9fe3-c6beb363594c,T1205,Traffic Signaling,attack-pattern--451a9977-d255-43c9-b431-66de80130c8c,False,DET0524,Traffic Signaling (Port-knock / magic-packet → firewall or service activation) – T1205,x-mitre-detection-strategy--1e601759-c5d1-45cc-97a1-972967426794,relationship--b014be93-7f58-428b-9612-069d50c1a9e8,
DC0085,Network Traffic Content,x-mitre-data-component--3772e279-27d6-477a-9fe3-c6beb363594c,T1205.002,Socket Filters,attack-pattern--005cc321-08ce-4d17-b1ea-cb5275926520,True,DET0162,Socket-filter trigger → on-host raw-socket activity → reverse connection (T1205.002),x-mitre-detection-strategy--b4cdf164-9cb7-4cad-bdc3-81b5574f364a,relationship--829a3356-ec45-4101-8eb0-f0c168ff8f03,
DC0085,Network Traffic Content,x-mitre-data-component--3772e279-27d6-477a-9fe3-c6beb363594c,T1207,Rogue Domain Controller,attack-pattern--564998d8-ab3e-4123-93fb-eccaa6b9714a,False,DET0276,Detection Strategy for Rogue Domain Controller (DCShadow) Registration and Replication Abuse,x-mitre-detection-strategy--f012e122-9f78-4370-a481-d2efaa181359,relationship--a5f42918-93c0-4537-9780-bfbe67920812,
DC0085,Network Traffic Content,x-mitre-data-component--3772e279-27d6-477a-9fe3-c6beb363594c,T1210,Exploitation of Remote Services,attack-pattern--9db0cf3a-a3c9-4012-8268-123b9db6fd82,False,DET0118,Exploitation of Remote Services – multi-platform lateral movement detection,x-mitre-detection-strategy--ee73dd97-cf1a-4220-a7cf-52d864811bb4,relationship--0730d238-c81d-415c-9db5-bff7368114d6,
DC0085,Network Traffic Content,x-mitre-data-component--3772e279-27d6-477a-9fe3-c6beb363594c,T1213.001,Confluence,attack-pattern--7ad38ef1-381a-406d-872a-38b136eb5ecc,True,DET0358,Programmatic and Excessive Access to Confluence Documentation,x-mitre-detection-strategy--3d515fbc-0ebf-4a99-b191-b6ee604acb1f,relationship--25ac1d25-9672-4243-9270-a04e7b0a5558,
DC0085,Network Traffic Content,x-mitre-data-component--3772e279-27d6-477a-9fe3-c6beb363594c,T1213.006,Databases,attack-pattern--248d3fe1-7fe1-4d71-91c7-8bb7ef35cad3,True,DET0242,Suspicious Database Access and Dump Activity Across Environments (T1213.006),x-mitre-detection-strategy--18fe3660-c079-4522-b1d7-7ce7f65f9686,relationship--0425a702-10d7-4033-9af3-7c2b76f4576b,
DC0085,Network Traffic Content,x-mitre-data-component--3772e279-27d6-477a-9fe3-c6beb363594c,T1491,Defacement,attack-pattern--5909f20f-3c39-4795-be06-ef1ea40d350b,False,DET0238,Defacement via File and Web Content Modification Across Platforms,x-mitre-detection-strategy--2d5f2445-a395-4012-b378-c953f2df7353,relationship--84ae8dca-13f2-420f-b473-0d28480e2002,
DC0085,Network Traffic Content,x-mitre-data-component--3772e279-27d6-477a-9fe3-c6beb363594c,T1491.002,External Defacement,attack-pattern--0cfe31a7-81fc-472c-bc45-e2808d1066a3,True,DET0590,Behavioral Detection of External Website Defacement across Platforms,x-mitre-detection-strategy--33bbfada-99c8-4cac-8b21-fa013959001d,relationship--d52b008d-870a-488e-b872-3485409845f3,
DC0085,Network Traffic Content,x-mitre-data-component--3772e279-27d6-477a-9fe3-c6beb363594c,T1495,Firmware Corruption,attack-pattern--f5bb433e-bdf6-4781-84bc-35e97e43be89,False,DET0167,Firmware Modification via Flash Tool or Corrupted Firmware Upload,x-mitre-detection-strategy--ab9027fb-3499-474b-845c-50ee113c3be5,relationship--6279c298-4e08-4cef-89e1-5f90acb2e78e,
DC0085,Network Traffic Content,x-mitre-data-component--3772e279-27d6-477a-9fe3-c6beb363594c,T1496,Resource Hijacking,attack-pattern--cd25c1b4-935c-4f0e-ba8d-552f28bc4783,False,DET0267,Resource Hijacking Detection Strategy,x-mitre-detection-strategy--440ddaf2-4e80-4699-90d7-0bdccdfeece6,relationship--c267dfc4-92f8-41f5-a101-177153e674c3,
DC0085,Network Traffic Content,x-mitre-data-component--3772e279-27d6-477a-9fe3-c6beb363594c,T1496.001,Compute Hijacking,attack-pattern--a718a0c8-5768-41a1-9958-a1cc3f995e99,True,DET0540,Multi-Platform Behavioral Detection for Compute Hijacking,x-mitre-detection-strategy--be288974-9b74-41c1-8c43-66aef169255a,relationship--9176ca84-16bf-4a60-bce5-ffa6093c8145,
DC0085,Network Traffic Content,x-mitre-data-component--3772e279-27d6-477a-9fe3-c6beb363594c,T1496.002,Bandwidth Hijacking,attack-pattern--718cb208-6446-4572-a2f0-9c799c60091e,True,DET0028,"Detect Excessive or Unauthorized Bandwidth Usage for Botnet, Proxyjacking, or Scanning Purposes",x-mitre-detection-strategy--c0a23061-c4f3-4003-9e81-e81d50b6d1e2,relationship--56fb97ac-7a90-43df-9cab-826cbc835626,
DC0085,Network Traffic Content,x-mitre-data-component--3772e279-27d6-477a-9fe3-c6beb363594c,T1499.001,OS Exhaustion Flood,attack-pattern--0df05477-c572-4ed6-88a9-47c581f548f7,True,DET0356,Endpoint DoS via OS Exhaustion Flood Detection Strategy,x-mitre-detection-strategy--bdf67026-8adb-41da-9a58-c9acba4da1f3,relationship--2027adf0-d101-4183-865b-f377ea9df209,
DC0085,Network Traffic Content,x-mitre-data-component--3772e279-27d6-477a-9fe3-c6beb363594c,T1499.002,Service Exhaustion Flood,attack-pattern--38eb0c22-6caf-46ce-8869-5964bd735858,True,DET0173,Detection Strategy for Endpoint DoS via Service Exhaustion Flood,x-mitre-detection-strategy--1a45b10a-c410-4212-8018-7c00bb292dab,relationship--32595fc5-b57a-4052-8e1c-a2d01d6e3d14,
DC0085,Network Traffic Content,x-mitre-data-component--3772e279-27d6-477a-9fe3-c6beb363594c,T1499.003,Application Exhaustion Flood,attack-pattern--18cffc21-3260-437e-80e4-4ab8bf2ba5e9,True,DET0415,Application Exhaustion Flood Detection Across Platforms,x-mitre-detection-strategy--430abda8-2a2c-4ab8-bbd6-eb205a189362,relationship--c0da39f7-4127-4627-b098-822e3a1a61a9,
DC0085,Network Traffic Content,x-mitre-data-component--3772e279-27d6-477a-9fe3-c6beb363594c,T1499.004,Application or System Exploitation,attack-pattern--2bee5ffb-7a7a-4119-b1f2-158151b19ac0,True,DET0304,Detection Strategy for Endpoint DoS via Application or System Exploitation,x-mitre-detection-strategy--28d6ebc3-3b01-45e1-b48e-6491364d23e9,relationship--9ce6810d-6c9e-4bcf-acd9-f93996267414,
DC0085,Network Traffic Content,x-mitre-data-component--3772e279-27d6-477a-9fe3-c6beb363594c,T1505,Server Software Component,attack-pattern--d456de47-a16f-4e46-8980-e67478a12dcb,False,DET0547,Detection Strategy for T1505 - Server Software Component,x-mitre-detection-strategy--27b606f9-dde4-456c-8d90-51289313994f,relationship--18790331-6ac1-4274-b7ef-129b7c4b1c7c,
DC0085,Network Traffic Content,x-mitre-data-component--3772e279-27d6-477a-9fe3-c6beb363594c,T1505.003,Web Shell,attack-pattern--5d0d3609-d06d-49e1-b9c9-b544e0c618cb,True,DET0394,Web Shell Detection via Server Behavior and File Execution Chains,x-mitre-detection-strategy--abb052c6-4edd-4592-9b9b-e53a55ac53b8,relationship--6b31d2da-bc19-4d4e-9da4-b61688d0bd39,
DC0085,Network Traffic Content,x-mitre-data-component--3772e279-27d6-477a-9fe3-c6beb363594c,T1530,Data from Cloud Storage,attack-pattern--3298ce88-1628-43b1-87d9-0b5336b193d7,False,DET0484,Multi-Platform Cloud Storage Exfiltration Behavior Chain,x-mitre-detection-strategy--1177cbb7-bc00-4a36-8774-d51b7b3c66e9,relationship--5a06a041-1cfe-4276-ba47-de008a6f56a3,
DC0085,Network Traffic Content,x-mitre-data-component--3772e279-27d6-477a-9fe3-c6beb363594c,T1534,Internal Spearphishing,attack-pattern--9e7452df-5144-4b6e-b04a-b66dd4016747,False,DET0054,Internal Spearphishing via Trusted Accounts,x-mitre-detection-strategy--acc27d20-8aad-42ce-b928-6cda3c22e51b,relationship--6e565457-f873-40b8-aa6a-b1b59f31a47a,
DC0085,Network Traffic Content,x-mitre-data-component--3772e279-27d6-477a-9fe3-c6beb363594c,T1537,Transfer Data to Cloud Account,attack-pattern--d4bdbdea-eaec-4071-b4f9-5105e12ea4b6,False,DET0573,Cross-Platform Detection of Data Transfer to Cloud Account,x-mitre-detection-strategy--22a31282-d190-449b-a102-2d562f906b7d,relationship--95e5c02b-7101-4399-8d56-b5758c3081a6,
DC0085,Network Traffic Content,x-mitre-data-component--3772e279-27d6-477a-9fe3-c6beb363594c,T1546,Event Triggered Execution,attack-pattern--b6301b64-ef57-4cce-bb0b-77026f14a8db,False,DET0010,Behavioral Detection of Event Triggered Execution Across Platforms,x-mitre-detection-strategy--c5e3823f-5ee0-43db-b6fa-b63d6587b24c,relationship--e6a8c456-3c2e-44a6-8614-b5c3e7cb4d98,
DC0085,Network Traffic Content,x-mitre-data-component--3772e279-27d6-477a-9fe3-c6beb363594c,T1546.004,Unix Shell Configuration Modification,attack-pattern--b63a34e8-0a61-4c97-a23b-bf8a2ed812e2,True,DET0020,Detect Shell Configuration Modification for Persistence via Event-Triggered Execution,x-mitre-detection-strategy--f09870f8-77d4-4b58-8bda-2b3f2e29c897,relationship--666b59c9-ba59-4f22-b4d3-5186a624bae7,
DC0085,Network Traffic Content,x-mitre-data-component--3772e279-27d6-477a-9fe3-c6beb363594c,T1546.018,Python Startup Hooks,attack-pattern--c5087385-9b7c-4488-9923-d9e370bf08df,True,DET0258,Linux Python Startup Hook Persistence via .pth and Customize Files (T1546.018),x-mitre-detection-strategy--6034b1c9-84df-4349-b34f-957ad8ec34d3,relationship--59dfed9e-1e28-4f56-80e2-b56931e84ac7,
DC0085,Network Traffic Content,x-mitre-data-component--3772e279-27d6-477a-9fe3-c6beb363594c,T1552,Unsecured Credentials,attack-pattern--435dfb86-2697-4867-85b5-2fef496c0517,False,DET0412,Detect Access or Search for Unsecured Credentials Across Platforms,x-mitre-detection-strategy--d1912fbc-aaac-4bb1-82f1-0713280ca9a1,relationship--9a673d77-b594-4115-9ffa-b1b38cf6de18,
DC0085,Network Traffic Content,x-mitre-data-component--3772e279-27d6-477a-9fe3-c6beb363594c,T1552.005,Cloud Instance Metadata API,attack-pattern--19bf235b-8620-4997-b5b4-94e0659ed7c3,True,DET0001,Detect Access to Cloud Instance Metadata API (IaaS),x-mitre-detection-strategy--6182825d-f41f-4d87-ac93-937f7894ab1d,relationship--0aa99c14-ce0e-4d79-8c14-6137b2b602f1,
DC0085,Network Traffic Content,x-mitre-data-component--3772e279-27d6-477a-9fe3-c6beb363594c,T1557,Adversary-in-the-Middle,attack-pattern--035bb001-ab69-4a0b-9f6c-2de8b09e1b9d,False,DET0296,Detect Adversary-in-the-Middle via Network and Configuration Anomalies,x-mitre-detection-strategy--0eb48c77-9056-4178-900b-7ac23fd1c7cd,relationship--58bbe5a4-6de5-48e3-a003-028348c408ce,
DC0085,Network Traffic Content,x-mitre-data-component--3772e279-27d6-477a-9fe3-c6beb363594c,T1557.001,LLMNR/NBT-NS Poisoning and SMB Relay,attack-pattern--650c784b-7504-4df7-ab2c-4ea882384d1e,True,DET0462,Detect LLMNR/NBT-NS Poisoning and SMB Relay on Windows,x-mitre-detection-strategy--2db51eaa-3407-4ad0-a45e-86ebf5f2abac,relationship--9da1b46a-7acd-44ed-9646-dff5ed075985,
DC0085,Network Traffic Content,x-mitre-data-component--3772e279-27d6-477a-9fe3-c6beb363594c,T1557.002,ARP Cache Poisoning,attack-pattern--cabe189c-a0e3-4965-a473-dcff00f17213,True,DET0387,"Detect ARP Cache Poisoning Across Linux, Windows, and macOS",x-mitre-detection-strategy--99758bfb-f638-43aa-a233-d27646452116,relationship--9b5ab78c-06dd-4baf-bca6-bee938523de1,
DC0085,Network Traffic Content,x-mitre-data-component--3772e279-27d6-477a-9fe3-c6beb363594c,T1557.003,DHCP Spoofing,attack-pattern--59ff91cd-1430-4075-8563-e6f15f4f9ff5,True,DET0468,"Detect DHCP Spoofing Across Linux, Windows, and macOS",x-mitre-detection-strategy--9f227978-8d56-406f-9d50-ef10aae1bf77,relationship--b7f564dd-80c2-4ad3-8d82-2d9721cde800,
DC0085,Network Traffic Content,x-mitre-data-component--3772e279-27d6-477a-9fe3-c6beb363594c,T1557.004,Evil Twin,attack-pattern--48b836c6-e4ca-435a-82a3-29c03e5b492e,True,DET0379,Detect Evil Twin Wi-Fi Access Points on Network Devices,x-mitre-detection-strategy--b376d299-69ef-444a-8ba1-15a6c7049605,relationship--e8d124c9-f162-4c7e-aadd-c50476b22cd7,
DC0085,Network Traffic Content,x-mitre-data-component--3772e279-27d6-477a-9fe3-c6beb363594c,T1563,Remote Service Session Hijacking,attack-pattern--5b0ad6f8-6a16-4966-a4ef-d09ea6e2a9f5,False,DET0079,Detection of Remote Service Session Hijacking,x-mitre-detection-strategy--5d244477-26e2-4b3a-b882-fd74e366e07d,relationship--91aad2e7-a865-4f83-88c8-c844822f3d81,
DC0085,Network Traffic Content,x-mitre-data-component--3772e279-27d6-477a-9fe3-c6beb363594c,T1565,Data Manipulation,attack-pattern--ac9e6b22-11bf-45d7-9181-c1cb08360931,False,DET0059,Detection Strategy for Data Manipulation,x-mitre-detection-strategy--cce3ccaf-87ac-47ae-b9e2-6507b91cb63d,relationship--c05c1979-c5f3-4c01-81dd-45db2055a28c,
DC0085,Network Traffic Content,x-mitre-data-component--3772e279-27d6-477a-9fe3-c6beb363594c,T1565.002,Transmitted Data Manipulation,attack-pattern--d0613359-5781-4fd2-b5be-c269270be1f6,True,DET0254,Detection Strategy of Transmitted Data Manipulation,x-mitre-detection-strategy--1764bbd5-67d1-4225-9c06-0d5aa74d056f,relationship--80f99d79-d102-449e-be48-523a0da815a4,
DC0085,Network Traffic Content,x-mitre-data-component--3772e279-27d6-477a-9fe3-c6beb363594c,T1566.002,Spearphishing Link,attack-pattern--2b742742-28c3-4e1b-bab7-8350d6300fa7,True,DET0107,Detection Strategy for Spearphishing Links,x-mitre-detection-strategy--ed58a144-2554-495c-9c60-18e6f817aa75,relationship--32007100-9b8d-440a-9f74-44b4cb339997,
DC0085,Network Traffic Content,x-mitre-data-component--3772e279-27d6-477a-9fe3-c6beb363594c,T1566.003,Spearphishing via Service,attack-pattern--f6ad61ee-65f3-4bd0-a3f5-2f0accb36317,True,DET0115,Detection Strategy for Spearphishing via a Service across OS Platforms,x-mitre-detection-strategy--dd232215-bb7f-461f-ac3f-e7cf5612e396,relationship--3309fc34-0c04-4b0a-8bbc-9beb546ea78e,
DC0085,Network Traffic Content,x-mitre-data-component--3772e279-27d6-477a-9fe3-c6beb363594c,T1567,Exfiltration Over Web Service,attack-pattern--40597f16-0963-4249-bf4c-ac93b7fb9807,False,DET0548,Detection Strategy for Exfiltration Over Web Service,x-mitre-detection-strategy--1753ab98-4530-4284-9bc3-5d4813abfb9e,relationship--2d284ff6-5204-4bde-b4f5-c172dd4c4ca3,
DC0085,Network Traffic Content,x-mitre-data-component--3772e279-27d6-477a-9fe3-c6beb363594c,T1567.001,Exfiltration to Code Repository,attack-pattern--86a96bf6-cf8b-411c-aaeb-8959944d64f7,True,DET0318,Detection Strategy for Exfiltration to Code Repository,x-mitre-detection-strategy--ac9c6b7c-bf94-4eeb-926c-f576673c0a14,relationship--c97fce35-747a-489f-9421-808a69e950a4,
DC0085,Network Traffic Content,x-mitre-data-component--3772e279-27d6-477a-9fe3-c6beb363594c,T1567.002,Exfiltration to Cloud Storage,attack-pattern--bf1b6176-597c-4600-bfcd-ac989670f96b,True,DET0570,Detection Strategy for Exfiltration to Cloud Storage,x-mitre-detection-strategy--c8895822-a3d1-41eb-952f-c67b4673eee2,relationship--6d01d586-c518-45db-96f3-5b718324c9da,
DC0085,Network Traffic Content,x-mitre-data-component--3772e279-27d6-477a-9fe3-c6beb363594c,T1567.003,Exfiltration to Text Storage Sites,attack-pattern--ba04e672-da86-4e69-aa15-0eca5db25f43,True,DET0284,Detection Strategy for Exfiltration to Text Storage Sites,x-mitre-detection-strategy--6ab41bc0-2d89-4173-8149-728fbc2698b6,relationship--7478c9f5-d7a9-4423-9c1f-228bac8eb739,
DC0085,Network Traffic Content,x-mitre-data-component--3772e279-27d6-477a-9fe3-c6beb363594c,T1567.004,Exfiltration Over Webhook,attack-pattern--43f2776f-b4bd-4118-94b8-fee47e69676d,True,DET0153,Detection Strategy for Exfiltration Over Webhook,x-mitre-detection-strategy--dcc26ef4-3ecd-4b37-b4b4-66faee084352,relationship--820a1ffe-27dd-4c0f-a791-f721d5662f5f,
DC0085,Network Traffic Content,x-mitre-data-component--3772e279-27d6-477a-9fe3-c6beb363594c,T1568,Dynamic Resolution,attack-pattern--7bd9c723-2f78-4309-82c5-47cad406572b,False,DET0039,Detection Strategy for Dynamic Resolution across OS Platforms,x-mitre-detection-strategy--98d6523f-54c5-4a24-a758-333caa833967,relationship--d3731f00-2f45-4dc4-9906-7c0f90bf4f06,
DC0085,Network Traffic Content,x-mitre-data-component--3772e279-27d6-477a-9fe3-c6beb363594c,T1568.002,Domain Generation Algorithms,attack-pattern--118f61a5-eb3e-4fb6-931f-2096647f4ecd,True,DET0419,Detection Strategy for Dynamic Resolution using Domain Generation Algorithms.,x-mitre-detection-strategy--263a0357-5f6d-4066-bfda-afeb883e51d7,relationship--0b0874ca-7eb4-430e-911a-b87a523f75ea,
DC0085,Network Traffic Content,x-mitre-data-component--3772e279-27d6-477a-9fe3-c6beb363594c,T1568.003,DNS Calculation,attack-pattern--83a766f8-1501-4b3a-a2de-2e2849e8dfc1,True,DET0262,Detection Strategy for Dynamic Resolution through DNS Calculation,x-mitre-detection-strategy--510a02c8-4341-40ab-8b57-bd678c411ac0,relationship--fd54e7fd-a426-4628-8e8e-be2e8fb366d4,
DC0085,Network Traffic Content,x-mitre-data-component--3772e279-27d6-477a-9fe3-c6beb363594c,T1571,Non-Standard Port,attack-pattern--b18eae87-b469-4e14-b454-b171b416bc18,False,DET0227,Detection Strategy for Non-Standard Ports,x-mitre-detection-strategy--cc8324a7-03d0-47d1-8e2b-3caec44fc129,relationship--db753357-bf72-4dfc-ad38-701dab07e7fa,
DC0085,Network Traffic Content,x-mitre-data-component--3772e279-27d6-477a-9fe3-c6beb363594c,T1572,Protocol Tunneling,attack-pattern--4fe28b27-b13c-453e-a386-c2ef362a573b,False,DET0538,Detection Strategy for Protocol Tunneling accross OS platforms.,x-mitre-detection-strategy--fff8e15e-f7eb-4c07-8b77-8e7ef2eb01b6,relationship--fab7fca5-a36a-481c-a110-4c2abc2af359,
DC0085,Network Traffic Content,x-mitre-data-component--3772e279-27d6-477a-9fe3-c6beb363594c,T1573,Encrypted Channel,attack-pattern--b8902400-e6c5-4ba2-95aa-2d35b442b118,False,DET0273,Detection Strategy for Encrypted Channel across OS Platforms,x-mitre-detection-strategy--08861418-398c-4972-8850-5e11f2d32944,relationship--2b484619-c72b-457d-b362-ceb882438231,
DC0085,Network Traffic Content,x-mitre-data-component--3772e279-27d6-477a-9fe3-c6beb363594c,T1573.001,Symmetric Cryptography,attack-pattern--24bfaeba-cb0d-4525-b3dc-507c77ecec41,True,DET0143,Detection Strategy for Encrypted Channel via Symmetric Cryptography across OS Platforms,x-mitre-detection-strategy--32c549cd-a06b-41f2-8063-8937ba7feab6,relationship--5beb9a05-f114-4a99-802f-c171529ceab1,
DC0085,Network Traffic Content,x-mitre-data-component--3772e279-27d6-477a-9fe3-c6beb363594c,T1573.002,Asymmetric Cryptography,attack-pattern--bf176076-b789-408e-8cba-7275e81c0ada,True,DET0543,Detection Strategy for Encrypted Channel via Asymmetric Cryptography across OS Platforms,x-mitre-detection-strategy--e5448ab8-39d6-4364-ae7f-0459687251f7,relationship--9ebeb874-e04d-4fee-9b10-dd6bd829956e,
DC0085,Network Traffic Content,x-mitre-data-component--3772e279-27d6-477a-9fe3-c6beb363594c,T1585,Establish Accounts,attack-pattern--cdfc5f0a-9bb9-4352-b896-553cfa2d8fd8,False,DET0873,Detection of Establish Accounts,x-mitre-detection-strategy--095e0e71-498f-4403-a69f-5a6e4ff50503,relationship--0c4c2d92-3e46-420b-aec9-addb022a5deb,
DC0085,Network Traffic Content,x-mitre-data-component--3772e279-27d6-477a-9fe3-c6beb363594c,T1585.001,Social Media Accounts,attack-pattern--b1ccd744-3f78-4a0e-9bb2-2002057f7928,True,DET0851,Detection of Social Media Accounts,x-mitre-detection-strategy--5ff1a219-e2d2-4e4b-bb32-346fcaffa52b,relationship--bbdb0616-dd20-4b4f-82ea-c6ebc5a9679b,
DC0085,Network Traffic Content,x-mitre-data-component--3772e279-27d6-477a-9fe3-c6beb363594c,T1586,Compromise Accounts,attack-pattern--81033c3b-16a4-46e4-8fed-9b030dd03c4a,False,DET0876,Detection of Compromise Accounts,x-mitre-detection-strategy--a1d413d7-0a28-45ce-9e4d-d250b4b6a492,relationship--addbc146-e378-4ca0-aca1-8de5443af453,
DC0085,Network Traffic Content,x-mitre-data-component--3772e279-27d6-477a-9fe3-c6beb363594c,T1586.001,Social Media Accounts,attack-pattern--274770e0-2612-4ccf-a678-ef8e7bad365d,True,DET0870,Detection of Social Media Accounts,x-mitre-detection-strategy--172b779a-9d14-4c5f-ba4c-3e784b4ae1b6,relationship--8293a0b7-95f7-49b8-b5ae-9991d8da26ad,
DC0085,Network Traffic Content,x-mitre-data-component--3772e279-27d6-477a-9fe3-c6beb363594c,T1589,Gather Victim Identity Information,attack-pattern--5282dd9a-d26d-4e16-88b7-7c0f4553daf4,False,DET0841,Detection of Gather Victim Identity Information,x-mitre-detection-strategy--b5ec4351-ee04-4beb-a019-b1f6d0e00894,relationship--601e71a6-90b3-4a69-8457-543659474d26,
DC0085,Network Traffic Content,x-mitre-data-component--3772e279-27d6-477a-9fe3-c6beb363594c,T1589.002,Email Addresses,attack-pattern--69f897fd-12a9-4c89-ad6a-46d2f3c38262,True,DET0814,Detection of Email Addresses,x-mitre-detection-strategy--33040f26-43e3-4c1d-8557-02f306bb028f,relationship--f440acf2-f33b-4153-b761-9b7776e275d5,
DC0085,Network Traffic Content,x-mitre-data-component--3772e279-27d6-477a-9fe3-c6beb363594c,T1595,Active Scanning,attack-pattern--67073dde-d720-45ae-83da-b12d5e73ca3b,False,DET0830,Detection of Active Scanning,x-mitre-detection-strategy--7bbdcd3b-241e-4ec8-ab43-6bd2c34ae77d,relationship--0331868e-bb86-4153-b91e-df857c51bb7e,
DC0085,Network Traffic Content,x-mitre-data-component--3772e279-27d6-477a-9fe3-c6beb363594c,T1595.001,Scanning IP Blocks,attack-pattern--db8f5003-3b20-48f0-9b76-123e44208120,True,DET0817,Detection of Scanning IP Blocks,x-mitre-detection-strategy--ca916010-7f72-4132-ad7c-44967d479dcc,relationship--a2282a7b-b0b0-4b49-a9cf-9176990e4ec9,
DC0085,Network Traffic Content,x-mitre-data-component--3772e279-27d6-477a-9fe3-c6beb363594c,T1595.002,Vulnerability Scanning,attack-pattern--5502c4e9-24ef-4d5f-8ee9-9e906c2f82c4,True,DET0867,Detection of Vulnerability Scanning,x-mitre-detection-strategy--574d055c-4501-4f4d-9b28-1109ad07a087,relationship--ca0ae1f5-1401-4d97-a0fc-245b6aaf582c,
DC0085,Network Traffic Content,x-mitre-data-component--3772e279-27d6-477a-9fe3-c6beb363594c,T1595.003,Wordlist Scanning,attack-pattern--bed04f7d-e48a-4e76-bd0f-4c57fe31fc46,True,DET0868,Detection of Wordlist Scanning,x-mitre-detection-strategy--95d3b171-2fc3-4e58-a5c9-4d98c3691c88,relationship--b1705cca-a5f2-4c45-9d41-5d615e6b8a81,
DC0085,Network Traffic Content,x-mitre-data-component--3772e279-27d6-477a-9fe3-c6beb363594c,T1598,Phishing for Information,attack-pattern--cca0ccb6-a068-4574-a722-b1556f86833a,False,DET0823,Detection of Phishing for Information,x-mitre-detection-strategy--29fad4dd-d6d7-4a99-8ae8-060e6d0544ec,relationship--6db11f92-ae2b-439e-bb96-97bfe3596bb5,
DC0085,Network Traffic Content,x-mitre-data-component--3772e279-27d6-477a-9fe3-c6beb363594c,T1598.001,Spearphishing Service,attack-pattern--f870408c-b1cd-49c7-a5c7-0ef0fc496cc6,True,DET0821,Detection of Spearphishing Service,x-mitre-detection-strategy--16e7016e-ce95-4eca-b340-ff158949d11d,relationship--5cdfd78f-c3ba-4c3b-ac36-b93ac8a64a2f,
DC0085,Network Traffic Content,x-mitre-data-component--3772e279-27d6-477a-9fe3-c6beb363594c,T1598.002,Spearphishing Attachment,attack-pattern--8982a661-d84c-48c0-b4ec-1db29c6cf3bc,True,DET0865,Detection of Spearphishing Attachment,x-mitre-detection-strategy--e62ddd99-6357-4388-b3df-d7d7b6984630,relationship--dbe9c063-1d79-4e02-b1b7-a775993ca3c7,
DC0085,Network Traffic Content,x-mitre-data-component--3772e279-27d6-477a-9fe3-c6beb363594c,T1598.003,Spearphishing Link,attack-pattern--2d3f5b3c-54ca-4f4d-bb1f-849346d31230,True,DET0878,Detection of Spearphishing Link,x-mitre-detection-strategy--c9242c28-ee1a-45d2-800a-948252884a7c,relationship--45dceb99-7361-4b2b-8482-46a3230e6d8d,
DC0085,Network Traffic Content,x-mitre-data-component--3772e279-27d6-477a-9fe3-c6beb363594c,T1599,Network Boundary Bridging,attack-pattern--b8017880-4b1e-42de-ad10-ae7ac6705166,False,DET0006,Detection Strategy for Network Boundary Bridging,x-mitre-detection-strategy--f0f7aa93-71bc-4c55-9f96-9c74a7d45a83,relationship--b27141c2-b999-468b-bdd3-d2630961dd8b,
DC0085,Network Traffic Content,x-mitre-data-component--3772e279-27d6-477a-9fe3-c6beb363594c,T1599.001,Network Address Translation Traversal,attack-pattern--4ffc1794-ec3b-45be-9e52-42dbcb2af2de,True,DET0163,Detection Strategy for Network Address Translation Traversal,x-mitre-detection-strategy--218a24ca-9534-44e2-9282-fb08373e7845,relationship--6921f4c3-4751-450b-8bec-172fa82297eb,
DC0085,Network Traffic Content,x-mitre-data-component--3772e279-27d6-477a-9fe3-c6beb363594c,T1600,Weaken Encryption,attack-pattern--1f9012ef-1e10-4e48-915e-e03563435fe8,False,DET0339,Detection Strategy for Weaken Encryption on Network Devices,x-mitre-detection-strategy--de98fda3-10f9-4013-a163-fb9b6c117a9b,relationship--ad530072-41ad-41aa-aaac-0030320feca8,
DC0085,Network Traffic Content,x-mitre-data-component--3772e279-27d6-477a-9fe3-c6beb363594c,T1600.001,Reduce Key Space,attack-pattern--3a40f208-a9c1-4efa-a598-4003c3681fb8,True,DET0243,Detection Strategy for Weaken Encryption: Reduce Key Space on Network Devices,x-mitre-detection-strategy--bcddd949-40be-40dd-949e-8f69f893360b,relationship--04a5acf8-e348-427d-868b-e5a35a1e9880,
DC0085,Network Traffic Content,x-mitre-data-component--3772e279-27d6-477a-9fe3-c6beb363594c,T1600.002,Disable Crypto Hardware,attack-pattern--7efba77e-3bc4-4ca5-8292-d8201dcd64b5,True,DET0494,Detection Strategy for Weaken Encryption: Disable Crypto Hardware on Network Devices,x-mitre-detection-strategy--2fed2eb7-2b3e-494f-9154-b996090b5a1e,relationship--82c53252-e692-40eb-a345-f91ee83fb49a,
DC0085,Network Traffic Content,x-mitre-data-component--3772e279-27d6-477a-9fe3-c6beb363594c,T1602,Data from Configuration Repository,attack-pattern--0ad7bc5c-235a-4048-944b-3b286676cb74,False,DET0592,Detection Strategy for Data from Configuration Repository on Network Devices,x-mitre-detection-strategy--ff993025-1f12-486f-936f-6cc563050278,relationship--68a7cda8-b2cd-4cc1-97d2-39be28357fe5,
DC0085,Network Traffic Content,x-mitre-data-component--3772e279-27d6-477a-9fe3-c6beb363594c,T1602.001,SNMP (MIB Dump),attack-pattern--ee7ff928-801c-4f34-8a99-3df965e581a5,True,DET0453,Detection Strategy for SNMP (MIB Dump) on Network Devices,x-mitre-detection-strategy--2dc6a789-2dd7-4d64-be82-73db6fc3fb70,relationship--8b80bbc6-57c9-41b1-93cd-2bd2ae433f4f,
DC0085,Network Traffic Content,x-mitre-data-component--3772e279-27d6-477a-9fe3-c6beb363594c,T1602.002,Network Device Configuration Dump,attack-pattern--52759bf1-fe12-4052-ace6-c5b0cf7dd7fd,True,DET0233,Detection Strategy for Network Device Configuration Dump via Config Repositories,x-mitre-detection-strategy--f3bc6ce9-29ad-4ad4-813c-1a4176b5c7a2,relationship--353de2e5-f6d0-4fc4-9fca-a8a7f1178346,
DC0085,Network Traffic Content,x-mitre-data-component--3772e279-27d6-477a-9fe3-c6beb363594c,T1606,Forge Web Credentials,attack-pattern--94cb00a4-b295-4d06-aa2b-5653b9c1be9c,False,DET0260,Detection Strategy for Forged Web Credentials,x-mitre-detection-strategy--44f32d03-50ce-480f-b531-481bcc6dc0a8,relationship--8f9b23a3-d06f-4be8-9073-86cbc90b2164,
DC0085,Network Traffic Content,x-mitre-data-component--3772e279-27d6-477a-9fe3-c6beb363594c,T1610,Deploy Container,attack-pattern--56e0d8b8-3e25-49dd-9050-3aa252f5aa92,False,DET0249,Behavior-chain detection for T1610 Deploy Container across Docker & Kubernetes control/node planes,x-mitre-detection-strategy--994c7fc6-ad85-47e6-9079-fb872ec7e541,relationship--51ae0fd9-6c66-4f7f-94ec-734259ba9140,
DC0085,Network Traffic Content,x-mitre-data-component--3772e279-27d6-477a-9fe3-c6beb363594c,T1614,System Location Discovery,attack-pattern--c877e33f-1df6-40d6-b1e7-ce70f16f4979,False,DET0043,Detection Strategy for System Location Discovery,x-mitre-detection-strategy--9daf5067-79c3-477c-bf41-813aada4770d,relationship--2a170a3a-d02a-48ff-a21c-23f373f8951f,
DC0085,Network Traffic Content,x-mitre-data-component--3772e279-27d6-477a-9fe3-c6beb363594c,T1615,Group Policy Discovery,attack-pattern--1b20efbf-8063-4fc3-a07d-b575318a301b,False,DET0055,Detection strategy for Group Policy Discovery on Windows,x-mitre-detection-strategy--e5eff2eb-4a41-44d1-9c79-4977fb73f569,relationship--0c2b1d8f-3f5b-4b3a-b146-83e54685d6b9,
DC0085,Network Traffic Content,x-mitre-data-component--3772e279-27d6-477a-9fe3-c6beb363594c,T1659,Content Injection,attack-pattern--43c9bc06-715b-42db-972f-52d25c09a20c,False,DET0349,Detection Strategy for Content Injection,x-mitre-detection-strategy--7a084a47-c4ea-4996-8d23-ffe0b19206fb,relationship--622e1dcc-6185-4559-92bc-ddc6ea3c30e6,
DC0085,Network Traffic Content,x-mitre-data-component--3772e279-27d6-477a-9fe3-c6beb363594c,T1665,Hide Infrastructure,attack-pattern--eb897572-8979-4242-a089-56f294f4c91d,False,DET0411,Detection Strategy for Hide Infrastructure,x-mitre-detection-strategy--ba2efedb-2670-4072-b56f-8f12daa31923,relationship--eccb3880-3ab0-4332-b19a-c9b5c180e39c,
DC0085,Network Traffic Content,x-mitre-data-component--3772e279-27d6-477a-9fe3-c6beb363594c,T1669,Wi-Fi Networks,attack-pattern--fde016f6-211a-41c8-a4ab-301f1e419c62,False,DET0536,Detection Strategy for Wi-Fi Networks,x-mitre-detection-strategy--f9c29db2-8790-4255-957f-9a02f1d8d024,relationship--f5fef0bf-a8a0-41e2-b46a-71255836928d,
DC0086,Instance Metadata,x-mitre-data-component--45fd904d-6eb0-4b50-8478-a961f09f898b,T1578.002,Create Cloud Instance,attack-pattern--cf1c2504-433f-4c4e-a1f8-91de45a0318c,True,DET0449,Detection Strategy for Modify Cloud Compute Infrastructure: Create Cloud Instance,x-mitre-detection-strategy--bd0b0c98-3c22-4bf8-830b-2640b39eacea,relationship--5cc1e1a1-3cce-4282-8001-3a2c6c2af44c,
DC0086,Instance Metadata,x-mitre-data-component--45fd904d-6eb0-4b50-8478-a961f09f898b,T1578.003,Delete Cloud Instance,attack-pattern--70857657-bd0b-4695-ad3e-b13f92cac1b4,True,DET0084,Detection Strategy for Modify Cloud Compute Infrastructure: Delete Cloud Instance,x-mitre-detection-strategy--ceac3cb0-d9eb-4466-810f-4acbf793e980,relationship--38973fa3-5d24-4da8-ba12-26c45acf0439,
DC0086,Instance Metadata,x-mitre-data-component--45fd904d-6eb0-4b50-8478-a961f09f898b,T1580,Cloud Infrastructure Discovery,attack-pattern--57a3d31a-d04f-4663-b2da-7df8ec3f8c9d,False,DET0169,Detection Strategy for Cloud Infrastructure Discovery,x-mitre-detection-strategy--22331b2d-e8a1-4820-ae6b-7d04f24f7df7,relationship--87f3ef36-2cfb-4707-96ea-650c60471651,
DC0087,Active Directory Object Creation,x-mitre-data-component--18b236d8-7224-488f-9d2f-50076a0f653a,T1098.001,Additional Cloud Credentials,attack-pattern--8a2f40cf-8325-47f9-96e4-b1ca4c7389bd,True,DET0531,Detection Strategy for Additional Cloud Credentials in IaaS/IdP/SaaS,x-mitre-detection-strategy--cd0c92f4-2345-40ae-aa73-ccc1eb78eb14,relationship--85dee7db-0312-4c51-96bd-c064afe86a68,
DC0087,Active Directory Object Creation,x-mitre-data-component--18b236d8-7224-488f-9d2f-50076a0f653a,T1098.005,Device Registration,attack-pattern--7decb26c-715c-40cf-b7e0-026f7d7cc215,True,DET0036,Suspicious Device Registration via Entra ID or MFA Platform,x-mitre-detection-strategy--bbeacdc8-c14c-44f1-9ace-fc8282a05c67,relationship--83c459ce-fb4e-4422-818c-f3900ee39297,
DC0087,Active Directory Object Creation,x-mitre-data-component--18b236d8-7224-488f-9d2f-50076a0f653a,T1207,Rogue Domain Controller,attack-pattern--564998d8-ab3e-4123-93fb-eccaa6b9714a,False,DET0276,Detection Strategy for Rogue Domain Controller (DCShadow) Registration and Replication Abuse,x-mitre-detection-strategy--f012e122-9f78-4370-a481-d2efaa181359,relationship--a5f42918-93c0-4537-9780-bfbe67920812,
DC0088,Logon Session Metadata,x-mitre-data-component--39b9db72-8b48-4595-a18d-db5bbba3091b,T1021.001,Remote Desktop Protocol,attack-pattern--eb062747-2193-45de-8fa2-e62549c37ddf,True,DET0327,Multi-event Detection Strategy for RDP-Based Remote Logins and Post-Access Activity,x-mitre-detection-strategy--722d2e3d-c3ad-4878-bcef-ca3161465342,relationship--ef887220-356b-4756-8c65-586441765961,
DC0088,Logon Session Metadata,x-mitre-data-component--39b9db72-8b48-4595-a18d-db5bbba3091b,T1021.004,SSH,attack-pattern--2db31dcd-54da-405d-acef-b9129b816ed6,True,DET0596,Behavioral Detection of Remote SSH Logins Followed by Post-Login Execution,x-mitre-detection-strategy--5367273a-2f30-413e-a961-1dbd323be5b0,relationship--8111392d-8ec1-466e-9e0b-9e5162c3e857,
DC0088,Logon Session Metadata,x-mitre-data-component--39b9db72-8b48-4595-a18d-db5bbba3091b,T1021.005,VNC,attack-pattern--01327cde-66c4-4123-bf34-5f258d59457b,True,DET0178,Behavioral Detection of Unauthorized VNC Remote Control Sessions,x-mitre-detection-strategy--bb431f45-c3fe-4b98-8dd7-70346b56c880,relationship--efd1472c-2913-4f68-b95a-e1c2bdf55e3d,
DC0088,Logon Session Metadata,x-mitre-data-component--39b9db72-8b48-4595-a18d-db5bbba3091b,T1068,Exploitation for Privilege Escalation,attack-pattern--b21c3b2d-02e6-45b1-980b-e69051040839,False,DET0514,Detection Strategy for Exploitation for Privilege Escalation,x-mitre-detection-strategy--64fc24f5-0428-4956-a328-2e76e0af984e,relationship--d07fb93b-f652-4742-a99b-a4c99ff7b956,
DC0088,Logon Session Metadata,x-mitre-data-component--39b9db72-8b48-4595-a18d-db5bbba3091b,T1078,Valid Accounts,attack-pattern--b17a1a56-e99c-403c-8948-561df0cffe81,False,DET0560,Detection of Valid Account Abuse Across Platforms,x-mitre-detection-strategy--a6245075-b59f-46cf-8b76-e8d95c378a22,relationship--1b5cdb10-15a7-48ac-ab23-33edf7ef5602,
DC0088,Logon Session Metadata,x-mitre-data-component--39b9db72-8b48-4595-a18d-db5bbba3091b,T1078.001,Default Accounts,attack-pattern--6151cbea-819b-455a-9fa6-99a1cc58797d,True,DET0465,Detection of Default Account Abuse Across Platforms,x-mitre-detection-strategy--cff5ca37-cc4a-431c-b481-d0ccabbf6980,relationship--373bb9b1-c8ef-4614-b1a4-9e3eefa27a1a,
DC0088,Logon Session Metadata,x-mitre-data-component--39b9db72-8b48-4595-a18d-db5bbba3091b,T1078.002,Domain Accounts,attack-pattern--c3d4bdd9-2cfe-4a80-9d0c-07a29ecdce8f,True,DET0210,Abuse of Domain Accounts,x-mitre-detection-strategy--ba7a75c6-fcf5-4f36-8908-1fe1c30f690f,relationship--cdb2c6c0-057a-4865-bcd2-8bbaa39e5d55,
DC0088,Logon Session Metadata,x-mitre-data-component--39b9db72-8b48-4595-a18d-db5bbba3091b,T1078.003,Local Accounts,attack-pattern--fdc47f44-dd32-4b99-af5f-209f556f63c2,True,DET0407,Detection of Local Account Abuse for Initial Access and Persistence,x-mitre-detection-strategy--b045b89e-3095-41c3-a04d-d40075f14cd8,relationship--2f51d6e5-68fe-426c-931c-e33b5bdc3289,
DC0088,Logon Session Metadata,x-mitre-data-component--39b9db72-8b48-4595-a18d-db5bbba3091b,T1078.004,Cloud Accounts,attack-pattern--f232fa7a-025c-4d43-abc7-318e81a73d65,True,DET0546,Detection of Abused or Compromised Cloud Accounts for Access and Persistence,x-mitre-detection-strategy--a1a9e316-145a-4744-a594-7decc23c543d,relationship--c5962368-c8b3-4270-822c-dd3f1afe1d01,
DC0088,Logon Session Metadata,x-mitre-data-component--39b9db72-8b48-4595-a18d-db5bbba3091b,T1133,External Remote Services,attack-pattern--10d51417-ee35-4589-b1ff-b6df1c334e8d,False,DET0354,"Behavior-chain detection for T1133 External Remote Services across Windows, Linux, macOS, Containers",x-mitre-detection-strategy--e9833c3c-b5ec-421b-bab4-91f74c2b6bd1,relationship--0b58aa79-627a-4d83-84ab-fb924e5f77e1,
DC0088,Logon Session Metadata,x-mitre-data-component--39b9db72-8b48-4595-a18d-db5bbba3091b,T1134,Access Token Manipulation,attack-pattern--dcaa092b-7de9-4a21-977f-7fcb77e89c48,False,DET0283,Behavior-chain detection for T1134 Access Token Manipulation on Windows,x-mitre-detection-strategy--774bbba8-45c2-403d-a445-3a64b3679faf,relationship--d4efc88e-7544-42f4-ae47-a73acc22885a,
DC0088,Logon Session Metadata,x-mitre-data-component--39b9db72-8b48-4595-a18d-db5bbba3091b,T1134.002,Create Process with Token,attack-pattern--677569f9-a8b0-459e-ab24-7f18091fa7bf,True,DET0456,Behavior-chain detection for T1134.002 Create Process with Token (Windows),x-mitre-detection-strategy--78aa8d17-c96f-4ba9-b431-f91157f38553,relationship--76d197d3-8ed8-4e40-9245-a30a29229131,
DC0088,Logon Session Metadata,x-mitre-data-component--39b9db72-8b48-4595-a18d-db5bbba3091b,T1134.003,Make and Impersonate Token,attack-pattern--8cdeb020-e31e-4f88-a582-f53dcfbda819,True,DET0498,Behavior‑chain detection for T1134.003 Make and Impersonate Token (Windows),x-mitre-detection-strategy--d9cf8032-7b53-4251-8519-a7ccbf6a027a,relationship--662c3c81-4b00-47d1-8110-50e7cb3e03f6,
DC0088,Logon Session Metadata,x-mitre-data-component--39b9db72-8b48-4595-a18d-db5bbba3091b,T1185,Browser Session Hijacking,attack-pattern--544b0346-29ad-41e1-a808-501bb4193f47,False,DET0507,"Detect browser session hijacking via privilege, handle access, and remote thread into browsers",x-mitre-detection-strategy--759a29fb-8697-46f7-baa3-a891b28c064e,relationship--88d75e64-5f13-4017-a635-9a52e3458bb2,
DC0088,Logon Session Metadata,x-mitre-data-component--39b9db72-8b48-4595-a18d-db5bbba3091b,T1199,Trusted Relationship,attack-pattern--9fa07bef-9c81-421e-a8e5-ad4366c5a925,False,DET0488,Detect abuse of Trusted Relationships (third-party and delegated admin access),x-mitre-detection-strategy--2f7a5ebd-e025-4822-aed2-46fc3ec1a0a9,relationship--8dcb3689-54f5-4416-9b75-6c380d24bdca,
DC0088,Logon Session Metadata,x-mitre-data-component--39b9db72-8b48-4595-a18d-db5bbba3091b,T1489,Service Stop,attack-pattern--20fb2507-d71c-455d-9b6d-6104461cf26b,False,DET0021,Behavioral Detection for Service Stop across Platforms,x-mitre-detection-strategy--ae37afa8-87d5-4091-ac33-010e78eefe97,relationship--091187a1-a960-4731-829d-de865e7d49a1,
DC0088,Logon Session Metadata,x-mitre-data-component--39b9db72-8b48-4595-a18d-db5bbba3091b,T1491.002,External Defacement,attack-pattern--0cfe31a7-81fc-472c-bc45-e2808d1066a3,True,DET0590,Behavioral Detection of External Website Defacement across Platforms,x-mitre-detection-strategy--33bbfada-99c8-4cac-8b21-fa013959001d,relationship--d52b008d-870a-488e-b872-3485409845f3,
DC0088,Logon Session Metadata,x-mitre-data-component--39b9db72-8b48-4595-a18d-db5bbba3091b,T1497.002,User Activity Based Checks,attack-pattern--91541e7e-b969-40c6-bbd8-1b5352ec2938,True,DET0420,Detect User Activity Based Sandbox Evasion via Input & Artifact Probing,x-mitre-detection-strategy--5463d676-c300-4ab8-9980-d3ed37ac4723,relationship--0e9828c1-9cf3-44a2-b079-41bb6fa79656,
DC0088,Logon Session Metadata,x-mitre-data-component--39b9db72-8b48-4595-a18d-db5bbba3091b,T1534,Internal Spearphishing,attack-pattern--9e7452df-5144-4b6e-b04a-b66dd4016747,False,DET0054,Internal Spearphishing via Trusted Accounts,x-mitre-detection-strategy--acc27d20-8aad-42ce-b928-6cda3c22e51b,relationship--6e565457-f873-40b8-aa6a-b1b59f31a47a,
DC0088,Logon Session Metadata,x-mitre-data-component--39b9db72-8b48-4595-a18d-db5bbba3091b,T1546.001,Change Default File Association,attack-pattern--98034fef-d9fb-4667-8dc4-2eab6231724c,True,DET0061,Detect Default File Association Hijack via Registry & Execution Correlation on Windows,x-mitre-detection-strategy--61585647-dcc0-4c46-9333-c59796997826,relationship--f9cdbd39-2d59-4376-aaa4-65fa974cb30b,
DC0088,Logon Session Metadata,x-mitre-data-component--39b9db72-8b48-4595-a18d-db5bbba3091b,T1547.007,Re-opened Applications,attack-pattern--e5cc9e7a-e61a-46a1-b869-55fb6eab058e,True,DET0125,Detect persistence via reopened application plist modification (macOS),x-mitre-detection-strategy--5ac0e527-2ebd-44a1-8d87-4de8463b761c,relationship--8ec064e5-c9d4-49ec-a87e-ab164a6281db,
DC0088,Logon Session Metadata,x-mitre-data-component--39b9db72-8b48-4595-a18d-db5bbba3091b,T1547.014,Active Setup,attack-pattern--22522668-ddf6-470b-a027-9d6866679f67,True,DET0312,Detect Active Setup Persistence via StubPath Execution,x-mitre-detection-strategy--ba8d3a5d-9ddc-4301-b021-84ca2c6854de,relationship--afb6aa42-751c-47fe-b955-0733344a444f,
DC0088,Logon Session Metadata,x-mitre-data-component--39b9db72-8b48-4595-a18d-db5bbba3091b,T1548,Abuse Elevation Control Mechanism,attack-pattern--67720091-eee3-4d2d-ae16-8264567f6f5b,False,DET0345,Detection Strategy for Abuse Elevation Control Mechanism (T1548),x-mitre-detection-strategy--9646aa18-4ebf-43c8-bf4c-670063bc5ef8,relationship--6c4a90f8-082b-4b90-9e8a-e0e900f94923,
DC0088,Logon Session Metadata,x-mitre-data-component--39b9db72-8b48-4595-a18d-db5bbba3091b,T1548.002,Bypass User Account Control,attack-pattern--120d5519-3098-4e1c-9191-2aa61232f073,True,DET0388,Detection Strategy for T1548.002 – Bypass User Account Control (UAC),x-mitre-detection-strategy--d6619253-10cd-4b90-84b5-364c418d2484,relationship--f05583ec-3ed9-42f7-8779-05399318616e,
DC0088,Logon Session Metadata,x-mitre-data-component--39b9db72-8b48-4595-a18d-db5bbba3091b,T1558,Steal or Forge Kerberos Tickets,attack-pattern--3fc01293-ef5e-41c6-86ce-61f10706b64a,False,DET0522,Detect Kerberos Ticket Theft or Forgery (T1558),x-mitre-detection-strategy--3638f523-dc38-4ff0-8682-d2027af5bd77,relationship--d1276173-76de-43a0-be72-ef59ce90c44c,
DC0088,Logon Session Metadata,x-mitre-data-component--39b9db72-8b48-4595-a18d-db5bbba3091b,T1558.001,Golden Ticket,attack-pattern--768dce68-8d0d-477a-b01d-0eea98b963a1,True,DET0144,Detect Forged Kerberos Golden Tickets (T1558.001),x-mitre-detection-strategy--cbf5f016-0801-4861-93d8-d372645778d5,relationship--a24a8787-5a71-4287-aaa8-17e0d8782baa,
DC0088,Logon Session Metadata,x-mitre-data-component--39b9db72-8b48-4595-a18d-db5bbba3091b,T1558.002,Silver Ticket,attack-pattern--d273434a-448e-4598-8e14-607f4a0d5e27,True,DET0241,Detect Forged Kerberos Silver Tickets (T1558.002),x-mitre-detection-strategy--77e72172-b088-4a98-bddd-ca04cbfc32ee,relationship--7d376833-15ae-4f33-9a3a-2873da760237,
DC0088,Logon Session Metadata,x-mitre-data-component--39b9db72-8b48-4595-a18d-db5bbba3091b,T1558.003,Kerberoasting,attack-pattern--f2877f7f-9a4c-4251-879f-1224e3006bee,True,DET0157,Detect Kerberoasting Attempts (T1558.003),x-mitre-detection-strategy--f1fe6286-1f54-4dfc-b96a-31b10711e4b1,relationship--93939eb7-93f1-4a3c-9a27-45a4848c37ab,
DC0088,Logon Session Metadata,x-mitre-data-component--39b9db72-8b48-4595-a18d-db5bbba3091b,T1606.002,SAML Tokens,attack-pattern--1f9c2bae-b441-4f66-a8af-b65946ee72f2,True,DET0148,Detection Strategy for Forged SAML Tokens,x-mitre-detection-strategy--b6d7d7cb-b56f-4095-b3ac-21147b0123e5,relationship--4c734725-c97f-437b-952d-f94f9dba8f05,
DC0088,Logon Session Metadata,x-mitre-data-component--39b9db72-8b48-4595-a18d-db5bbba3091b,T1621,Multi-Factor Authentication Request Generation,attack-pattern--954a1639-f2d6-407d-aef3-4917622ca493,False,DET0160,Detection Strategy for Multi-Factor Authentication Request Generation (T1621),x-mitre-detection-strategy--5dab1bc7-89e2-4fe4-ae30-40b550d0daf4,relationship--3061a5d3-7c23-41ff-bc7e-7cd916b4bfc7,
DC0089,Instance Stop,x-mitre-data-component--1361e324-b594-4c0e-a517-20cee32b8d7f,T1499.004,Application or System Exploitation,attack-pattern--2bee5ffb-7a7a-4119-b1f2-158151b19ac0,True,DET0304,Detection Strategy for Endpoint DoS via Application or System Exploitation,x-mitre-detection-strategy--28d6ebc3-3b01-45e1-b48e-6491364d23e9,relationship--9ce6810d-6c9e-4bcf-acd9-f93996267414,
DC0089,Instance Stop,x-mitre-data-component--1361e324-b594-4c0e-a517-20cee32b8d7f,T1578,Modify Cloud Compute Infrastructure,attack-pattern--144e007b-e638-431d-a894-45d90c54ab90,False,DET0308,Detection Strategy for Modify Cloud Compute Infrastructure,x-mitre-detection-strategy--af0d25b2-1912-4821-85db-305abe318535,relationship--55386ce2-a1d3-426e-9e5a-37e52c20d18a,
DC0089,Instance Stop,x-mitre-data-component--1361e324-b594-4c0e-a517-20cee32b8d7f,T1578.003,Delete Cloud Instance,attack-pattern--70857657-bd0b-4695-ad3e-b13f92cac1b4,True,DET0084,Detection Strategy for Modify Cloud Compute Infrastructure: Delete Cloud Instance,x-mitre-detection-strategy--ceac3cb0-d9eb-4466-810f-4acbf793e980,relationship--38973fa3-5d24-4da8-ba12-26c45acf0439,
DC0089,Instance Stop,x-mitre-data-component--1361e324-b594-4c0e-a517-20cee32b8d7f,T1578.004,Revert Cloud Instance,attack-pattern--0708ae90-d0eb-4938-9a76-d0fc94f6eec1,True,DET0337,Detection Strategy for Modify Cloud Compute Infrastructure: Revert Cloud Instance,x-mitre-detection-strategy--f5ee584b-bbbd-481a-af63-c49166b8b1a8,relationship--e4b4bdd3-07b3-4d99-b054-330260bfec0a,
DC0090,Cloud Service Disable,x-mitre-data-component--ec0612c5-2644-4c50-bcac-82586974fedd,T1562,Impair Defenses,attack-pattern--3d333250-30e4-4a82-9edc-756c68afc529,False,DET0317,Detection Strategy for Impair Defenses Across Platforms,x-mitre-detection-strategy--e8e88bcd-0294-48d2-bd3c-0408814f4a69,relationship--d959e68e-9ed8-4e86-814a-4a0df15c0448,
DC0090,Cloud Service Disable,x-mitre-data-component--ec0612c5-2644-4c50-bcac-82586974fedd,T1562.008,Disable or Modify Cloud Logs,attack-pattern--cacc40da-4c9e-462c-80d5-fd70a178b12d,True,DET0289,Detection Strategy for Disable or Modify Cloud Logs,x-mitre-detection-strategy--f0190654-2eda-42a7-9a4d-6edc95aada02,relationship--b0c6242f-7df1-4574-8812-12249c883f7b,
DC0091,Container Enumeration,x-mitre-data-component--91b3ed33-d1b5-4c4b-a896-76c55eb3cfd8,T1068,Exploitation for Privilege Escalation,attack-pattern--b21c3b2d-02e6-45b1-980b-e69051040839,False,DET0514,Detection Strategy for Exploitation for Privilege Escalation,x-mitre-detection-strategy--64fc24f5-0428-4956-a328-2e76e0af984e,relationship--d07fb93b-f652-4742-a99b-a4c99ff7b956,
DC0091,Container Enumeration,x-mitre-data-component--91b3ed33-d1b5-4c4b-a896-76c55eb3cfd8,T1613,Container and Resource Discovery,attack-pattern--0470e792-32f8-46b0-a351-652bc35e9336,False,DET0490,Detection Strategy for Container and Resource Discovery,x-mitre-detection-strategy--2f4449cb-0eec-4871-bff3-f846f12bec15,relationship--56921b29-02bf-40c4-be2c-9ecd4d2a3ae8,
DC0092,Volume Modification,x-mitre-data-component--d46272ce-a0fe-4256-855e-738de7bb63ee,T1578,Modify Cloud Compute Infrastructure,attack-pattern--144e007b-e638-431d-a894-45d90c54ab90,False,DET0308,Detection Strategy for Modify Cloud Compute Infrastructure,x-mitre-detection-strategy--af0d25b2-1912-4821-85db-305abe318535,relationship--55386ce2-a1d3-426e-9e5a-37e52c20d18a,
DC0092,Volume Modification,x-mitre-data-component--d46272ce-a0fe-4256-855e-738de7bb63ee,T1611,Escape to Host,attack-pattern--4a5b7ade-8bb5-4853-84ed-23f262002665,False,DET0219,Detection Strategy for Escape to Host,x-mitre-detection-strategy--8796c5cc-7e5a-402f-8252-f083aafc5cc9,relationship--a7131e1e-1898-403a-b431-099e7c62393c,
DC0093,Certificate Registration,x-mitre-data-component--1dad5aa4-4bb5-45e4-9e42-55d40003cfa6,T1588,Obtain Capabilities,attack-pattern--ce0687a0-e692-4b77-964a-0784a8e54ff1,False,DET0850,Detection of Obtain Capabilities,x-mitre-detection-strategy--4e940cf7-b024-40d4-8b1f-f516588b08fa,relationship--ff6ff6a3-7bdf-449c-ac49-04e76dc389c5,
DC0093,Certificate Registration,x-mitre-data-component--1dad5aa4-4bb5-45e4-9e42-55d40003cfa6,T1588.004,Digital Certificates,attack-pattern--19401639-28d0-4c3c-adcc-bc2ba22f6421,True,DET0848,Detection of Digital Certificates,x-mitre-detection-strategy--4cadb231-5487-4135-834b-d0db75a93a45,relationship--f0c033e2-a521-4aa6-81a1-2b9f5095d406,
DC0094,Group Modification,x-mitre-data-component--05d5b5b4-ef93-4807-b05f-33d8c5a35bc5,T1136.003,Cloud Account,attack-pattern--a009cb25-4801-4116-9105-80a91cf15c1b,True,DET0319,"Detection Strategy for T1136.003 - Cloud Account Creation across IaaS, IdP, SaaS, Office",x-mitre-detection-strategy--7ad75a00-94f0-4deb-8642-df227a2a8ac6,relationship--e46022f8-1786-4f05-a64e-547c92b38bae,
DC0096,Passive DNS,x-mitre-data-component--cc150ad8-ecfa-4340-9aaa-d21165873bd4,T1583,Acquire Infrastructure,attack-pattern--0458aab9-ad42-4eac-9e22-706a95bafee2,False,DET0895,Detection of Acquire Infrastructure,x-mitre-detection-strategy--56752265-8647-4ce2-bc6c-c38c2e14685c,relationship--c1778ef8-2a1d-43e7-bb1b-ad41aea30167,
DC0096,Passive DNS,x-mitre-data-component--cc150ad8-ecfa-4340-9aaa-d21165873bd4,T1583.001,Domains,attack-pattern--40f5caa0-4cb7-4117-89fc-d421bb493df3,True,DET0892,Detection of Domains,x-mitre-detection-strategy--354dfdf4-9da9-45b5-909c-13f5702fc263,relationship--8966941f-19be-472e-8505-53d05dd76d6c,
DC0096,Passive DNS,x-mitre-data-component--cc150ad8-ecfa-4340-9aaa-d21165873bd4,T1584,Compromise Infrastructure,attack-pattern--7e3beebd-8bfe-4e7b-a892-e44ab06a75f9,False,DET0885,Detection of Compromise Infrastructure,x-mitre-detection-strategy--7f3e2c35-7394-4cc6-baef-73a830930953,relationship--8d89d562-7ca0-4ba7-9ccc-dddbb7de1866,
DC0096,Passive DNS,x-mitre-data-component--cc150ad8-ecfa-4340-9aaa-d21165873bd4,T1584.001,Domains,attack-pattern--f9cc4d06-775f-4ee1-b401-4e2cc0da30ba,True,DET0863,Detection of Domains,x-mitre-detection-strategy--dce8edf3-894f-4857-8f85-04db84bcebd9,relationship--735a8438-4e80-46bb-9cc3-87ddc613c38b,
DC0096,Passive DNS,x-mitre-data-component--cc150ad8-ecfa-4340-9aaa-d21165873bd4,T1584.002,DNS Server,attack-pattern--c2f59d25-87fe-44aa-8f83-e8e59d077bf5,True,DET0891,Detection of DNS Server,x-mitre-detection-strategy--6a5e5149-9118-44e1-8933-0d2a8839df3a,relationship--f8f6b5ea-1c74-482e-965c-e6bc676d04b2,
DC0097,Volume Creation,x-mitre-data-component--dad75cc7-5bae-4175-adb4-ca1962d8650e,T1003.003,NTDS,attack-pattern--edf91964-b26e-4b4a-9600-ccacd7d7df24,True,DET0586,Detection of NTDS.dit Credential Dumping from Domain Controllers,x-mitre-detection-strategy--a97fe87f-e9be-4f71-8530-af5d70eaddf3,relationship--1f368a24-aeeb-4892-991b-0653a7e13586,
DC0097,Volume Creation,x-mitre-data-component--dad75cc7-5bae-4175-adb4-ca1962d8650e,T1578,Modify Cloud Compute Infrastructure,attack-pattern--144e007b-e638-431d-a894-45d90c54ab90,False,DET0308,Detection Strategy for Modify Cloud Compute Infrastructure,x-mitre-detection-strategy--af0d25b2-1912-4821-85db-305abe318535,relationship--55386ce2-a1d3-426e-9e5a-37e52c20d18a,
DC0098,Volume Deletion,x-mitre-data-component--3acecdde-c327-4498-9bb8-33a2e63c6c57,T1485,Data Destruction,attack-pattern--d45a3d09-b3cf-48f4-9f0f-f521ee5cb05c,False,DET0146,Detection of Data Destruction Across Platforms via Mass Overwrite and Deletion Patterns,x-mitre-detection-strategy--c54fdf95-c7ac-4ca4-bd99-273e56da20a5,relationship--31ece083-4856-4057-bfca-5dd17221b34b,
DC0098,Volume Deletion,x-mitre-data-component--3acecdde-c327-4498-9bb8-33a2e63c6c57,T1578,Modify Cloud Compute Infrastructure,attack-pattern--144e007b-e638-431d-a894-45d90c54ab90,False,DET0308,Detection Strategy for Modify Cloud Compute Infrastructure,x-mitre-detection-strategy--af0d25b2-1912-4821-85db-305abe318535,relationship--55386ce2-a1d3-426e-9e5a-37e52c20d18a,
DC0099,Group Enumeration,x-mitre-data-component--8e44412e-3238-4d64-8878-4f11e27784fe,T1069.003,Cloud Groups,attack-pattern--16e94db9-b5b1-4cd0-b851-f38fbd0a70f2,True,DET0251,Behavioral Detection of Cloud Group Enumeration via API and CLI Access,x-mitre-detection-strategy--55e10a13-d18d-4ce5-a773-c4ec6bd68d52,relationship--337e531c-09c4-46f9-82f8-c2d13b134ac0,
DC0101,Domain Registration,x-mitre-data-component--ff9b665a-598b-4bcb-8b2a-a87566aa1256,T1583,Acquire Infrastructure,attack-pattern--0458aab9-ad42-4eac-9e22-706a95bafee2,False,DET0895,Detection of Acquire Infrastructure,x-mitre-detection-strategy--56752265-8647-4ce2-bc6c-c38c2e14685c,relationship--c1778ef8-2a1d-43e7-bb1b-ad41aea30167,
DC0101,Domain Registration,x-mitre-data-component--ff9b665a-598b-4bcb-8b2a-a87566aa1256,T1583.001,Domains,attack-pattern--40f5caa0-4cb7-4117-89fc-d421bb493df3,True,DET0892,Detection of Domains,x-mitre-detection-strategy--354dfdf4-9da9-45b5-909c-13f5702fc263,relationship--8966941f-19be-472e-8505-53d05dd76d6c,
DC0101,Domain Registration,x-mitre-data-component--ff9b665a-598b-4bcb-8b2a-a87566aa1256,T1584,Compromise Infrastructure,attack-pattern--7e3beebd-8bfe-4e7b-a892-e44ab06a75f9,False,DET0885,Detection of Compromise Infrastructure,x-mitre-detection-strategy--7f3e2c35-7394-4cc6-baef-73a830930953,relationship--8d89d562-7ca0-4ba7-9ccc-dddbb7de1866,
DC0101,Domain Registration,x-mitre-data-component--ff9b665a-598b-4bcb-8b2a-a87566aa1256,T1584.001,Domains,attack-pattern--f9cc4d06-775f-4ee1-b401-4e2cc0da30ba,True,DET0863,Detection of Domains,x-mitre-detection-strategy--dce8edf3-894f-4857-8f85-04db84bcebd9,relationship--735a8438-4e80-46bb-9cc3-87ddc613c38b,
DC0101,Domain Registration,x-mitre-data-component--ff9b665a-598b-4bcb-8b2a-a87566aa1256,T1665,Hide Infrastructure,attack-pattern--eb897572-8979-4242-a089-56f294f4c91d,False,DET0411,Detection Strategy for Hide Infrastructure,x-mitre-detection-strategy--ba2efedb-2670-4072-b56f-8f12daa31923,relationship--eccb3880-3ab0-4332-b19a-c9b5c180e39c,
DC0102,Network Share Access,x-mitre-data-component--f5468e67-51c7-4756-9b4f-65707708e7fa,T1037.003,Network Logon Script,attack-pattern--c63a348e-ffc2-486a-b9d9-d7f11ec54d99,True,DET0367,Detect Network Logon Script Abuse via Multi-Event Correlation on Windows,x-mitre-detection-strategy--2f20791a-0c97-40c1-a09e-7925321f6f66,relationship--6cc862d2-8a97-4a53-a3c5-41615e968956,
DC0102,Network Share Access,x-mitre-data-component--f5468e67-51c7-4756-9b4f-65707708e7fa,T1039,Data from Network Shared Drive,attack-pattern--ae676644-d2d2-41b7-af7e-9bed1b55898c,False,DET0410,Detection Strategy for Data from Network Shared Drive,x-mitre-detection-strategy--79eb1874-4762-461b-a748-df85e61f3216,relationship--7141f45b-597e-48a6-9b27-f3f2730dad87,
DC0102,Network Share Access,x-mitre-data-component--f5468e67-51c7-4756-9b4f-65707708e7fa,T1074.002,Remote Data Staging,attack-pattern--359b00ad-9425-420b-bba5-6de8d600cbc0,True,DET0071,Detection of Remote Data Staging Prior to Exfiltration,x-mitre-detection-strategy--20f11806-1639-49c5-ae0b-84633a142870,relationship--a5138396-d20a-4980-8316-ab57d5fb0478,
DC0102,Network Share Access,x-mitre-data-component--f5468e67-51c7-4756-9b4f-65707708e7fa,T1080,Taint Shared Content,attack-pattern--246fd3c7-f5e3-466d-8787-4c13d9e3b61c,False,DET0471,Detection of Tainted Content Written to Shared Storage,x-mitre-detection-strategy--cdfe6166-43e9-434a-a961-139edd58ca0c,relationship--f4069924-bd74-4ec0-a2ef-af02e966dcea,
DC0102,Network Share Access,x-mitre-data-component--f5468e67-51c7-4756-9b4f-65707708e7fa,T1114,Email Collection,attack-pattern--1608f3e1-598a-42f4-a01a-2e252e81728f,False,DET0476,Email Collection via Local Email Access and Auto-Forwarding Behavior,x-mitre-detection-strategy--2470975e-6748-42a5-9a48-74dc7b687fe9,relationship--48fe7200-61ea-4d8a-89a9-ddcedf2f3313,
DC0102,Network Share Access,x-mitre-data-component--f5468e67-51c7-4756-9b4f-65707708e7fa,T1213,Data from Information Repositories,attack-pattern--d28ef391-8ed4-45dc-bc4a-2f43abf54416,False,DET0413,Abuse of Information Repositories for Data Collection,x-mitre-detection-strategy--48e8d8b1-0117-48bd-a32d-f4e43b665bf3,relationship--9f605e91-c94f-48b0-ab9f-1d692649eca5,
DC0102,Network Share Access,x-mitre-data-component--f5468e67-51c7-4756-9b4f-65707708e7fa,T1552.004,Private Keys,attack-pattern--60b508a1-6a5e-46b1-821a-9f7b78752abf,True,DET0549,Detect Suspicious Access to Private Key Files and Export Attempts Across Platforms,x-mitre-detection-strategy--84b5d372-eedb-4b69-bf78-9d4815e2b2b7,relationship--8895c536-acb4-4c5c-b6dd-d4b9fe2f95b9,
DC0102,Network Share Access,x-mitre-data-component--f5468e67-51c7-4756-9b4f-65707708e7fa,T1552.006,Group Policy Preferences,attack-pattern--8d7bd4f5-3a89-4453-9c82-2c8894d5655e,True,DET0381,Detect Access and Decryption of Group Policy Preference (GPP) Credentials in SYSVOL,x-mitre-detection-strategy--69b08c7a-c2ab-4e56-935d-ec28143372de,relationship--d2a5aaa1-4faf-4b37-be23-bd1fcc7cd58a,
DC0102,Network Share Access,x-mitre-data-component--f5468e67-51c7-4756-9b4f-65707708e7fa,T1570,Lateral Tool Transfer,attack-pattern--bf90d72c-c00b-45e3-b3aa-68560560d4c5,False,DET0183,Detection Strategy for Lateral Tool Transfer across OS platforms,x-mitre-detection-strategy--156ddd81-b3ae-4a79-8c4e-7a75b6fd994c,relationship--f66b9063-a4c3-4f41-8fb3-4a7ea1eeb34c,
DC0103,Active DNS,x-mitre-data-component--2e521444-7295-4dec-96c1-7595b2df7811,T1583,Acquire Infrastructure,attack-pattern--0458aab9-ad42-4eac-9e22-706a95bafee2,False,DET0895,Detection of Acquire Infrastructure,x-mitre-detection-strategy--56752265-8647-4ce2-bc6c-c38c2e14685c,relationship--c1778ef8-2a1d-43e7-bb1b-ad41aea30167,
DC0103,Active DNS,x-mitre-data-component--2e521444-7295-4dec-96c1-7595b2df7811,T1583.001,Domains,attack-pattern--40f5caa0-4cb7-4117-89fc-d421bb493df3,True,DET0892,Detection of Domains,x-mitre-detection-strategy--354dfdf4-9da9-45b5-909c-13f5702fc263,relationship--8966941f-19be-472e-8505-53d05dd76d6c,
DC0103,Active DNS,x-mitre-data-component--2e521444-7295-4dec-96c1-7595b2df7811,T1584,Compromise Infrastructure,attack-pattern--7e3beebd-8bfe-4e7b-a892-e44ab06a75f9,False,DET0885,Detection of Compromise Infrastructure,x-mitre-detection-strategy--7f3e2c35-7394-4cc6-baef-73a830930953,relationship--8d89d562-7ca0-4ba7-9ccc-dddbb7de1866,
DC0103,Active DNS,x-mitre-data-component--2e521444-7295-4dec-96c1-7595b2df7811,T1584.001,Domains,attack-pattern--f9cc4d06-775f-4ee1-b401-4e2cc0da30ba,True,DET0863,Detection of Domains,x-mitre-detection-strategy--dce8edf3-894f-4857-8f85-04db84bcebd9,relationship--735a8438-4e80-46bb-9cc3-87ddc613c38b,
DC0103,Active DNS,x-mitre-data-component--2e521444-7295-4dec-96c1-7595b2df7811,T1584.002,DNS Server,attack-pattern--c2f59d25-87fe-44aa-8f83-e8e59d077bf5,True,DET0891,Detection of DNS Server,x-mitre-detection-strategy--6a5e5149-9118-44e1-8933-0d2a8839df3a,relationship--f8f6b5ea-1c74-482e-965c-e6bc676d04b2,
DC0104,Response Content,x-mitre-data-component--0dcbbf4f-929c-489a-b66b-9b820d3f7f0e,T1583,Acquire Infrastructure,attack-pattern--0458aab9-ad42-4eac-9e22-706a95bafee2,False,DET0895,Detection of Acquire Infrastructure,x-mitre-detection-strategy--56752265-8647-4ce2-bc6c-c38c2e14685c,relationship--c1778ef8-2a1d-43e7-bb1b-ad41aea30167,
DC0104,Response Content,x-mitre-data-component--0dcbbf4f-929c-489a-b66b-9b820d3f7f0e,T1583.003,Virtual Private Server,attack-pattern--79da0971-3147-4af6-a4f5-e8cd447cd795,True,DET0838,Detection of Virtual Private Server,x-mitre-detection-strategy--6e53a352-9654-41fe-bf43-50e6b23a4ac1,relationship--ed1bc980-2a74-4682-a3c1-cef8549f0c54,
DC0104,Response Content,x-mitre-data-component--0dcbbf4f-929c-489a-b66b-9b820d3f7f0e,T1583.004,Server,attack-pattern--60c4b628-4807-4b0b-bbf5-fdac8643c337,True,DET0871,Detection of Server,x-mitre-detection-strategy--c377533f-702a-4e82-a254-9855b9362c22,relationship--2876cadb-fcbd-403d-b152-e4806fc80c1c,
DC0104,Response Content,x-mitre-data-component--0dcbbf4f-929c-489a-b66b-9b820d3f7f0e,T1583.006,Web Services,attack-pattern--88d31120-5bc7-4ce3-a9c0-7cf147be8e54,True,DET0896,Detection of Web Services,x-mitre-detection-strategy--71b2e30c-f793-42a8-85be-f782c908772c,relationship--a8d3e47e-5158-4183-bab8-b44b43edaf8d,
DC0104,Response Content,x-mitre-data-component--0dcbbf4f-929c-489a-b66b-9b820d3f7f0e,T1583.007,Serverless,attack-pattern--04a5a8ab-3bc8-4c83-95c9-55274a89786d,True,DET0829,Detection of Serverless,x-mitre-detection-strategy--9695c6af-f3cc-40fa-b3a1-351014c6282f,relationship--e920541a-173d-4c13-98f1-bd1bd333ad5b,
DC0104,Response Content,x-mitre-data-component--0dcbbf4f-929c-489a-b66b-9b820d3f7f0e,T1583.008,Malvertising,attack-pattern--155207c0-7f53-4f13-a06b-0a9907ef5096,True,DET0836,Detection of Malvertising,x-mitre-detection-strategy--40b862cb-89a4-4200-baa0-bb171ecc2ce2,relationship--25b52c86-4754-45a7-8dd5-a1202f67c6d7,
DC0104,Response Content,x-mitre-data-component--0dcbbf4f-929c-489a-b66b-9b820d3f7f0e,T1584,Compromise Infrastructure,attack-pattern--7e3beebd-8bfe-4e7b-a892-e44ab06a75f9,False,DET0885,Detection of Compromise Infrastructure,x-mitre-detection-strategy--7f3e2c35-7394-4cc6-baef-73a830930953,relationship--8d89d562-7ca0-4ba7-9ccc-dddbb7de1866,
DC0104,Response Content,x-mitre-data-component--0dcbbf4f-929c-489a-b66b-9b820d3f7f0e,T1584.003,Virtual Private Server,attack-pattern--39cc9f64-cf74-4a48-a4d8-fe98c54a02e0,True,DET0854,Detection of Virtual Private Server,x-mitre-detection-strategy--cfcbb930-2395-4f7a-b95c-6b2736679c81,relationship--33c68dad-5864-49ef-a5d7-c0fe0f4d656f,
DC0104,Response Content,x-mitre-data-component--0dcbbf4f-929c-489a-b66b-9b820d3f7f0e,T1584.004,Server,attack-pattern--e196b5c5-8118-4a1c-ab8a-936586ce3db5,True,DET0874,Detection of Server,x-mitre-detection-strategy--6bf8b26d-aa2d-4a8f-a1e4-c9cc4aef318d,relationship--01da542d-e185-4495-b40b-fc9b4068a834,
DC0104,Response Content,x-mitre-data-component--0dcbbf4f-929c-489a-b66b-9b820d3f7f0e,T1584.006,Web Services,attack-pattern--ae797531-3219-49a4-bccf-324ad7a4c7b2,True,DET0882,Detection of Web Services,x-mitre-detection-strategy--f33df6a5-7f05-415c-9971-18918c8ed4fa,relationship--07760644-989c-4ddd-8d05-ba4299de256c,
DC0104,Response Content,x-mitre-data-component--0dcbbf4f-929c-489a-b66b-9b820d3f7f0e,T1584.007,Serverless,attack-pattern--df1bc34d-1634-4c93-b89e-8120994fce77,True,DET0864,Detection of Serverless,x-mitre-detection-strategy--427d7e41-293a-4616-aec7-d5eea56431d0,relationship--fa88e227-3d53-4a52-a608-1cf4f7ef050e,
DC0104,Response Content,x-mitre-data-component--0dcbbf4f-929c-489a-b66b-9b820d3f7f0e,T1584.008,Network Devices,attack-pattern--149b477f-f364-4824-b1b5-aa1d56115869,True,DET0859,Detection of Network Devices,x-mitre-detection-strategy--31fef61c-301b-4a3d-aced-06632e321926,relationship--11ae02a8-7acf-4773-94d5-e9191c5ae553,
DC0104,Response Content,x-mitre-data-component--0dcbbf4f-929c-489a-b66b-9b820d3f7f0e,T1587,Develop Capabilities,attack-pattern--edadea33-549c-4ed1-9783-8f5a5853cbdf,False,DET0853,Detection of Develop Capabilities,x-mitre-detection-strategy--7ad9b54d-cd23-4ec3-a5b2-db5e58e82a02,relationship--3df2d4e2-f5f0-4c63-9d8f-d70b5722fe70,
DC0104,Response Content,x-mitre-data-component--0dcbbf4f-929c-489a-b66b-9b820d3f7f0e,T1587.003,Digital Certificates,attack-pattern--1cec9319-743b-4840-bb65-431547bce82a,True,DET0844,Detection of Digital Certificates,x-mitre-detection-strategy--2e8be762-9987-4f19-997d-2f7c7540b8e1,relationship--ef33ab11-69aa-46b8-a0a7-f54a0386daff,
DC0104,Response Content,x-mitre-data-component--0dcbbf4f-929c-489a-b66b-9b820d3f7f0e,T1588,Obtain Capabilities,attack-pattern--ce0687a0-e692-4b77-964a-0784a8e54ff1,False,DET0850,Detection of Obtain Capabilities,x-mitre-detection-strategy--4e940cf7-b024-40d4-8b1f-f516588b08fa,relationship--ff6ff6a3-7bdf-449c-ac49-04e76dc389c5,
DC0104,Response Content,x-mitre-data-component--0dcbbf4f-929c-489a-b66b-9b820d3f7f0e,T1588.004,Digital Certificates,attack-pattern--19401639-28d0-4c3c-adcc-bc2ba22f6421,True,DET0848,Detection of Digital Certificates,x-mitre-detection-strategy--4cadb231-5487-4135-834b-d0db75a93a45,relationship--f0c033e2-a521-4aa6-81a1-2b9f5095d406,
DC0104,Response Content,x-mitre-data-component--0dcbbf4f-929c-489a-b66b-9b820d3f7f0e,T1592,Gather Victim Host Information,attack-pattern--09312b1a-c3c6-4b45-9844-3ccc78e5d82f,False,DET0826,Detection of Gather Victim Host Information,x-mitre-detection-strategy--b172a0fa-e429-4e6e-89b4-54dcfcefa893,relationship--01dfec4e-1980-4346-8619-c6553727d83d,
DC0104,Response Content,x-mitre-data-component--0dcbbf4f-929c-489a-b66b-9b820d3f7f0e,T1592.001,Hardware,attack-pattern--24286c33-d4a4-4419-85c2-1d094a896c26,True,DET0887,Detection of Hardware,x-mitre-detection-strategy--d6c882c8-0f01-4027-b988-b979d60e0030,relationship--45d2cb30-b72b-4810-8e98-c2575abf7895,
DC0104,Response Content,x-mitre-data-component--0dcbbf4f-929c-489a-b66b-9b820d3f7f0e,T1592.002,Software,attack-pattern--baf60e1a-afe5-4d31-830f-1b1ba2351884,True,DET0888,Detection of Software,x-mitre-detection-strategy--967d05e3-0d40-40d9-a94e-f32e17397404,relationship--19a8045b-d713-49b2-9b47-ce5805a3ebd9,
DC0104,Response Content,x-mitre-data-component--0dcbbf4f-929c-489a-b66b-9b820d3f7f0e,T1592.004,Client Configurations,attack-pattern--774ad5bb-2366-4c13-a8a9-65e50b292e7c,True,DET0820,Detection of Client Configurations,x-mitre-detection-strategy--87cb2c80-54e1-4ea1-abd7-81a096eb155e,relationship--e346361d-dc1a-49f6-bebe-c475ab8b3af3,
DC0104,Response Content,x-mitre-data-component--0dcbbf4f-929c-489a-b66b-9b820d3f7f0e,T1608,Stage Capabilities,attack-pattern--84771bc3-f6a0-403e-b144-01af70e5fda0,False,DET0839,Detection of Stage Capabilities,x-mitre-detection-strategy--5a1ada5b-5729-45d5-8b3d-f6fa7d2a3352,relationship--d5cb2afa-69f8-4705-9a19-5b1add24494a,
DC0104,Response Content,x-mitre-data-component--0dcbbf4f-929c-489a-b66b-9b820d3f7f0e,T1608.001,Upload Malware,attack-pattern--3ee16395-03f0-4690-a32e-69ce9ada0f9e,True,DET0824,Detection of Upload Malware,x-mitre-detection-strategy--faa650c9-a469-45f1-870a-6acc448df9eb,relationship--f14c37a9-7d4c-43db-b9f6-ef6b4d8b410f,
DC0104,Response Content,x-mitre-data-component--0dcbbf4f-929c-489a-b66b-9b820d3f7f0e,T1608.002,Upload Tool,attack-pattern--506f6f49-7045-4156-9007-7474cb44ad6d,True,DET0834,Detection of Upload Tool,x-mitre-detection-strategy--80d1271b-a18a-469a-a60a-81d8f468b0e6,relationship--c84d14c7-448c-4eae-afa5-58ff22ab31f0,
DC0104,Response Content,x-mitre-data-component--0dcbbf4f-929c-489a-b66b-9b820d3f7f0e,T1608.003,Install Digital Certificate,attack-pattern--c071d8c1-3b3a-4f22-9407-ca4e96921069,True,DET0840,Detection of Install Digital Certificate,x-mitre-detection-strategy--ad99833c-d2de-45be-a20b-9cbb6d797a35,relationship--2ca3b573-eacb-43c9-b054-7582e6c20828,
DC0104,Response Content,x-mitre-data-component--0dcbbf4f-929c-489a-b66b-9b820d3f7f0e,T1608.004,Drive-by Target,attack-pattern--31fe0ba2-62fd-4fd9-9293-4043d84f7fe9,True,DET0825,Detection of Drive-by Target,x-mitre-detection-strategy--3e6efcf8-8308-4832-b247-ce08703c7ed9,relationship--d53e5ed1-9be1-4d8e-ae05-4c110eb69d41,
DC0104,Response Content,x-mitre-data-component--0dcbbf4f-929c-489a-b66b-9b820d3f7f0e,T1608.005,Link Target,attack-pattern--84ae8255-b4f4-4237-b5c5-e717405a9701,True,DET0893,Detection of Link Target,x-mitre-detection-strategy--020447ec-f030-4b95-a187-255177b69d9f,relationship--570ee02a-4a00-4f30-bfc7-ff6a6339e555,
DC0104,Response Content,x-mitre-data-component--0dcbbf4f-929c-489a-b66b-9b820d3f7f0e,T1608.006,SEO Poisoning,attack-pattern--e5d550f3-2202-4634-85f2-4a200a1d49b3,True,DET0881,Detection of SEO Poisoning,x-mitre-detection-strategy--3d06c5c3-ace1-4eff-98cd-2ddc95474f66,relationship--1b09bc84-82a8-4bad-bfe8-d714bbe0fd43,
DC0104,Response Content,x-mitre-data-component--0dcbbf4f-929c-489a-b66b-9b820d3f7f0e,T1665,Hide Infrastructure,attack-pattern--eb897572-8979-4242-a089-56f294f4c91d,False,DET0411,Detection Strategy for Hide Infrastructure,x-mitre-detection-strategy--ba2efedb-2670-4072-b56f-8f12daa31923,relationship--eccb3880-3ab0-4332-b19a-c9b5c180e39c,
DC0105,Group Metadata,x-mitre-data-component--8d8c7cac-94cf-4726-8989-cab33851168c,T1069.003,Cloud Groups,attack-pattern--16e94db9-b5b1-4cd0-b851-f38fbd0a70f2,True,DET0251,Behavioral Detection of Cloud Group Enumeration via API and CLI Access,x-mitre-detection-strategy--55e10a13-d18d-4ce5-a773-c4ec6bd68d52,relationship--337e531c-09c4-46f9-82f8-c2d13b134ac0,
DC0106,Response Metadata,x-mitre-data-component--1067aa74-5796-4d9b-b4f1-a4c9eb6fd9da,T1583,Acquire Infrastructure,attack-pattern--0458aab9-ad42-4eac-9e22-706a95bafee2,False,DET0895,Detection of Acquire Infrastructure,x-mitre-detection-strategy--56752265-8647-4ce2-bc6c-c38c2e14685c,relationship--c1778ef8-2a1d-43e7-bb1b-ad41aea30167,
DC0106,Response Metadata,x-mitre-data-component--1067aa74-5796-4d9b-b4f1-a4c9eb6fd9da,T1583.003,Virtual Private Server,attack-pattern--79da0971-3147-4af6-a4f5-e8cd447cd795,True,DET0838,Detection of Virtual Private Server,x-mitre-detection-strategy--6e53a352-9654-41fe-bf43-50e6b23a4ac1,relationship--ed1bc980-2a74-4682-a3c1-cef8549f0c54,
DC0106,Response Metadata,x-mitre-data-component--1067aa74-5796-4d9b-b4f1-a4c9eb6fd9da,T1583.004,Server,attack-pattern--60c4b628-4807-4b0b-bbf5-fdac8643c337,True,DET0871,Detection of Server,x-mitre-detection-strategy--c377533f-702a-4e82-a254-9855b9362c22,relationship--2876cadb-fcbd-403d-b152-e4806fc80c1c,
DC0106,Response Metadata,x-mitre-data-component--1067aa74-5796-4d9b-b4f1-a4c9eb6fd9da,T1584,Compromise Infrastructure,attack-pattern--7e3beebd-8bfe-4e7b-a892-e44ab06a75f9,False,DET0885,Detection of Compromise Infrastructure,x-mitre-detection-strategy--7f3e2c35-7394-4cc6-baef-73a830930953,relationship--8d89d562-7ca0-4ba7-9ccc-dddbb7de1866,
DC0106,Response Metadata,x-mitre-data-component--1067aa74-5796-4d9b-b4f1-a4c9eb6fd9da,T1584.003,Virtual Private Server,attack-pattern--39cc9f64-cf74-4a48-a4d8-fe98c54a02e0,True,DET0854,Detection of Virtual Private Server,x-mitre-detection-strategy--cfcbb930-2395-4f7a-b95c-6b2736679c81,relationship--33c68dad-5864-49ef-a5d7-c0fe0f4d656f,
DC0106,Response Metadata,x-mitre-data-component--1067aa74-5796-4d9b-b4f1-a4c9eb6fd9da,T1584.004,Server,attack-pattern--e196b5c5-8118-4a1c-ab8a-936586ce3db5,True,DET0874,Detection of Server,x-mitre-detection-strategy--6bf8b26d-aa2d-4a8f-a1e4-c9cc4aef318d,relationship--01da542d-e185-4495-b40b-fc9b4068a834,
DC0106,Response Metadata,x-mitre-data-component--1067aa74-5796-4d9b-b4f1-a4c9eb6fd9da,T1665,Hide Infrastructure,attack-pattern--eb897572-8979-4242-a089-56f294f4c91d,False,DET0411,Detection Strategy for Hide Infrastructure,x-mitre-detection-strategy--ba2efedb-2670-4072-b56f-8f12daa31923,relationship--eccb3880-3ab0-4332-b19a-c9b5c180e39c,
